# CallShield spam numbers, database version 49 (updated 2026-09-26)
# One E.164 number per line. spam_numbers.txt.sig signs this file; data/README.md says how to check it.
# Numbers come from US FCC and FTC complaint data and CallShield community reports.
# Licence: MIT, with each source's terms in data/source-manifest.json.
+12002662278
+12012000014
+12012000067
+12012000084
+12012000307
+12012000380
+12012000543
+12012000547
+12012014155
+12012014476
+12012031545
+12012035716
+12012035956
+12012036407
+12012040066
+12012040608
+12012040628
+12012040686
+12012041146
+12012041224
+12012041322
+12012041577
+12012041850
+12012042982
+12012043116
+12012044226
+12012044683
+12012044747
+12012045021
+12012045141
+12012045147
+12012045224
+12012045239
+12012045263
+12012045271
+12012045277
+12012045282
+12012045292
+12012045437
+12012045665
+12012045808
+12012045848
+12012051083
+12012051088
+12012052015
+12012052067
+12012052098
+12012052235
+12012052356
+12012052713
+12012052774
+12012052843
+12012053032
+12012053575
+12012054319
+12012054967
+12012055513
+12012056263
+12012056392
+12012059335
+12012105099
+12012126315
+12012150070
+12012150104
+12012150208
+12012151004
+12012151010
+12012151016
+12012151019
+12012151088
+12012151099
+12012151121
+12012151274
+12012151275
+12012151288
+12012151330
+12012151356
+12012151404
+12012151471
+12012151484
+12012151494
+12012151515
+12012151518
+12012151525
+12012151621
+12012151635
+12012151712
+12012151722
+12012151746
+12012151790
+12012151807
+12012151819
+12012151830
+12012151836
+12012151842
+12012151848
+12012151853
+12012151868
+12012151873
+12012151925
+12012151997
+12012152053
+12012152072
+12012152121
+12012152124
+12012152136
+12012152201
+12012152479
+12012153985
+12012155265
+12012155292
+12012155305
+12012155322
+12012155329
+12012155333
+12012155343
+12012155354
+12012155464
+12012155607
+12012155666
+12012155686
+12012155715
+12012155729
+12012155746
+12012155749
+12012155804
+12012155819
+12012155872
+12012155881
+12012155888
+12012155890
+12012155908
+12012155936
+12012155948
+12012155958
+12012155965
+12012156003
+12012156113
+12012156114
+12012156125
+12012156178
+12012156179
+12012156191
+12012156225
+12012156362
+12012156384
+12012156434
+12012156477
+12012159143
+12012159149
+12012159163
+12012213300
+12012214744
+12012258495
+12012269764
+12012279431
+12012284901
+12012289895
+12012302420
+12012311998
+12012324556
+12012347986
+12012356971
+12012412192
+12012412289
+12012412414
+12012412470
+12012413364
+12012413636
+12012414886
+12012433371
+12012434141
+12012434381
+12012454141
+12012495405
+12012495411
+12012496811
+12012524418
+12012526546
+12012542898
+12012543295
+12012545646
+12012548826
+12012574938
+12012586698
+12012599223
+12012673064
+12012673812
+12012739535
+12012825090
+12012839565
+12012839566
+12012839567
+12012839610
+12012839832
+12012839833
+12012850127
+12012851811
+12012851820
+12012851826
+12012851831
+12012851836
+12012851838
+12012851839
+12012851841
+12012858030
+12012858072
+12012858120
+12012858509
+12012858533
+12012884584
+12012924632
+12012925310
+12012928384
+12012929028
+12012929030
+12012929110
+12012929148
+12012975449
+12012975455
+12012975830
+12012982556
+12012986977
+12012994314
+12012994315
+12012996648
+12013086611
+12013120268
+12013126768
+12013126839
+12013126893
+12013163376
+12013267369
+12013311439
+12013350992
+12013352726
+12013356270
+12013400308
+12013411244
+12013412244
+12013454874
+12013455886
+12013502428
+12013503263
+12013505282
+12013505741
+12013510068
+12013517058
+12013517742
+12013517745
+12013517748
+12013541334
+12013541385
+12013541618
+12013544063
+12013545215
+12013550432
+12013553551
+12013719920
+12013738326
+12013738358
+12013742241
+12013747684
+12013748004
+12013770375
+12013770423
+12013770555
+12013774144
+12013779643
+12013804782
+12013806005
+12013827291
+12013832768
+12013843140
+12013897001
+12013950138
+12013994427
+12014022803
+12014022805
+12014026150
+12014087062
+12014105238
+12014149681
+12014160198
+12014163308
+12014193125
+12014196019
+12014196537
+12014196547
+12014207110
+12014236469
+12014271281
+12014271969
+12014279851
+12014298602
+12014311516
+12014317492
+12014470073
+12014489347
+12014489370
+12014509009
+12014517111
+12014524404
+12014543111
+12014556782
+12014557938
+12014558908
+12014587304
+12014623980
+12014640713
+12014669590
+12014688576
+12014688823
+12014706795
+12014747851
+12014761812
+12014770324
+12014771842
+12014788155
+12014794087
+12014795940
+12014799003
+12014845246
+12014906060
+12014929137
+12014929177
+12014929181
+12014997002
+12015011683
+12015012758
+12015026175
+12015032372
+12015037019
+12015095020
+12015095021
+12015155200
+12015354777
+12015354989
+12015374076
+12015380131
+12015469975
+12015481732
+12015525545
+12015598826
+12015598909
+12015649550
+12015656566
+12015768256
+12015787405
+12015820459
+12015823575
+12015834714
+12015834716
+12015841049
+12015843516
+12015883343
+12015901593
+12015901595
+12015901596
+12015904225
+12015946524
+12015946526
+12015946543
+12016032805
+12016032814
+12016033960
+12016033962
+12016041772
+12016044169
+12016044174
+12016056234
+12016056840
+12016057552
+12016057987
+12016098090
+12016139763
+12016167230
+12016202831
+12016203961
+12016206929
+12016251970
+12016251974
+12016263579
+12016274750
+12016274875
+12016278613
+12016308137
+12016308461
+12016342167
+12016368493
+12016368497
+12016393690
+12016437685
+12016451235
+12016453604
+12016454190
+12016457619
+12016540259
+12016543967
+12016544668
+12016546207
+12016693564
+12016800639
+12016807344
+12016850570
+12016858585
+12016883175
+12016883824
+12016887141
+12017011906
+12017028113
+12017028593
+12017107213
+12017107244
+12017107250
+12017130096
+12017130408
+12017144400
+12017145488
+12017160884
+12017191115
+12017197707
+12017200244
+12017200801
+12017200811
+12017309067
+12017338052
+12017358236
+12017437418
+12017491514
+12017537541
+12017541394
+12017621100
+12017621222
+12017621399
+12017628851
+12017684886
+12017718380
+12017759079
+12017779757
+12017780169
+12017780549
+12017782007
+12017837129
+12017868902
+12017916574
+12017932324
+12017935561
+12018065695
+12018122090
+12018145820
+12018200770
+12018212910
+12018229135
+12018293078
+12018301633
+12018340652
+12018340672
+12018392927
+12018446399
+12018449372
+12018449530
+12018456009
+12018570400
+12018579080
+12018579293
+12018609188
+12018643109
+12018647890
+12018824393
+12018824794
+12018841320
+12018854932
+12018973770
+12018982427
+12019052328
+12019071327
+12019071522
+12019183757
+12019205589
+12019320263
+12019320875
+12019321788
+12019421980
+12019424396
+12019450851
+12019481013
+12019481016
+12019481018
+12019481061
+12019481081
+12019481102
+12019481178
+12019481224
+12019481226
+12019566970
+12019577807
+12019759500
+12019773205
+12019793879
+12019844094
+12019858885
+12019918699
+12022011111
+12022014758
+12022020321
+12022022002
+12022022222
+12022027972
+12022029110
+12022031232
+12022040479
+12022049705
+12022082414
+12022135167
+12022138555
+12022147124
+12022152334
+12022156209
+12022171902
+12022212213
+12022213216
+12022213772
+12022216019
+12022217221
+12022217923
+12022221541
+12022222007
+12022222222
+12022223322
+12022230101
+12022233212
+12022239170
+12022240911
+12022242447
+12022244343
+12022252635
+12022254261
+12022255322
+12022255511
+12022256511
+12022256576
+12022256601
+12022260346
+12022307502
+12022352097
+12022361209
+12022390003
+12022390306
+12022390313
+12022390365
+12022390829
+12022391251
+12022391258
+12022391270
+12022391469
+12022391589
+12022391646
+12022391679
+12022391691
+12022391851
+12022391928
+12022392008
+12022392139
+12022392271
+12022392381
+12022392456
+12022392566
+12022392673
+12022392747
+12022392835
+12022395049
+12022395702
+12022395998
+12022396063
+12022396307
+12022396549
+12022396803
+12022397374
+12022397403
+12022397449
+12022398601
+12022398615
+12022398804
+12022398938
+12022410000
+12022410229
+12022410267
+12022410447
+12022410465
+12022410479
+12022410497
+12022410585
+12022410901
+12022410905
+12022411016
+12022411226
+12022411424
+12022411551
+12022411694
+12022411970
+12022412157
+12022412174
+12022413470
+12022413505
+12022413512
+12022413581
+12022413596
+12022414708
+12022414732
+12022415686
+12022415877
+12022417512
+12022419750
+12022425257
+12022430000
+12022450000
+12022461001
+12022471239
+12022489541
+12022497466
+12022497773
+12022503476
+12022509847
+12022510648
+12022559662
+12022582911
+12022620000
+12022624116
+12022628805
+12022715537
+12022754800
+12022766918
+12022801773
+12022802399
+12022802545
+12022862018
+12022889254
+12022891950
+12022902317
+12022947795
+12022976946
+12022997716
+12023010389
+12023012824
+12023014368
+12023014617
+12023024617
+12023048140
+12023083331
+12023112565
+12023162073
+12023181713
+12023184616
+12023192173
+12023206688
+12023222358
+12023225388
+12023227569
+12023243000
+12023258000
+12023305043
+12023305324
+12023332221
+12023346100
+12023350795
+12023354602
+12023363529
+12023371956
+12023416508
+12023451935
+12023456141
+12023466500
+12023500214
+12023500359
+12023501867
+12023502051
+12023502232
+12023502492
+12023502664
+12023502706
+12023502713
+12023509181
+12023509209
+12023523698
+12023524561
+12023525195
+12023527734
+12023551566
+12023556717
+12023556718
+12023564828
+12023566853
+12023604612
+12023606713
+12023610435
+12023613146
+12023616967
+12023654596
+12023655658
+12023677507
+12023679142
+12023679716
+12023679779
+12023685304
+12023706450
+12023706626
+12023706696
+12023706713
+12023706941
+12023748119
+12023754592
+12023754789
+12023759375
+12023784568
+12023787654
+12023809741
+12023810154
+12023810406
+12023811578
+12023812601
+12023812625
+12023812670
+12023812728
+12023812823
+12023819446
+12023819605
+12023860453
+12023860645
+12023860907
+12023861732
+12023866255
+12023866256
+12023866287
+12023866297
+12023866379
+12023866492
+12023866705
+12023866745
+12023866783
+12023882025
+12023900497
+12023906514
+12023908534
+12023941531
+12023943519
+12023943827
+12023946108
+12023946284
+12024000202
+12024003795
+12024005606
+12024065162
+12024076760
+12024079120
+12024079159
+12024079185
+12024079577
+12024079732
+12024079787
+12024079795
+12024079848
+12024101377
+12024102658
+12024107000
+12024135117
+12024138165
+12024138901
+12024139015
+12024154351
+12024154507
+12024155110
+12024178568
+12024219253
+12024306717
+12024314853
+12024366872
+12024369007
+12024369027
+12024369098
+12024369603
+12024369704
+12024369769
+12024369791
+12024369793
+12024369798
+12024369808
+12024369828
+12024444444
+12024446131
+12024456000
+12024466041
+12024466927
+12024467202
+12024467567
+12024482916
+12024482979
+12024485199
+12024488928
+12024488934
+12024491853
+12024523000
+12024555887
+12024555946
+12024556960
+12024556961
+12024556975
+12024556990
+12024556998
+12024558908
+12024560000
+12024561111
+12024590942
+12024591993
+12024594564
+12024594681
+12024594686
+12024594691
+12024613468
+12024621543
+12024642570
+12024653723
+12024654770
+12024654872
+12024678144
+12024685896
+12024691967
+12024700081
+12024700159
+12024700729
+12024700761
+12024700819
+12024700933
+12024700945
+12024700986
+12024701106
+12024702408
+12024702441
+12024702524
+12024702578
+12024702627
+12024702639
+12024702879
+12024702884
+12024703264
+12024703304
+12024703314
+12024703522
+12024703929
+12024704166
+12024706049
+12024706682
+12024706749
+12024706860
+12024746634
+12024754896
+12024760697
+12024787742
+12024787832
+12024797000
+12024802524
+12024886618
+12024923928
+12024928816
+12024940741
+12024952266
+12024952385
+12024955868
+12024958385
+12024991448
+12024991853
+12024992861
+12024993650
+12024995243
+12024995665
+12024996335
+12024997443
+12024999768
+12025032010
+12025034978
+12025051032
+12025055525
+12025056854
+12025058653
+12025058946
+12025065489
+12025068322
+12025068547
+12025069233
+12025069767
+12025069892
+12025095449
+12025108899
+12025112457
+12025142000
+12025161010
+12025171657
+12025171666
+12025172391
+12025173073
+12025173637
+12025176104
+12025195336
+12025196601
+12025219704
+12025241002
+12025243060
+12025243853
+12025243897
+12025243915
+12025245373
+12025245413
+12025316480
+12025343825
+12025343978
+12025362598
+12025364755
+12025364799
+12025382202
+12025391401
+12025391412
+12025391418
+12025391419
+12025391538
+12025391540
+12025391543
+12025392532
+12025396694
+12025397815
+12025399268
+12025400437
+12025405121
+12025432690
+12025444565
+12025453755
+12025453882
+12025454545
+12025456321
+12025456410
+12025456493
+12025456501
+12025465878
+12025465898
+12025478574
+12025487920
+12025492132
+12025495476
+12025498604
+12025521065
+12025521539
+12025523793
+12025524670
+12025525193
+12025525198
+12025526651
+12025526668
+12025562254
+12025562277
+12025582120
+12025582295
+12025582298
+12025582308
+12025582351
+12025582387
+12025582394
+12025582537
+12025582562
+12025582598
+12025583142
+12025583143
+12025584964
+12025585310
+12025585318
+12025585370
+12025585374
+12025585378
+12025585489
+12025585522
+12025585660
+12025585680
+12025586088
+12025586601
+12025586613
+12025586614
+12025586680
+12025586682
+12025586685
+12025587032
+12025587035
+12025587468
+12025590661
+12025594669
+12025596029
+12025596414
+12025596448
+12025596463
+12025596494
+12025596502
+12025596602
+12025596606
+12025597564
+12025597583
+12025597695
+12025597872
+12025598098
+12025630576
+12025635418
+12025649823
+12025656000
+12025677241
+12025682274
+12025687490
+12025688983
+12025693455
+12025695674
+12025715919
+12025716030
+12025716661
+12025716742
+12025717468
+12025717482
+12025718856
+12025718864
+12025721460
+12025739991
+12025808271
+12025808307
+12025808379
+12025808426
+12025808451
+12025808632
+12025808652
+12025808685
+12025816525
+12025862000
+12025907188
+12025911615
+12025911620
+12025948517
+12025948707
+12025949079
+12025959381
+12025959434
+12025966412
+12025991314
+12025993336
+12025994445
+12025998337
+12025998715
+12025998791
+12025998812
+12025999660
+12026001336
+12026002511
+12026004254
+12026004268
+12026008086
+12026008704
+12026010482
+12026010708
+12026013230
+12026019212
+12026020047
+12026020048
+12026020405
+12026020417
+12026020577
+12026020768
+12026021426
+12026028792
+12026029801
+12026070577
+12026072564
+12026072935
+12026072944
+12026076710
+12026090717
+12026096400
+12026097783
+12026099609
+12026145871
+12026178053
+12026178451
+12026181489
+12026182745
+12026183392
+12026185640
+12026186970
+12026188285
+12026189050
+12026210020
+12026210140
+12026210350
+12026210546
+12026210930
+12026212423
+12026212507
+12026222000
+12026223000
+12026225000
+12026290259
+12026290378
+12026299024
+12026299308
+12026299309
+12026299364
+12026299620
+12026299924
+12026299986
+12026303467
+12026303921
+12026307390
+12026308943
+12026309461
+12026317522
+12026342315
+12026345442
+12026386117
+12026396258
+12026400414
+12026401876
+12026401948
+12026403413
+12026406184
+12026430373
+12026430883
+12026430916
+12026432901
+12026432936
+12026432958
+12026433182
+12026433394
+12026435085
+12026435742
+12026436078
+12026437521
+12026440969
+12026448580
+12026448972
+12026461379
+12026490253
+12026506149
+12026508155
+12026536985
+12026554991
+12026559865
+12026562633
+12026569775
+12026570316
+12026574053
+12026574067
+12026574141
+12026574167
+12026574313
+12026574418
+12026574430
+12026574462
+12026574710
+12026574759
+12026574773
+12026574853
+12026575121
+12026575194
+12026575195
+12026575198
+12026575406
+12026575416
+12026575421
+12026575633
+12026575694
+12026575784
+12026575797
+12026575811
+12026575868
+12026576058
+12026576093
+12026576381
+12026576388
+12026576438
+12026576497
+12026576504
+12026576583
+12026576837
+12026576869
+12026576941
+12026584897
+12026584987
+12026587468
+12026587575
+12026600104
+12026601468
+12026601505
+12026601710
+12026604529
+12026623000
+12026648621
+12026648751
+12026661173
+12026661733
+12026662087
+12026662559
+12026662711
+12026662974
+12026663221
+12026663522
+12026663772
+12026663850
+12026664841
+12026665043
+12026666999
+12026667410
+12026667619
+12026667740
+12026669920
+12026701531
+12026770170
+12026775353
+12026777667
+12026779630
+12026815948
+12026821510
+12026830319
+12026834013
+12026834146
+12026834151
+12026834171
+12026834213
+12026834245
+12026834280
+12026836491
+12026837087
+12026837463
+12026837779
+12026839419
+12026839837
+12026843197
+12026843199
+12026843436
+12026843440
+12026843479
+12026843482
+12026843502
+12026846433
+12026846436
+12026846460
+12026846525
+12026846530
+12026846544
+12026846599
+12026846662
+12026846724
+12026846798
+12026846848
+12026846911
+12026846967
+12026847414
+12026847703
+12026869742
+12026882962
+12026883005
+12026951058
+12026974473
+12026977928
+12026979066
+12026979086
+12026979105
+12026979143
+12026979145
+12026979174
+12026979197
+12026979235
+12026979336
+12026979341
+12026979576
+12026979608
+12026979755
+12026979892
+12026979915
+12026979926
+12026979946
+12026980577
+12026980800
+12026980869
+12026989420
+12026989955
+12027004545
+12027005858
+12027009922
+12027041369
+12027049710
+12027065642
+12027099972
+12027151663
+12027153889
+12027155552
+12027156657
+12027179013
+12027179017
+12027179060
+12027179079
+12027179081
+12027179082
+12027179083
+12027179085
+12027179086
+12027179087
+12027179089
+12027179091
+12027179094
+12027179095
+12027179097
+12027179171
+12027195535
+12027196482
+12027222220
+12027259365
+12027272540
+12027279099
+12027280533
+12027299939
+12027309967
+12027336917
+12027336948
+12027345871
+12027346164
+12027346204
+12027347732
+12027353579
+12027353879
+12027381071
+12027381074
+12027381322
+12027381482
+12027381509
+12027381557
+12027381602
+12027381757
+12027381854
+12027381919
+12027381947
+12027384062
+12027384070
+12027384101
+12027384405
+12027384429
+12027384442
+12027384446
+12027384452
+12027384550
+12027384653
+12027384669
+12027384670
+12027384892
+12027385594
+12027385615
+12027385646
+12027408907
+12027414061
+12027424014
+12027435494
+12027436979
+12027470946
+12027470948
+12027472146
+12027475369
+12027476231
+12027476244
+12027500693
+12027500949
+12027501081
+12027503439
+12027503816
+12027509317
+12027510752
+12027511163
+12027512162
+12027512197
+12027512204
+12027512337
+12027512471
+12027512525
+12027512539
+12027512541
+12027530623
+12027530633
+12027536330
+12027539539
+12027540000
+12027546598
+12027548005
+12027548119
+12027548171
+12027548175
+12027548179
+12027548180
+12027548183
+12027548190
+12027548193
+12027548199
+12027548203
+12027548210
+12027548219
+12027548221
+12027548232
+12027548245
+12027548251
+12027548253
+12027548298
+12027548307
+12027548321
+12027548342
+12027548350
+12027548360
+12027548368
+12027548391
+12027548404
+12027548406
+12027548409
+12027548410
+12027548416
+12027548420
+12027548431
+12027548440
+12027548446
+12027548457
+12027548491
+12027548536
+12027548541
+12027548735
+12027548781
+12027548801
+12027549239
+12027549727
+12027549731
+12027549732
+12027549744
+12027549751
+12027549866
+12027549867
+12027549870
+12027549902
+12027549913
+12027549949
+12027563645
+12027563647
+12027569754
+12027569758
+12027582127
+12027591111
+12027591122
+12027594948
+12027596751
+12027596791
+12027599926
+12027599992
+12027602489
+12027631778
+12027650342
+12027650391
+12027650853
+12027651144
+12027652885
+12027656765
+12027663301
+12027666099
+12027666156
+12027666243
+12027666271
+12027666453
+12027666704
+12027669906
+12027687233
+12027687680
+12027690589
+12027691083
+12027692649
+12027695153
+12027695271
+12027695274
+12027695278
+12027695361
+12027701308
+12027702226
+12027702262
+12027702263
+12027702269
+12027702298
+12027702354
+12027702381
+12027702406
+12027702429
+12027702459
+12027702464
+12027702478
+12027702489
+12027703394
+12027703759
+12027703939
+12027704696
+12027704834
+12027704881
+12027711115
+12027711121
+12027711127
+12027711130
+12027711131
+12027711146
+12027711153
+12027711154
+12027711156
+12027711160
+12027711163
+12027711164
+12027711165
+12027711166
+12027711169
+12027711170
+12027711171
+12027711172
+12027711173
+12027711174
+12027711178
+12027711180
+12027711182
+12027711184
+12027711187
+12027711191
+12027711194
+12027711198
+12027711199
+12027711200
+12027711862
+12027711863
+12027711864
+12027711866
+12027711870
+12027711871
+12027711873
+12027711877
+12027711880
+12027711886
+12027711887
+12027711888
+12027712753
+12027712757
+12027712759
+12027712763
+12027712767
+12027712775
+12027712809
+12027712813
+12027712815
+12027712819
+12027712828
+12027712835
+12027712846
+12027712855
+12027712857
+12027712859
+12027713512
+12027713520
+12027713521
+12027713536
+12027713537
+12027713539
+12027713541
+12027713542
+12027713544
+12027713546
+12027713548
+12027715553
+12027719145
+12027719168
+12027720019
+12027720021
+12027732265
+12027737352
+12027738857
+12027749508
+12027749940
+12027794631
+12027794885
+12027794987
+12027795011
+12027804187
+12027805105
+12027805479
+12027809453
+12027842211
+12027861010
+12027873912
+12027885080
+12027885488
+12027887046
+12027887051
+12027887103
+12027887108
+12027887110
+12027899870
+12027904390
+12027904678
+12027904709
+12027920001
+12027920003
+12027920446
+12027924073
+12027924131
+12027926607
+12027928900
+12027932080
+12027932300
+12027938698
+12027945999
+12027946125
+12027946196
+12027946240
+12027946600
+12027946635
+12027947670
+12027951639
+12027951685
+12027951779
+12027951784
+12027951893
+12027952223
+12027952235
+12027952866
+12027953070
+12027953690
+12027955296
+12027960144
+12027961375
+12027961781
+12027962126
+12027962577
+12027965977
+12027968850
+12027969050
+12027969385
+12027969394
+12027969967
+12027980631
+12027981510
+12027981908
+12027982718
+12027983016
+12027983209
+12027983263
+12027983383
+12027983645
+12027985540
+12027985880
+12027986064
+12027986940
+12027986970
+12027987300
+12027987460
+12027988058
+12027988482
+12027988524
+12028000037
+12028002451
+12028005527
+12028005533
+12028005543
+12028005569
+12028005582
+12028005591
+12028005604
+12028005607
+12028005617
+12028005631
+12028005635
+12028005644
+12028005679
+12028005683
+12028007732
+12028007819
+12028008152
+12028008381
+12028008688
+12028009009
+12028009098
+12028009099
+12028009674
+12028009763
+12028009996
+12028013564
+12028027336
+12028033930
+12028034318
+12028034319
+12028034324
+12028034379
+12028034382
+12028034388
+12028034931
+12028034951
+12028034952
+12028034955
+12028035834
+12028038928
+12028038930
+12028039000
+12028042580
+12028071005
+12028099225
+12028099232
+12028102856
+12028104235
+12028109096
+12028109129
+12028109578
+12028130329
+12028131600
+12028139371
+12028156391
+12028170828
+12028172476
+12028172942
+12028174452
+12028174524
+12028175849
+12028177546
+12028178205
+12028183298
+12028199499
+12028201272
+12028214239
+12028214741
+12028214753
+12028276031
+12028276702
+12028300030
+12028300427
+12028300571
+12028301797
+12028311034
+12028311038
+12028311040
+12028311044
+12028312104
+12028337500
+12028367696
+12028368008
+12028368776
+12028369184
+12028369537
+12028369542
+12028369574
+12028369683
+12028369725
+12028369755
+12028369781
+12028369784
+12028369852
+12028369863
+12028369868
+12028369875
+12028369877
+12028369878
+12028369984
+12028369985
+12028382260
+12028383008
+12028385293
+12028386191
+12028395021
+12028406001
+12028406515
+12028406551
+12028406867
+12028439379
+12028440435
+12028441617
+12028441660
+12028441684
+12028445337
+12028457530
+12028460116
+12028460137
+12028460321
+12028460368
+12028460411
+12028460499
+12028466392
+12028468008
+12028468036
+12028469050
+12028469195
+12028469196
+12028469561
+12028472728
+12028481432
+12028481433
+12028497054
+12028510020
+12028510258
+12028510561
+12028516844
+12028516862
+12028522345
+12028528511
+12028540547
+12028548394
+12028566998
+12028575695
+12028575697
+12028578945
+12028579860
+12028601701
+12028602460
+12028602462
+12028602464
+12028602465
+12028602484
+12028602503
+12028602564
+12028602630
+12028603275
+12028603406
+12028610737
+12028638500
+12028640106
+12028640110
+12028640115
+12028640119
+12028640121
+12028640122
+12028640125
+12028640135
+12028640141
+12028640146
+12028640147
+12028640148
+12028640149
+12028640151
+12028640154
+12028640155
+12028640158
+12028640163
+12028640164
+12028640214
+12028640243
+12028640244
+12028640282
+12028640897
+12028641029
+12028641102
+12028641117
+12028641122
+12028641172
+12028641183
+12028641214
+12028641229
+12028641234
+12028641279
+12028641311
+12028641317
+12028641369
+12028641375
+12028641376
+12028641640
+12028641641
+12028641648
+12028641661
+12028641672
+12028641673
+12028641724
+12028641791
+12028641793
+12028641834
+12028641845
+12028641882
+12028642214
+12028642366
+12028642505
+12028642977
+12028660501
+12028660509
+12028660715
+12028660718
+12028664742
+12028667291
+12028667734
+12028669146
+12028669157
+12028669496
+12028685742
+12028688798
+12028692200
+12028698136
+12028705133
+12028705858
+12028705891
+12028705896
+12028705965
+12028711791
+12028718058
+12028722000
+12028732405
+12028732578
+12028737086
+12028782564
+12028793355
+12028851135
+12028859874
+12028880156
+12028882781
+12028882943
+12028883102
+12028883197
+12028884226
+12028885246
+12028888765
+12028921144
+12028925248
+12028947272
+12028964929
+12028974716
+12028980542
+12028991315
+12028993797
+12028997005
+12028999010
+12028999012
+12028999014
+12028999016
+12028999017
+12028999037
+12028999051
+12028999066
+12028999077
+12028999155
+12028999903
+12029001770
+12029001783
+12029001994
+12029002814
+12029004646
+12029006409
+12029008741
+12029027824
+12029028764
+12029042866
+12029050420
+12029081291
+12029083879
+12029083891
+12029091242
+12029091245
+12029091247
+12029091707
+12029091708
+12029092437
+12029140235
+12029140914
+12029142020
+12029142200
+12029145763
+12029150840
+12029150853
+12029150988
+12029158437
+12029181158
+12029181217
+12029181699
+12029181840
+12029183546
+12029184701
+12029184707
+12029184778
+12029199261
+12029207313
+12029211491
+12029211746
+12029216470
+12029220147
+12029232589
+12029239687
+12029258101
+12029258215
+12029258245
+12029262853
+12029263280
+12029293723
+12029305560
+12029305562
+12029310511
+12029314918
+12029316507
+12029320048
+12029325101
+12029326845
+12029357557
+12029359581
+12029380800
+12029385076
+12029427256
+12029454805
+12029496393
+12029496594
+12029511148
+12029512208
+12029512228
+12029512772
+12029513222
+12029517752
+12029537378
+12029579898
+12029604784
+12029604788
+12029633561
+12029634005
+12029636310
+12029647083
+12029649535
+12029649536
+12029671820
+12029671834
+12029671875
+12029671880
+12029671913
+12029674567
+12029686691
+12029686980
+12029690519
+12029690989
+12029693549
+12029701428
+12029701530
+12029701532
+12029701534
+12029701547
+12029708860
+12029709709
+12029709711
+12029709713
+12029718914
+12029719099
+12029719914
+12029720127
+12029724269
+12029756905
+12029768080
+12029773759
+12029773838
+12029803725
+12029823841
+12029823844
+12029848546
+12029849773
+12029850086
+12029879841
+12029889467
+12029893570
+12029894845
+12029907799
+12029908672
+12029912227
+12029912559
+12029912739
+12029918538
+12029921859
+12029938739
+12029946272
+12029963413
+12029978847
+12029982035
+12029982092
+12029982816
+12029983246
+12029983267
+12029983273
+12029983439
+12029983659
+12029985456
+12032013580
+12032018993
+12032042992
+12032046157
+12032046171
+12032108229
+12032128764
+12032193690
+12032420804
+12032428220
+12032428296
+12032428332
+12032428661
+12032457984
+12032487250
+12032547025
+12032556979
+12032643018
+12032724751
+12032739128
+12032748586
+12032860974
+12032861017
+12032920500
+12032930799
+12032950462
+12032953147
+12032953422
+12032992553
+12033026691
+12033035708
+12033037281
+12033039394
+12033039561
+12033070715
+12033091660
+12033180712
+12033189089
+12033189275
+12033189276
+12033189277
+12033189282
+12033381938
+12033430612
+12033445473
+12033472439
+12033490992
+12033507488
+12033584778
+12033584887
+12033635552
+12033655552
+12033661243
+12033832712
+12034004501
+12034006413
+12034034017
+12034034098
+12034059004
+12034059858
+12034059863
+12034059867
+12034085689
+12034087250
+12034091273
+12034091787
+12034095017
+12034095864
+12034098737
+12034150438
+12034184188
+12034240335
+12034270594
+12034333270
+12034335624
+12034337014
+12034377659
+12034462419
+12034462956
+12034462981
+12034463241
+12034464184
+12034464392
+12034464848
+12034465440
+12034469663
+12034478315
+12034483301
+12034484229
+12034568314
+12034568598
+12034568617
+12034568654
+12034662503
+12034668711
+12034818212
+12034840541
+12034848080
+12034848090
+12034848095
+12034869048
+12034973108
+12034988950
+12035027673
+12035072609
+12035149830
+12035162035
+12035167978
+12035189349
+12035189353
+12035205363
+12035219803
+12035298954
+12035309909
+12035327878
+12035336286
+12035365225
+12035380930
+12035411111
+12035438956
+12035466340
+12035496683
+12035496687
+12035496691
+12035496695
+12035496699
+12035581029
+12035581815
+12035603098
+12035619985
+12035623718
+12035668904
+12035670048
+12035681652
+12035744200
+12035800167
+12035806477
+12035809388
+12035823050
+12035833042
+12035834400
+12035860778
+12035874088
+12035941656
+12035990223
+12036017854
+12036123026
+12036123641
+12036151128
+12036307890
+12036423380
+12036439169
+12036439228
+12036451292
+12036547222
+12036547561
+12036581801
+12036587133
+12036594843
+12036657447
+12036663928
+12036729236
+12036781910
+12036808438
+12036808440
+12036809993
+12036836756
+12036919895
+12036939580
+12036996118
+12037071437
+12037081257
+12037170685
+12037174158
+12037179284
+12037188276
+12037188770
+12037263979
+12037347890
+12037361185
+12037470603
+12037478079
+12037600005
+12037600101
+12037600104
+12037600119
+12037600128
+12037601637
+12037634000
+12037673512
+12037699465
+12037930451
+12037991113
+12038041396
+12038135666
+12038262175
+12038316318
+12038425659
+12038586600
+12038643214
+12038643538
+12038680121
+12038713600
+12038713630
+12038784664
+12038809197
+12038897040
+12038934289
+12038934416
+12038934486
+12038952266
+12038960995
+12039022758
+12039024051
+12039028480
+12039029826
+12039070456
+12039161350
+12039161821
+12039262527
+12039280249
+12039366460
+12039510038
+12039571299
+12039626564
+12039835981
+12039835983
+12039835984
+12039835994
+12039893124
+12039893135
+12039899246
+12042295643
+12043091192
+12043945000
+12044813095
+12045432952
+12045432956
+12045567459
+12046383425
+12046547222
+12046675334
+12047849423
+12048442732
+12052020443
+12052038786
+12052039566
+12052088528
+12052093043
+12052163134
+12052177159
+12052288195
+12052293515
+12052360006
+12052392790
+12052404502
+12052597040
+12052670368
+12052674386
+12052675548
+12052677159
+12052703119
+12052704200
+12052707936
+12052815462
+12052834771
+12052869855
+12052891813
+12052896251
+12052898025
+12052913392
+12052913860
+12052960939
+12052968072
+12053034031
+12053041614
+12053182426
+12053190908
+12053190909
+12053233649
+12053255700
+12053271134
+12053296699
+12053323910
+12053370372
+12053373380
+12053377852
+12053378445
+12053409881
+12053411370
+12053487630
+12053522581
+12053642715
+12053684906
+12053685965
+12053686663
+12053686669
+12053688101
+12053691124
+12053782444
+12053782654
+12053790841
+12053796029
+12053849131
+12053863464
+12053865570
+12053892297
+12053952640
+12053953610
+12053963619
+12053963627
+12054068490
+12054090895
+12054097316
+12054134900
+12054181583
+12054192040
+12054192618
+12054192944
+12054192950
+12054194438
+12054198869
+12054228547
+12054404477
+12054404493
+12054536027
+12054537585
+12054569496
+12054569820
+12054602875
+12054834053
+12054902874
+12054907464
+12054918880
+12054994734
+12054994974
+12055066540
+12055107151
+12055301922
+12055335936
+12055455161
+12055457288
+12055475671
+12055479758
+12055528846
+12055580257
+12055580274
+12055580678
+12055613772
+12055615124
+12055615125
+12055640066
+12055642054
+12055643036
+12055643344
+12055719793
+12055734473
+12055767194
+12055786126
+12055786131
+12055786133
+12055786134
+12055786135
+12055786150
+12055817456
+12055844617
+12055884005
+12055885925
+12056057605
+12056057612
+12056057614
+12056060827
+12056078930
+12056236881
+12056249761
+12056311201
+12056320015
+12056322610
+12056390033
+12056390290
+12056390996
+12056416449
+12056508867
+12056514624
+12056613260
+12056774375
+12057082345
+12057082475
+12057098320
+12057229246
+12057230137
+12057280620
+12057491447
+12057493490
+12057575933
+12057781360
+12057930624
+12058011111
+12058059261
+12058211287
+12058233369
+12058261216
+12058305114
+12058324390
+12058325420
+12058348463
+12058406072
+12058486976
+12058501558
+12058639569
+12058783777
+12058870439
+12058899520
+12058947069
+12058983104
+12059003650
+12059056209
+12059092570
+12059095129
+12059187712
+12059188119
+12059202711
+12059202736
+12059338101
+12059418844
+12059659052
+12059660343
+12059675398
+12059795566
+12059836133
+12059861579
+12059946665
+12059946887
+12062004323
+12062007477
+12062010000
+12062010042
+12062010434
+12062010480
+12062010742
+12062010743
+12062010744
+12062011821
+12062011847
+12062012044
+12062012070
+12062012078
+12062012082
+12062012091
+12062012258
+12062012282
+12062012314
+12062012324
+12062012400
+12062012442
+12062012445
+12062012503
+12062012587
+12062012593
+12062012734
+12062012785
+12062012799
+12062014266
+12062019622
+12062020766
+12062035477
+12062044739
+12062044838
+12062045022
+12062045048
+12062045051
+12062045052
+12062045554
+12062049715
+12062070309
+12062070310
+12062070823
+12062072546
+12062072691
+12062072707
+12062073469
+12062082122
+12062091148
+12062091263
+12062091371
+12062091372
+12062091534
+12062091536
+12062091568
+12062091602
+12062091603
+12062091648
+12062092229
+12062092458
+12062092798
+12062120449
+12062121296
+12062183479
+12062223039
+12062223309
+12062240125
+12062267333
+12062283067
+12062310005
+12062310010
+12062310014
+12062310021
+12062310034
+12062310231
+12062316106
+12062316154
+12062370030
+12062370036
+12062370050
+12062370127
+12062370734
+12062377128
+12062380073
+12062380086
+12062380111
+12062380114
+12062380117
+12062380118
+12062380119
+12062380120
+12062380123
+12062380124
+12062380127
+12062380128
+12062380129
+12062380190
+12062380192
+12062380194
+12062380197
+12062380768
+12062380835
+12062380836
+12062380842
+12062381203
+12062471447
+12062497322
+12062577016
+12062577084
+12062587931
+12062587957
+12062587989
+12062592532
+12062595810
+12062595825
+12062597995
+12062599054
+12062599091
+12062599727
+12062661000
+12062662992
+12062667353
+12062761236
+12062761923
+12062787348
+12062788491
+12062789162
+12062795869
+12062802120
+12062884400
+12062936499
+12062978440
+12063070020
+12063070023
+12063070053
+12063070055
+12063070065
+12063070539
+12063099231
+12063120075
+12063120706
+12063125431
+12063168342
+12063171259
+12063171410
+12063171456
+12063171467
+12063171468
+12063171489
+12063171648
+12063171652
+12063171681
+12063171701
+12063171708
+12063171741
+12063171753
+12063172093
+12063177477
+12063177480
+12063179061
+12063179442
+12063179545
+12063179906
+12063190852
+12063190871
+12063192011
+12063192242
+12063192696
+12063192874
+12063192903
+12063195438
+12063195752
+12063196368
+12063197114
+12063198619
+12063198649
+12063198780
+12063199814
+12063256508
+12063331517
+12063363407
+12063363442
+12063363443
+12063363479
+12063363495
+12063363526
+12063363529
+12063363535
+12063363864
+12063377865
+12063380543
+12063385727
+12063454777
+12063456453
+12063472217
+12063502641
+12063509692
+12063608543
+12063652556
+12063791937
+12063838639
+12063855796
+12063856459
+12063859940
+12063884117
+12063884863
+12063917046
+12063953511
+12063953654
+12063953667
+12063953687
+12063957219
+12063962760
+12063971094
+12063971233
+12063971298
+12063971435
+12063971476
+12063971478
+12063971480
+12063971943
+12063971963
+12063992264
+12063995374
+12064002884
+12064007041
+12064007062
+12064017592
+12064018653
+12064085009
+12064086734
+12064143360
+12064144242
+12064145386
+12064152047
+12064152661
+12064200003
+12064200787
+12064206497
+12064247272
+12064249305
+12064299242
+12064305057
+12064305392
+12064306228
+12064324360
+12064368204
+12064392959
+12064395700
+12064395787
+12064450554
+12064450569
+12064450612
+12064450663
+12064450724
+12064450769
+12064450873
+12064450875
+12064512661
+12064513624
+12064513738
+12064515187
+12064515358
+12064515359
+12064515368
+12064515554
+12064515680
+12064518162
+12064519142
+12064519338
+12064519510
+12064519513
+12064519902
+12064520627
+12064520945
+12064521274
+12064523367
+12064523458
+12064523544
+12064527675
+12064530168
+12064532329
+12064541212
+12064556202
+12064560188
+12064561007
+12064561287
+12064561868
+12064563545
+12064565187
+12064570576
+12064600183
+12064600298
+12064600300
+12064600882
+12064600889
+12064600891
+12064623458
+12064625024
+12064625036
+12064625330
+12064625425
+12064625449
+12064625501
+12064664847
+12064667113
+12064716116
+12064726002
+12064726003
+12064726004
+12064726025
+12064726032
+12064726035
+12064726282
+12064726290
+12064826478
+12064830010
+12064830011
+12064830012
+12064830025
+12064840530
+12064866870
+12064869104
+12064873002
+12064873005
+12064873429
+12064875449
+12064877141
+12064877197
+12064877255
+12064877262
+12064877276
+12064880946
+12064883841
+12064884660
+12064884989
+12064885864
+12064885929
+12064886994
+12064887265
+12064887277
+12064887304
+12064887405
+12064887755
+12064889070
+12064890394
+12064940739
+12064940741
+12064949696
+12064949999
+12064959251
+12064971540
+12064979789
+12065020084
+12065047644
+12065047651
+12065047662
+12065084014
+12065084051
+12065100604
+12065121156
+12065121196
+12065121423
+12065121429
+12065121482
+12065121517
+12065128478
+12065196484
+12065196518
+12065196541
+12065196550
+12065196558
+12065196564
+12065196565
+12065196570
+12065196581
+12065196594
+12065196595
+12065196602
+12065196603
+12065196611
+12065196625
+12065250076
+12065275492
+12065303254
+12065333023
+12065351224
+12065352631
+12065374471
+12065385482
+12065385487
+12065385489
+12065385498
+12065386521
+12065394992
+12065394993
+12065395260
+12065395261
+12065395297
+12065395298
+12065395299
+12065395703
+12065405271
+12065478127
+12065484047
+12065487569
+12065521456
+12065535443
+12065576714
+12065589752
+12065651478
+12065652056
+12065659501
+12065659620
+12065659624
+12065659627
+12065667322
+12065673608
+12065675441
+12065677680
+12065694038
+12065694098
+12065694696
+12065694739
+12065695711
+12065696818
+12065712423
+12065714276
+12065770869
+12065770871
+12065771304
+12065779556
+12065800470
+12065804315
+12065820039
+12065827949
+12065827954
+12065827956
+12065827965
+12065940617
+12065968719
+12065968729
+12065968736
+12065968752
+12065968755
+12066000184
+12066035089
+12066294572
+12066296003
+12066296004
+12066296009
+12066296018
+12066296037
+12066299228
+12066417009
+12066468795
+12066491811
+12066539072
+12066575978
+12066667396
+12066733115
+12066735892
+12066819021
+12066819038
+12066819281
+12066819642
+12066819680
+12066841110
+12066843000
+12066863678
+12066865090
+12066867917
+12066867918
+12066879402
+12066879495
+12066900289
+12066918241
+12066932459
+12066932461
+12066932472
+12066934346
+12066934769
+12066949725
+12066972751
+12067010285
+12067015309
+12067015313
+12067015903
+12067016605
+12067016642
+12067017426
+12067019637
+12067082849
+12067188666
+12067344414
+12067344696
+12067389384
+12067389845
+12067389859
+12067430935
+12067454730
+12067456517
+12067459692
+12067459789
+12067476582
+12067521097
+12067652619
+12067668069
+12067672177
+12067698487
+12067716054
+12067730848
+12067741707
+12067758292
+12067758302
+12067758310
+12067758942
+12067770998
+12067770999
+12067771012
+12067771013
+12067771014
+12067771016
+12067771088
+12067771942
+12067771969
+12067778049
+12067804848
+12067850897
+12067862674
+12067878458
+12067929471
+12067929579
+12067929650
+12067929779
+12067932266
+12068003667
+12068007919
+12068010292
+12068010782
+12068011172
+12068011250
+12068011753
+12068011872
+12068011884
+12068011902
+12068015201
+12068016708
+12068019387
+12068019796
+12068020884
+12068062975
+12068067363
+12068099781
+12068221649
+12068222239
+12068223219
+12068225056
+12068225223
+12068225259
+12068225966
+12068227015
+12068229033
+12068231892
+12068233027
+12068233028
+12068233033
+12068233035
+12068233066
+12068233082
+12068233089
+12068233090
+12068233092
+12068233093
+12068233097
+12068233135
+12068233156
+12068233157
+12068233165
+12068233167
+12068233168
+12068233170
+12068233171
+12068233172
+12068233173
+12068233176
+12068233177
+12068233181
+12068233190
+12068233228
+12068233231
+12068233334
+12068233338
+12068233339
+12068233340
+12068233341
+12068233343
+12068233344
+12068233345
+12068233346
+12068233349
+12068233352
+12068233358
+12068233359
+12068233361
+12068233364
+12068233368
+12068233369
+12068233372
+12068233375
+12068233376
+12068233378
+12068233382
+12068233383
+12068233391
+12068233736
+12068233807
+12068233810
+12068233811
+12068233813
+12068233814
+12068233816
+12068233817
+12068233819
+12068233820
+12068233822
+12068233825
+12068233826
+12068233834
+12068233835
+12068233842
+12068233845
+12068233846
+12068233849
+12068233854
+12068233906
+12068233919
+12068233922
+12068233943
+12068233948
+12068233996
+12068234333
+12068294796
+12068449232
+12068481042
+12068513122
+12068553135
+12068553160
+12068553282
+12068553347
+12068553390
+12068553991
+12068555239
+12068555816
+12068555833
+12068555885
+12068556739
+12068556747
+12068556759
+12068556799
+12068556868
+12068556967
+12068556969
+12068556990
+12068654970
+12068660374
+12068660742
+12068660887
+12068662382
+12068665054
+12068665656
+12068665679
+12068665690
+12068665694
+12068665706
+12068665739
+12068665784
+12068665848
+12068667905
+12068669024
+12068766708
+12068800883
+12068860858
+12068920433
+12068957110
+12068981714
+12068995140
+12068996296
+12068996305
+12068996306
+12069000847
+12069000965
+12069000977
+12069008697
+12069008698
+12069008701
+12069008703
+12069009166
+12069009172
+12069009175
+12069009214
+12069009216
+12069009219
+12069009315
+12069009649
+12069009650
+12069009651
+12069051445
+12069051590
+12069059255
+12069059277
+12069059427
+12069059517
+12069059579
+12069059637
+12069059687
+12069059768
+12069059781
+12069220880
+12069226153
+12069226188
+12069341766
+12069358311
+12069440605
+12069468221
+12069468233
+12069469656
+12069469842
+12069469850
+12069469851
+12069469854
+12069469861
+12069469866
+12069478085
+12069732504
+12069732543
+12069733241
+12069733312
+12069840007
+12069840009
+12069840606
+12069840903
+12069840964
+12069846036
+12072009681
+12072031237
+12072048562
+12072048694
+12072131125
+12072131248
+12072131809
+12072131832
+12072204830
+12072207805
+12072210836
+12072211634
+12072260403
+12072318495
+12072416767
+12072419237
+12072557417
+12072591829
+12072610831
+12072610899
+12072669650
+12072883050
+12072921292
+12072957028
+12072957619
+12073072084
+12073072095
+12073072138
+12073072401
+12073159361
+12073314939
+12073315037
+12073376043
+12073379424
+12073580255
+12073716822
+12073719865
+12073870318
+12073871476
+12073877031
+12073877039
+12073893011
+12073893014
+12073909603
+12073911375
+12073911513
+12073911531
+12073917842
+12073932021
+12073932025
+12073932027
+12073932042
+12073992182
+12074017916
+12074042611
+12074065336
+12074208904
+12074219129
+12074239535
+12074240441
+12074309272
+12074335416
+12074341450
+12074496931
+12074497569
+12074660804
+12074661621
+12074673307
+12074784052
+12074927099
+12074945385
+12075124434
+12075124436
+12075124445
+12075124446
+12075170684
+12075176913
+12075205622
+12075365522
+12075366561
+12075461521
+12075485934
+12075502672
+12075541183
+12075541186
+12075605750
+12075608903
+12075719830
+12075732145
+12075783551
+12075919153
+12075981075
+12075984867
+12076007426
+12076132029
+12076135783
+12076139708
+12076140485
+12076145254
+12076164441
+12076165939
+12076185038
+12076185242
+12076186863
+12076199462
+12076451666
+12076575540
+12076727863
+12076776497
+12076854793
+12076904053
+12076920450
+12077068885
+12077071929
+12077074268
+12077100712
+12077153865
+12077282550
+12077318965
+12077385788
+12077394019
+12077422075
+12077472750
+12077628960
+12077705343
+12077708617
+12077719400
+12077761826
+12078126219
+12078127077
+12078334673
+12078449918
+12078892253
+12079525604
+12079526047
+12079565203
+12079620018
+12079945434
+12082030329
+12082032690
+12082032831
+12082032893
+12082033233
+12082036374
+12082036604
+12082036607
+12082082828
+12082093574
+12082094156
+12082097489
+12082138626
+12082144402
+12082152187
+12082161604
+12082197019
+12082264985
+12082275856
+12082310133
+12082319565
+12082328892
+12082421412
+12082430999
+12082453406
+12082523338
+12082588284
+12082612276
+12082617768
+12082620000
+12082622000
+12082644633
+12082662404
+12082680000
+12082681316
+12082683117
+12082711237
+12082738947
+12082787034
+12082800114
+12082816548
+12082862678
+12082881738
+12082938933
+12082956840
+12082982060
+12083057123
+12083082109
+12083141375
+12083145093
+12083148464
+12083149667
+12083185099
+12083185176
+12083185502
+12083185513
+12083228112
+12083256521
+12083297281
+12083376936
+12083533569
+12083574216
+12083623963
+12083639350
+12083692072
+12083692525
+12083694065
+12083714850
+12083763376
+12083776500
+12083874900
+12083917854
+12083984565
+12083985946
+12083988379
+12083988389
+12084106074
+12084161225
+12084161532
+12084195851
+12084268000
+12084377088
+12084378490
+12084378496
+12084378880
+12084433492
+12084510375
+12084512916
+12084570061
+12084570071
+12084662144
+12084705071
+12084874187
+12084886650
+12084935158
+12084941664
+12085021737
+12085042997
+12085105130
+12085131052
+12085141661
+12085153976
+12085157484
+12085223145
+12085455520
+12085496781
+12085565550
+12085589856
+12085589980
+12085686016
+12085698734
+12085804895
+12085807041
+12085834578
+12085980393
+12086001035
+12086009726
+12086064221
+12086214193
+12086284915
+12086404058
+12086430012
+12086439167
+12086439169
+12086468795
+12086474399
+12086495861
+12086566219
+12086785570
+12086846476
+12086846776
+12086847518
+12086847945
+12086863129
+12087131414
+12087137890
+12087193261
+12087193279
+12087204264
+12087220178
+12087220225
+12087258226
+12087445094
+12087594014
+12087758585
+12087793352
+12087797338
+12087949435
+12088000097
+12088062313
+12088131128
+12088131434
+12088137455
+12088365598
+12088419315
+12088431982
+12088438063
+12088438782
+12088446826
+12088614016
+12088745542
+12088909169
+12089023380
+12089048208
+12089060315
+12089068438
+12089080835
+12089174445
+12089178110
+12089178112
+12089178246
+12089178390
+12089179179
+12089188360
+12089216735
+12089258999
+12089322752
+12089687156
+12089687163
+12089687170
+12089687979
+12089909752
+12089940340
+12089940347
+12089940351
+12092044739
+12092073894
+12092080028
+12092088838
+12092089876
+12092102063
+12092146716
+12092152027
+12092154639
+12092157894
+12092173234
+12092173250
+12092173570
+12092173571
+12092173582
+12092173606
+12092173611
+12092173623
+12092173625
+12092173630
+12092173647
+12092204016
+12092204347
+12092264953
+12092309001
+12092322499
+12092324052
+12092326286
+12092356018
+12092356025
+12092356029
+12092415942
+12092457247
+12092458016
+12092480016
+12092512925
+12092543973
+12092545171
+12092545335
+12092573443
+12092594375
+12092608291
+12092634467
+12092660807
+12092660833
+12092661395
+12092674871
+12092674919
+12092680594
+12092680620
+12092693583
+12092751447
+12092795603
+12092851959
+12092863663
+12092884795
+12092890187
+12092890188
+12092926684
+12092934264
+12092941459
+12092970052
+12092981598
+12092992329
+12092992512
+12092992679
+12092996739
+12093006398
+12093018727
+12093018729
+12093067387
+12093077601
+12093095801
+12093100344
+12093121239
+12093130996
+12093232532
+12093251100
+12093260064
+12093301372
+12093315333
+12093315922
+12093321472
+12093359485
+12093361007
+12093421500
+12093485886
+12093489316
+12093489533
+12093530561
+12093543591
+12093548022
+12093623854
+12093826150
+12093929719
+12093965004
+12093988074
+12094002547
+12094002624
+12094073461
+12094073907
+12094073910
+12094075157
+12094075299
+12094075708
+12094075825
+12094252228
+12094269788
+12094318564
+12094330038
+12094359274
+12094359282
+12094366010
+12094367834
+12094403002
+12094452540
+12094482002
+12094512313
+12094515218
+12094560363
+12094566789
+12094757901
+12094871027
+12094882465
+12094886514
+12094886525
+12094887817
+12094969866
+12094969897
+12094985039
+12094988892
+12095002051
+12095181560
+12095225821
+12095432253
+12095462034
+12095466030
+12095609188
+12095652780
+12095900856
+12095940453
+12095940601
+12095950534
+12096066824
+12096078211
+12096195807
+12096251232
+12096261318
+12096261337
+12096304056
+12096312059
+12096314758
+12096330715
+12096366241
+12096430152
+12096501223
+12096554105
+12096617661
+12096627141
+12096714837
+12096747006
+12096747031
+12096747098
+12096747109
+12096747119
+12096747123
+12096768870
+12096825870
+12096831344
+12096835236
+12096907166
+12096944185
+12097061804
+12097105825
+12097148021
+12097204371
+12097212318
+12097260478
+12097276002
+12097306575
+12097330321
+12097340727
+12097365390
+12097594315
+12097620022
+12097638060
+12097671140
+12097741046
+12097795100
+12097820039
+12097828580
+12097828675
+12097828759
+12097873146
+12097890000
+12097949894
+12098004607
+12098120703
+12098130138
+12098130182
+12098130473
+12098130503
+12098132070
+12098132504
+12098132710
+12098132730
+12098132896
+12098132917
+12098132947
+12098132999
+12098134012
+12098134131
+12098134822
+12098134825
+12098135146
+12098154347
+12098215070
+12098215071
+12098490005
+12098490134
+12098544738
+12098544999
+12098555098
+12098836279
+12098862244
+12098876520
+12098901554
+12098904247
+12098908972
+12098933003
+12098980534
+12098988534
+12099005441
+12099055321
+12099105907
+12099163944
+12099164239
+12099164711
+12099178540
+12099523641
+12099657943
+12099757465
+12099805801
+12102020627
+12102023315
+12102023403
+12102098031
+12102098130
+12102099372
+12102148456
+12102213300
+12102256741
+12102298065
+12102298504
+12102298618
+12102329000
+12102361800
+12102396268
+12102399971
+12102452627
+12102454252
+12102455022
+12102456389
+12102456571
+12102457302
+12102490540
+12102525693
+12102541568
+12102552820
+12102553122
+12102553192
+12102730543
+12102762302
+12102808487
+12102808488
+12102936291
+12103010001
+12103010307
+12103015635
+12103019947
+12103064272
+12103082648
+12103124000
+12103195065
+12103195066
+12103195067
+12103195513
+12103214420
+12103219994
+12103307635
+12103324065
+12103386705
+12103392793
+12103429120
+12103462817
+12103532222
+12103612343
+12103614582
+12103615373
+12103632688
+12103909354
+12103909798
+12103936231
+12103998172
+12104011231
+12104013223
+12104050202
+12104050428
+12104050485
+12104050489
+12104051291
+12104052930
+12104053825
+12104054777
+12104055010
+12104058011
+12104058433
+12104070000
+12104179251
+12104179501
+12104179507
+12104184501
+12104184580
+12104184960
+12104185059
+12104185062
+12104298253
+12104442029
+12104464772
+12104468409
+12104480317
+12104509009
+12104521621
+12104567812
+12104567890
+12104567901
+12104588000
+12104600543
+12104601179
+12104807671
+12104850004
+12104872345
+12104931758
+12104932143
+12104937011
+12104937890
+12104947404
+12105030250
+12105037673
+12105037958
+12105042488
+12105042491
+12105043599
+12105101656
+12105102913
+12105190298
+12105200457
+12105201454
+12105203471
+12105206400
+12105262635
+12105262675
+12105262693
+12105263625
+12105266628
+12105281419
+12105297014
+12105297562
+12105318722
+12105386263
+12105387146
+12105389347
+12105454944
+12105455467
+12105471992
+12105472805
+12105496976
+12105510827
+12105542178
+12105593482
+12105687456
+12105689246
+12105690715
+12105690972
+12105691132
+12105701370
+12105781370
+12105854905
+12105867935
+12105883343
+12105911664
+12105917678
+12105921070
+12105987419
+12105988838
+12106069709
+12106077809
+12106109487
+12106180184
+12106228001
+12106228043
+12106253159
+12106253168
+12106253169
+12106255249
+12106255309
+12106255741
+12106278613
+12106340074
+12106343909
+12106351870
+12106363256
+12106370033
+12106400467
+12106481784
+12106482694
+12106521478
+12106583529
+12106603500
+12106604524
+12106642602
+12106642731
+12106649600
+12106667481
+12106669858
+12106721022
+12106721056
+12106721103
+12106749791
+12106771346
+12106931822
+12107023910
+12107062200
+12107141856
+12107143181
+12107143599
+12107143655
+12107143866
+12107143874
+12107144331
+12107145326
+12107145329
+12107145470
+12107145678
+12107147095
+12107147423
+12107147681
+12107147682
+12107147770
+12107147804
+12107147995
+12107147996
+12107149754
+12107149755
+12107283942
+12107292188
+12107297695
+12107357890
+12107363080
+12107378097
+12107424118
+12107429479
+12107481772
+12107562615
+12107564333
+12107566396
+12107570027
+12107570671
+12107574635
+12107624053
+12107644843
+12107679526
+12107744059
+12107744395
+12107744479
+12107829408
+12107829755
+12107873292
+12107873644
+12107964855
+12108019607
+12108019628
+12108019629
+12108019668
+12108019992
+12108020641
+12108073264
+12108074077
+12108074079
+12108074122
+12108074287
+12108074875
+12108076712
+12108077818
+12108078097
+12108194543
+12108194651
+12108214105
+12108251585
+12108251595
+12108253563
+12108260841
+12108272237
+12108331655
+12108451680
+12108463561
+12108494292
+12108494294
+12108494295
+12108574828
+12108590368
+12108603334
+12108695101
+12108740801
+12108800304
+12108804961
+12108810568
+12108880800
+12108880979
+12108888376
+12108888383
+12108888390
+12108888391
+12108888827
+12108889041
+12108889075
+12108889254
+12108920824
+12108921790
+12108922450
+12108922685
+12108923504
+12108982782
+12108990221
+12108994295
+12109030586
+12109038969
+12109086417
+12109127517
+12109201792
+12109340265
+12109346124
+12109421334
+12109422841
+12109439958
+12109480217
+12109480571
+12109510612
+12109530721
+12109545515
+12109609162
+12109618673
+12109661251
+12109811069
+12109811071
+12109811075
+12109811407
+12109851955
+12109858135
+12109872609
+12109872876
+12109886002
+12109886056
+12109889943
+12109962005
+12109962270
+12122005042
+12122034995
+12122037363
+12122038079
+12122093400
+12122202222
+12122230839
+12122233333
+12122263126
+12122357318
+12122382457
+12122385393
+12122386230
+12122397500
+12122423309
+12122449392
+12122449399
+12122449456
+12122452100
+12122463921
+12122489350
+12122571381
+12122571383
+12122571745
+12122601433
+12122630477
+12122665211
+12122670637
+12122789101
+12122789110
+12122810731
+12122811784
+12122841800
+12123086819
+12123280240
+12123340611
+12123361440
+12123456251
+12123456364
+12123456789
+12123470298
+12123493407
+12123570747
+12123571393
+12123696573
+12123711000
+12123769200
+12123819463
+12123841000
+12123919546
+12124190848
+12124192827
+12124194555
+12124331895
+12124340035
+12124485501
+12124567890
+12124571573
+12124614524
+12124659832
+12124757758
+12124797990
+12124914117
+12125013400
+12125030524
+12125049291
+12125051111
+12125137000
+12125143621
+12125161223
+12125169501
+12125169502
+12125169503
+12125169504
+12125169507
+12125169508
+12125169510
+12125169511
+12125169512
+12125169513
+12125169515
+12125169517
+12125169519
+12125169520
+12125169522
+12125169524
+12125169526
+12125169528
+12125169529
+12125169531
+12125169533
+12125169534
+12125169535
+12125169536
+12125169537
+12125169538
+12125169540
+12125169541
+12125169543
+12125169544
+12125169545
+12125169546
+12125169547
+12125169549
+12125403047
+12125403901
+12125403902
+12125403903
+12125403905
+12125403909
+12125403910
+12125403911
+12125403912
+12125403913
+12125403914
+12125403915
+12125403917
+12125403918
+12125403920
+12125403921
+12125403922
+12125403923
+12125403924
+12125403925
+12125403928
+12125403929
+12125403931
+12125403932
+12125403935
+12125403936
+12125403937
+12125403938
+12125403939
+12125403940
+12125403941
+12125403944
+12125403945
+12125403948
+12125403955
+12125403961
+12125403967
+12125403979
+12125403996
+12125406696
+12125407445
+12125407446
+12125407447
+12125407448
+12125407449
+12125407450
+12125407452
+12125407453
+12125407454
+12125407455
+12125407456
+12125407457
+12125407458
+12125407459
+12125407460
+12125407461
+12125407462
+12125407463
+12125407464
+12125407465
+12125407466
+12125407467
+12125407468
+12125407469
+12125407470
+12125407471
+12125407472
+12125407473
+12125407474
+12125407475
+12125407476
+12125407477
+12125407478
+12125407479
+12125407480
+12125407481
+12125407482
+12125407484
+12125407485
+12125407486
+12125407487
+12125407488
+12125407489
+12125407490
+12125407491
+12125407493
+12125407501
+12125407504
+12125407507
+12125407508
+12125407509
+12125407510
+12125407512
+12125407513
+12125407515
+12125407516
+12125407517
+12125407518
+12125407519
+12125407520
+12125407522
+12125407523
+12125407527
+12125407532
+12125407536
+12125407537
+12125407540
+12125407541
+12125407542
+12125407543
+12125407546
+12125407547
+12125407548
+12125419966
+12125451215
+12125458482
+12125484481
+12125530300
+12125547896
+12125582356
+12125704509
+12125757998
+12125840021
+12125901738
+12125925631
+12126027638
+12126031154
+12126199999
+12126221932
+12126503956
+12126507149
+12126596472
+12126621375
+12126621932
+12126623429
+12126624579
+12126625375
+12126628642
+12126629720
+12126663456
+12126712782
+12126882241
+12126985233
+12127047076
+12127206130
+12127296543
+12127297148
+12127328500
+12127453424
+12127468485
+12127711130
+12127770777
+12127773455
+12127773456
+12127773461
+12127776786
+12127778457
+12127794553
+12127845630
+12127896532
+12127941914
+12128047009
+12128131010
+12128242100
+12128243100
+12128243112
+12128452346
+12128459761
+12128612455
+12128639935
+12128645134
+12128902189
+12128942554
+12128953500
+12128976589
+12128991669
+12129013296
+12129061050
+12129089999
+12129189223
+12129273200
+12129274097
+12129326416
+12129333386
+12129333390
+12129333392
+12129414440
+12129429151
+12129534959
+12129636813
+12129662462
+12129674482
+12129910001
+12129957849
+12129993326
+12129999889
+12132011765
+12132044803
+12132044865
+12132048090
+12132049306
+12132049862
+12132056039
+12132102526
+12132129002
+12132129926
+12132131232
+12132132311
+12132135204
+12132135661
+12132135854
+12132135991
+12132135992
+12132135994
+12132157261
+12132179939
+12132179999
+12132211082
+12132213703
+12132213707
+12132216237
+12132237906
+12132285192
+12132285605
+12132285629
+12132322532
+12132322567
+12132322574
+12132322599
+12132322846
+12132333575
+12132455196
+12132461428
+12132560403
+12132560504
+12132572533
+12132575233
+12132602296
+12132609142
+12132610188
+12132610340
+12132610460
+12132621902
+12132621903
+12132622470
+12132622754
+12132625524
+12132626990
+12132627877
+12132630372
+12132637902
+12132637905
+12132667018
+12132667104
+12132667128
+12132667166
+12132667221
+12132667231
+12132667241
+12132667246
+12132667247
+12132667248
+12132667261
+12132667280
+12132667285
+12132667291
+12132667308
+12132667320
+12132667321
+12132667332
+12132667351
+12132667356
+12132667363
+12132667372
+12132667393
+12132674532
+12132701985
+12132711009
+12132711644
+12132719210
+12132772948
+12132772963
+12132775032
+12132775033
+12132775043
+12132775059
+12132775069
+12132778491
+12132790217
+12132790973
+12132800280
+12132802189
+12132808298
+12132809234
+12132819259
+12132826712
+12132830871
+12132851486
+12132851997
+12132860100
+12132866006
+12132866011
+12132890358
+12132890533
+12132893739
+12132893750
+12132893757
+12132893778
+12132893790
+12132893844
+12132893855
+12132893862
+12132893880
+12132899217
+12132899220
+12132899244
+12132913221
+12132913234
+12132925374
+12132926118
+12132929053
+12132931891
+12132933073
+12132933565
+12132934191
+12132934603
+12132940540
+12132944363
+12132953417
+12132953440
+12132960944
+12132965264
+12132967292
+12132977040
+12132980694
+12132983737
+12132983757
+12132983770
+12132983776
+12132983781
+12132983782
+12133000833
+12133005837
+12133007493
+12133007542
+12133008273
+12133042339
+12133046106
+12133046944
+12133048925
+12133061507
+12133062435
+12133082595
+12133083028
+12133085845
+12133087346
+12133087776
+12133089738
+12133089842
+12133092585
+12133092694
+12133094635
+12133095935
+12133207660
+12133218142
+12133218226
+12133256439
+12133271200
+12133271229
+12133324976
+12133353634
+12133356118
+12133363199
+12133363237
+12133370014
+12133377365
+12133377425
+12133378671
+12133378672
+12133378682
+12133378683
+12133402087
+12133427648
+12133428377
+12133428382
+12133494330
+12133575233
+12133582755
+12133582762
+12133582763
+12133587938
+12133587985
+12133590429
+12133593562
+12133594209
+12133614730
+12133617100
+12133619533
+12133702244
+12133750003
+12133750329
+12133750364
+12133750369
+12133750539
+12133750558
+12133750658
+12133750664
+12133750665
+12133750923
+12133750947
+12133750949
+12133750992
+12133775515
+12133781125
+12133781126
+12133781127
+12133781129
+12133781132
+12133794367
+12133808629
+12133838060
+12133959083
+12133960959
+12133992157
+12133997262
+12133997501
+12133998108
+12133999483
+12134000872
+12134001279
+12134001819
+12134001828
+12134002135
+12134003542
+12134006049
+12134009722
+12134012727
+12134012971
+12134083298
+12134083299
+12134083316
+12134086948
+12134090236
+12134105954
+12134150180
+12134162405
+12134182433
+12134189338
+12134206420
+12134220659
+12134222313
+12134226307
+12134234724
+12134250049
+12134261018
+12134261022
+12134261497
+12134268809
+12134268834
+12134403848
+12134421298
+12134421502
+12134427162
+12134443456
+12134445417
+12134463980
+12134464235
+12134469847
+12134472720
+12134481054
+12134483078
+12134483190
+12134489762
+12134516150
+12134532116
+12134533912
+12134538806
+12134540641
+12134555934
+12134566756
+12134567890
+12134567891
+12134570535
+12134570578
+12134570581
+12134573672
+12134573994
+12134574056
+12134579243
+12134580969
+12134586225
+12134587980
+12134596328
+12134608293
+12134608608
+12134633395
+12134639003
+12134639970
+12134651575
+12134656649
+12134681888
+12134685131
+12134685353
+12134686080
+12134717990
+12134742799
+12134747419
+12134771084
+12134790494
+12134790592
+12134795711
+12134798210
+12134798723
+12134851415
+12134863729
+12134879500
+12134879501
+12134930885
+12134970803
+12135038127
+12135047020
+12135092406
+12135092821
+12135096114
+12135097306
+12135097465
+12135098904
+12135099972
+12135107110
+12135108547
+12135135013
+12135145483
+12135145592
+12135145647
+12135146982
+12135256871
+12135265476
+12135288366
+12135327290
+12135393699
+12135393729
+12135393740
+12135422463
+12135460763
+12135467952
+12135469038
+12135469140
+12135469949
+12135478273
+12135489380
+12135501023
+12135501165
+12135504472
+12135561578
+12135564716
+12135568915
+12135585068
+12135585138
+12135586397
+12135614948
+12135662204
+12135668350
+12135854216
+12135867582
+12135904986
+12135905485
+12135905780
+12135905843
+12135909777
+12135922937
+12135922948
+12135922973
+12135951911
+12135952644
+12135997552
+12136039053
+12136100364
+12136101172
+12136101275
+12136104633
+12136108055
+12136182536
+12136183663
+12136229999
+12136239999
+12136249173
+12136312746
+12136313466
+12136313584
+12136314192
+12136371300
+12136381226
+12136396511
+12136403013
+12136403021
+12136403024
+12136403052
+12136472862
+12136474168
+12136480003
+12136493990
+12136527661
+12136560794
+12136600068
+12136703962
+12136744949
+12136759471
+12136830781
+12136933035
+12136990113
+12136990154
+12136999133
+12136999144
+12137050226
+12137051643
+12137055712
+12137056283
+12137056803
+12137064236
+12137065478
+12137066232
+12137066903
+12137091122
+12137092604
+12137094510
+12137095464
+12137098885
+12137098918
+12137107477
+12137130475
+12137169693
+12137183908
+12137193995
+12137207964
+12137220497
+12137329077
+12137374202
+12137378771
+12137394737
+12137552234
+12137594123
+12137611443
+12137614086
+12137617935
+12137660436
+12137691283
+12137709993
+12137845822
+12137845878
+12137847913
+12137857683
+12137884488
+12137884551
+12137886589
+12137936603
+12137971894
+12137975913
+12137990936
+12137991499
+12137991599
+12138050180
+12138058360
+12138078006
+12138078052
+12138086643
+12138109897
+12138140190
+12138140348
+12138142323
+12138142859
+12138143542
+12138144273
+12138144571
+12138145963
+12138305599
+12138313531
+12138399730
+12138636358
+12138736257
+12138777895
+12138836155
+12138846669
+12138869574
+12138938073
+12139056397
+12139108228
+12139158460
+12139214667
+12139214678
+12139214688
+12139214723
+12139227973
+12139246361
+12139283135
+12139285123
+12139337015
+12139401370
+12139433186
+12139466311
+12139470339
+12139736270
+12139736402
+12139736430
+12139736461
+12139736465
+12139736490
+12139736511
+12139841667
+12139850612
+12139850858
+12139854445
+12139925914
+12139925916
+12139925922
+12139953022
+12139971036
+12142004022
+12142004023
+12142004042
+12142055263
+12142082650
+12142104601
+12142109505
+12142121285
+12142123437
+12142142004
+12142142005
+12142142023
+12142142029
+12142162745
+12142250766
+12142258707
+12142275391
+12142277637
+12142284484
+12142326171
+12142361156
+12142388207
+12142388242
+12142388245
+12142414611
+12142439329
+12142475004
+12142475049
+12142477137
+12142477139
+12142477408
+12142514829
+12142549042
+12142564459
+12142564490
+12142578441
+12142582168
+12142670010
+12142690642
+12142694345
+12142694370
+12142698811
+12142720118
+12142720201
+12142720337
+12142724926
+12142724950
+12142759034
+12142759749
+12142815189
+12142831316
+12142876915
+12142908034
+12142956212
+12142962498
+12142962578
+12142997510
+12143013431
+12143020517
+12143026762
+12143028765
+12143042059
+12143044317
+12143052140
+12143052151
+12143058396
+12143066063
+12143066695
+12143067731
+12143087009
+12143087010
+12143087014
+12143251950
+12143299688
+12143341082
+12143341084
+12143478852
+12143608527
+12143644767
+12143648778
+12143666900
+12143680307
+12143774854
+12143824871
+12143877947
+12143899066
+12143902967
+12143902974
+12143903012
+12143939186
+12143960959
+12143961918
+12143963507
+12143965161
+12143965551
+12143965562
+12143969037
+12144005051
+12144005474
+12144005512
+12144028471
+12144073839
+12144141036
+12144141037
+12144142855
+12144160439
+12144168200
+12144278980
+12144314921
+12144320038
+12144400271
+12144421334
+12144441616
+12144445822
+12144460314
+12144461331
+12144461335
+12144461341
+12144462500
+12144462842
+12144467163
+12144471199
+12144477468
+12144477478
+12144513168
+12144513187
+12144513192
+12144524681
+12144531391
+12144577549
+12144592975
+12144601665
+12144662095
+12144735087
+12144735614
+12144810480
+12144840848
+12144897435
+12145013134
+12145062016
+12145123636
+12145208532
+12145309055
+12145309061
+12145341178
+12145362147
+12145362395
+12145400514
+12145619665
+12145682356
+12145698132
+12145701339
+12145732142
+12145763800
+12145781245
+12146030895
+12146044109
+12146057845
+12146090815
+12146120000
+12146125759
+12146126098
+12146130268
+12146137752
+12146138738
+12146139082
+12146139117
+12146163832
+12146172602
+12146179215
+12146179287
+12146179572
+12146179599
+12146179608
+12146179640
+12146179668
+12146179788
+12146179794
+12146280551
+12146498067
+12146535899
+12146592323
+12146685161
+12146686088
+12146696969
+12146718005
+12146995113
+12146995843
+12146995859
+12146996024
+12146997655
+12147025012
+12147025030
+12147025137
+12147025731
+12147025736
+12147104429
+12147156807
+12147174692
+12147175310
+12147222226
+12147235488
+12147235570
+12147258963
+12147290574
+12147363470
+12147369027
+12147369566
+12147483647
+12147530929
+12147576505
+12147606938
+12147644096
+12147650820
+12147667503
+12147717063
+12147718790
+12147736721
+12147944115
+12147991018
+12148107094
+12148172970
+12148174695
+12148243252
+12148337484
+12148389667
+12148389671
+12148389672
+12148389673
+12148457709
+12148567678
+12148574321
+12148739819
+12148740883
+12148764825
+12148790144
+12148821904
+12148846352
+12148846677
+12148882723
+12148889348
+12148904810
+12148904987
+12149034450
+12149072653
+12149106044
+12149197891
+12149321519
+12149351464
+12149355004
+12149358751
+12149374428
+12149374505
+12149497742
+12149519138
+12149542309
+12149737052
+12149740600
+12149740889
+12149749437
+12149749564
+12149749635
+12149749636
+12149749645
+12149749646
+12149749671
+12149749674
+12149830836
+12149845550
+12149886800
+12149894295
+12149969889
+12149970281
+12149970310
+12149970993
+12152000000
+12152061811
+12152204071
+12152204581
+12152204595
+12152204747
+12152251619
+12152300720
+12152333548
+12152392165
+12152406550
+12152406623
+12152406707
+12152406712
+12152496011
+12152496012
+12152496149
+12152534273
+12152537402
+12152538165
+12152584581
+12152660469
+12152672329
+12152679372
+12152743008
+12152749538
+12152749539
+12152749544
+12152749570
+12152749594
+12152749915
+12152772109
+12152772408
+12152772417
+12152784039
+12152784063
+12152788360
+12152788404
+12152788604
+12152789624
+12152795461
+12152861700
+12152973137
+12152973538
+12153024660
+12153024742
+12153024847
+12153024877
+12153024880
+12153025183
+12153099020
+12153105007
+12153153388
+12153324688
+12153347415
+12153348542
+12153442311
+12153442334
+12153456789
+12153465947
+12153468160
+12153521478
+12153524182
+12153524907
+12153566416
+12153577369
+12153623858
+12153648256
+12153693415
+12153708173
+12153721797
+12153723820
+12153757038
+12153757181
+12153815846
+12153830048
+12153830190
+12153830395
+12153830673
+12153830820
+12153831242
+12153831516
+12153831815
+12153832354
+12153832638
+12153833360
+12153833369
+12153833671
+12153911776
+12153924380
+12153981445
+12153981699
+12154022056
+12154022059
+12154022060
+12154027694
+12154126314
+12154151423
+12154154010
+12154453883
+12154581260
+12154618100
+12154621213
+12154652379
+12154745687
+12154755144
+12154863411
+12154868356
+12154931477
+12154945568
+12155137531
+12155144571
+12155151744
+12155153340
+12155290597
+12155433687
+12155443732
+12155468721
+12155471865
+12155524180
+12155546163
+12155600043
+12155600080
+12155600139
+12155600140
+12155608302
+12155707397
+12155767852
+12155830715
+12155896786
+12155896839
+12155897217
+12155912935
+12155951481
+12155975657
+12155979980
+12156106759
+12156218349
+12156222371
+12156349426
+12156356839
+12156369425
+12156428094
+12156470338
+12156470374
+12156489632
+12156660310
+12156660318
+12156660663
+12156663456
+12156667311
+12156667312
+12156670089
+12156700960
+12156754320
+12156874151
+12156885479
+12156937358
+12156954604
+12157000001
+12157016305
+12157026306
+12157035310
+12157037485
+12157091122
+12157091126
+12157091211
+12157091212
+12157091213
+12157091214
+12157091215
+12157141811
+12157146565
+12157178774
+12157178782
+12157271960
+12157318867
+12157490848
+12157593159
+12157646865
+12157748588
+12157748978
+12157953159
+12157953885
+12157954925
+12157955062
+12157955543
+12158000243
+12158000373
+12158000694
+12158000724
+12158211858
+12158218924
+12158246595
+12158414000
+12158459080
+12158459084
+12158459140
+12158464591
+12158542600
+12158571011
+12158639967
+12158650040
+12158661368
+12158670014
+12158676970
+12158678591
+12158678594
+12158686193
+12158754550
+12158763199
+12158834305
+12158834306
+12158834307
+12158834308
+12158896054
+12158921416
+12159077371
+12159131072
+12159256871
+12159285400
+12159380379
+12159415765
+12159440456
+12159510250
+12159609019
+12159673927
+12159702965
+12159718511
+12159718514
+12159789515
+12159817790
+12159820762
+12159870367
+12159894342
+12159967362
+12159967425
+12159991538
+12159992747
+12162068212
+12162080517
+12162080572
+12162083512
+12162087169
+12162088860
+12162089131
+12162089202
+12162089555
+12162122469
+12162144991
+12162156159
+12162208952
+12162235072
+12162235874
+12162236833
+12162262143
+12162306145
+12162308032
+12162329768
+12162364745
+12162369223
+12162387071
+12162402888
+12162404399
+12162421227
+12162421243
+12162421245
+12162421246
+12162421247
+12162421287
+12162422526
+12162422627
+12162422677
+12162422740
+12162432260
+12162435320
+12162444737
+12162451289
+12162540485
+12162541627
+12162542784
+12162545233
+12162578976
+12162609609
+12162638350
+12162676213
+12162691212
+12162704216
+12162768849
+12162780127
+12162780153
+12162780207
+12162780501
+12162780542
+12162820353
+12162820354
+12162820367
+12162820536
+12162820549
+12162820601
+12162820704
+12162829458
+12162829577
+12162875360
+12162900832
+12162905058
+12163023615
+12163023876
+12163038675
+12163066700
+12163161732
+12163222638
+12163222639
+12163224048
+12163224433
+12163225274
+12163228255
+12163228377
+12163232314
+12163234465
+12163241174
+12163248859
+12163263508
+12163263765
+12163268970
+12163272471
+12163277020
+12163278047
+12163278082
+12163304430
+12163312326
+12163325652
+12163336443
+12163336904
+12163406880
+12163426121
+12163500785
+12163510916
+12163564939
+12163597457
+12163613312
+12163660275
+12163695167
+12163695618
+12163743220
+12163760417
+12163950138
+12164009538
+12164036313
+12164050305
+12164078688
+12164169037
+12164218619
+12164282570
+12164344002
+12164382955
+12164506713
+12164656688
+12164657847
+12164757915
+12164784333
+12164785118
+12164852689
+12164877010
+12164877013
+12164877014
+12164962642
+12164977933
+12164980458
+12165023048
+12165038439
+12165054995
+12165056176
+12165133183
+12165221400
+12165354560
+12165390097
+12165390107
+12165390790
+12165395069
+12165395817
+12165397421
+12165398505
+12165450866
+12165455345
+12165530004
+12165530347
+12165542937
+12165621548
+12165816556
+12165863954
+12165868900
+12165871967
+12166004333
+12166114009
+12166266719
+12166266724
+12166266738
+12166266739
+12166305554
+12166428900
+12166470257
+12166723673
+12166723698
+12166723721
+12166723731
+12166723784
+12166726363
+12166815822
+12166893000
+12166996004
+12167010747
+12167019762
+12167026286
+12167442524
+12167503332
+12167585907
+12167653295
+12167727300
+12167772006
+12167774536
+12167776351
+12167787800
+12167986469
+12168000914
+12168007681
+12168101881
+12168152830
+12168153120
+12168167679
+12168209348
+12168209410
+12168209444
+12168319645
+12168389983
+12168540292
+12168540922
+12168659002
+12168659102
+12168659124
+12168659126
+12168659141
+12168659412
+12168674815
+12169048149
+12169205488
+12169205619
+12169206220
+12169207714
+12169254535
+12169254853
+12169256871
+12169293568
+12169307159
+12169458246
+12169988689
+12172017134
+12172021377
+12172026636
+12172032070
+12172035098
+12172039097
+12172039135
+12172039739
+12172040752
+12172072110
+12172089865
+12172100346
+12172100347
+12172104402
+12172106194
+12172140529
+12172150124
+12172159554
+12172159961
+12172161640
+12172179274
+12172203671
+12172225488
+12172227183
+12172300278
+12172366034
+12172366061
+12172383281
+12172399398
+12172452542
+12172452920
+12172471227
+12172474100
+12172479026
+12172625127
+12172626340
+12172671993
+12172678671
+12172717680
+12172756132
+12172820123
+12172820165
+12172820168
+12172820171
+12172820176
+12172820186
+12172844145
+12172869856
+12172883813
+12172952554
+12172952567
+12172980516
+12172980681
+12172987013
+12172997567
+12173017008
+12173035175
+12173057596
+12173083576
+12173101002
+12173101824
+12173141402
+12173171663
+12173183193
+12173189128
+12173255788
+12173291424
+12173366615
+12173396959
+12173432328
+12173443395
+12173455017
+12173455091
+12173552492
+12173586851
+12173771959
+12173790381
+12173792662
+12173916296
+12173944138
+12173974225
+12173978784
+12173989544
+12173989755
+12173998269
+12174014286
+12174039027
+12174073137
+12174074365
+12174074867
+12174080831
+12174082288
+12174085550
+12174087335
+12174316475
+12174393981
+12174412035
+12174451907
+12174509605
+12174628009
+12174684744
+12174695681
+12174783482
+12174818030
+12174818064
+12174818293
+12174818310
+12174818311
+12174870056
+12174966235
+12174975726
+12174983011
+12175012312
+12175037936
+12175048270
+12175164302
+12175223522
+12175311581
+12175312548
+12175463281
+12175479100
+12175496214
+12175603103
+12175686250
+12175688651
+12175688783
+12175740027
+12175740360
+12175869094
+12175869175
+12175925064
+12176002033
+12176155683
+12176192807
+12176197167
+12176207230
+12176224709
+12176263248
+12176265001
+12176294171
+12176294173
+12176318480
+12176349775
+12176364421
+12176365570
+12176385797
+12176481122
+12176507426
+12176661897
+12176664787
+12176664944
+12176668095
+12176668440
+12176850052
+12176853084
+12177034078
+12177037008
+12177092556
+12177297574
+12177371338
+12177596010
+12177765574
+12177939125
+12178032311
+12178032999
+12178195887
+12178224677
+12178289135
+12178349940
+12178374095
+12178458321
+12178597457
+12178816439
+12178834239
+12178834240
+12178834284
+12178854083
+12178946272
+12179076473
+12179094421
+12179115111
+12179150317
+12179227948
+12179301198
+12179301417
+12179301442
+12179301601
+12179301713
+12179301897
+12179301915
+12179355916
+12179420649
+12179427077
+12179520060
+12179552707
+12179557883
+12179574429
+12179600827
+12179606585
+12179606587
+12179701636
+12179723923
+12179938521
+12182030739
+12182031085
+12182039352
+12182068221
+12182068549
+12182092967
+12182102169
+12182139275
+12182152286
+12182154247
+12182168900
+12182280442
+12182285578
+12182286002
+12182319367
+12182349875
+12182490445
+12182574194
+12182618017
+12182704418
+12182752016
+12182771768
+12182826752
+12182881148
+12182881830
+12182921022
+12182964565
+12182970053
+12182977977
+12183000257
+12183011005
+12183011834
+12183017752
+12183019661
+12183090431
+12183143541
+12183166037
+12183167688
+12183309330
+12183496512
+12183500337
+12183500452
+12183671462
+12183802142
+12183857573
+12183898939
+12184003658
+12184294051
+12184295164
+12184295300
+12184295576
+12184296130
+12184334016
+12184381544
+12184587915
+12184816396
+12185010040
+12185175003
+12185204673
+12185221406
+12185236541
+12185261459
+12185267713
+12185286859
+12185303235
+12185428025
+12185792093
+12185837180
+12185954572
+12186100388
+12186354286
+12186355462
+12186468621
+12186708017
+12187393155
+12187684316
+12187864015
+12187887160
+12187891622
+12187893602
+12187982969
+12188210961
+12188215425
+12188247134
+12188348331
+12188887032
+12189107601
+12189303539
+12192001275
+12192031554
+12192067805
+12192092147
+12192099430
+12192122276
+12192151001
+12192151472
+12192151567
+12192155610
+12192216265
+12192222276
+12192251839
+12192259195
+12192274611
+12192286565
+12192286625
+12192302388
+12192400015
+12192472967
+12192486782
+12192768621
+12192818049
+12192844025
+12192902474
+12193025924
+12193096451
+12193108510
+12193135584
+12193181200
+12193191016
+12193191017
+12193222695
+12193238767
+12193452886
+12193560787
+12193646254
+12193656587
+12193847872
+12194060853
+12194063255
+12194066260
+12194334509
+12194624378
+12195005591
+12195128583
+12195134243
+12195336642
+12195458769
+12196133282
+12196137620
+12196548687
+12196777880
+12196784446
+12197092645
+12197129133
+12197307182
+12197434679
+12197465191
+12197466092
+12197466114
+12197467086
+12197718519
+12198013559
+12198083265
+12198097312
+12198405909
+12198980184
+12198983420
+12199026383
+12199474577
+12199510424
+12199896048
+12199929828
+12199998014
+12202002170
+12202010840
+12202013688
+12202018069
+12203251008
+12203560283
+12212327777
+12214236023
+12216660000
+12217211120
+12217211207
+12222222222
+12222222245
+12223778400
+12223778476
+12232036076
+12232088892
+12232092100
+12232092215
+12232096875
+12232106142
+12232219202
+12232222301
+12232257679
+12232445458
+12236001229
+12238880011
+12242027359
+12242027377
+12242065158
+12242065328
+12242065329
+12242069587
+12242083796
+12242167989
+12242189042
+12242200482
+12242369729
+12242412700
+12242509923
+12242509937
+12242592509
+12242637917
+12242751285
+12242755775
+12242850002
+12242892473
+12242897799
+12242934690
+12243018153
+12243050446
+12243070143
+12243076930
+12243180177
+12243303280
+12243303282
+12243303283
+12243465098
+12243537414
+12243587580
+12243669545
+12243777299
+12243812306
+12243875714
+12243902330
+12244135369
+12244227697
+12244409076
+12244445897
+12244445898
+12244445900
+12245293777
+12245300357
+12245418150
+12245455225
+12245582346
+12245771726
+12246287998
+12246292500
+12246490131
+12246490146
+12247040310
+12247040314
+12247040495
+12247040860
+12247041462
+12247240133
+12247574231
+12247644300
+12247778781
+12247779266
+12248021737
+12248032272
+12248485297
+12248646142
+12248646920
+12249355515
+12249701988
+12249932237
+12249992604
+12252063358
+12252099035
+12252197330
+12252246202
+12252246512
+12252246553
+12252265414
+12252303432
+12252381284
+12252449035
+12252457115
+12252538163
+12252598490
+12252633945
+12252677038
+12252685248
+12252686669
+12252797428
+12252897540
+12252897570
+12253009408
+12253040003
+12253108032
+12253134414
+12253200081
+12253253775
+12253278422
+12253303037
+12253316969
+12253348344
+12253419634
+12253475488
+12253612436
+12253612449
+12253640130
+12253640229
+12253766398
+12254063486
+12254068591
+12254524253
+12254541933
+12254802002
+12254849311
+12255028834
+12255032850
+12255321203
+12255701048
+12256593622
+12256598284
+12256599769
+12256631052
+12256631844
+12256638285
+12256818604
+12256818701
+12256819373
+12257259649
+12257549520
+12257549867
+12257559649
+12257653500
+12257884164
+12258004396
+12258060471
+12259108444
+12259252700
+12259297712
+12259573940
+12262087377
+12264441507
+12264578956
+12267888493
+12272064671
+12272305278
+12282001136
+12282050230
+12282203019
+12282224788
+12282333479
+12282333546
+12282335859
+12282491094
+12282497963
+12282498736
+12282553474
+12282639250
+12282958049
+12283232331
+12283251008
+12283251029
+12283251033
+12283251038
+12283251039
+12283251169
+12283251172
+12283251202
+12283336305
+12283357264
+12283579084
+12283666613
+12284006422
+12286696864
+12288616720
+12292072268
+12292124719
+12292168646
+12292239425
+12292263547
+12292313339
+12292313340
+12292313342
+12292313343
+12292327438
+12292337248
+12292468908
+12292553478
+12292566453
+12292618296
+12292697325
+12292907973
+12292972340
+12292994115
+12292999620
+12293071810
+12293169080
+12293450663
+12293481445
+12293517806
+12293528539
+12293528542
+12293633083
+12293673020
+12293892298
+12293894977
+12294066051
+12294296260
+12294429156
+12294583508
+12295092799
+12295093293
+12295158584
+12295178562
+12295182123
+12295186462
+12295484621
+12295489563
+12295523730
+12296323111
+12296630313
+12296662494
+12296722253
+12298088991
+12298095851
+12298140307
+12298865406
+12299992028
+12312016107
+12312018017
+12312162717
+12312167094
+12312209531
+12312209753
+12312210299
+12312242038
+12312242059
+12312374094
+12312377277
+12312397143
+12312397172
+12312441793
+12312442752
+12312442991
+12312445072
+12312461582
+12312461689
+12312471697
+12312650249
+12312654730
+12312660171
+12312664781
+12312667332
+12312667347
+12312674143
+12312678110
+12312687946
+12312818674
+12313311511
+12313313069
+12313353864
+12313542404
+12313553520
+12313609314
+12313838060
+12313838062
+12313838064
+12313839190
+12313887004
+12313903804
+12313985003
+12314004270
+12314440016
+12314455307
+12314512211
+12314622990
+12314646041
+12314676272
+12314977060
+12315374672
+12315451569
+12315479607
+12315574250
+12315647770
+12315708471
+12315975030
+12316493692
+12316523214
+12316667006
+12316667007
+12316667089
+12316831846
+12316832952
+12317322081
+12317322085
+12317447737
+12317510977
+12317519081
+12317519082
+12317736658
+12317867386
+12318068066
+12318367565
+12319246508
+12319323079
+12322100138
+12322100149
+12322100156
+12322100221
+12322100226
+12322100239
+12322100242
+12322100253
+12322100258
+12322100267
+12322100291
+12322100294
+12322101384
+12322102946
+12322107504
+12322107541
+12322120010
+12322120011
+12322120012
+12322120013
+12322120014
+12322120015
+12322120017
+12322120018
+12322120019
+12322120134
+12334455678
+12334988336
+12337268600
+12342018460
+12342032690
+12342032921
+12342068892
+12342075682
+12342170294
+12342170305
+12342170306
+12342170309
+12342173277
+12342176464
+12342226112
+12342227510
+12342310047
+12342362588
+12342511001
+12342678821
+12342777144
+12342777146
+12343031750
+12343077528
+12343077530
+12343213432
+12343342538
+12343510023
+12343601415
+12343869376
+12343869396
+12344259748
+12345420022
+12345424681
+12345426147
+12345426721
+12345678900
+12345678901
+12345678910
+12347010931
+12347010932
+12347063363
+12347380987
+12347559920
+12348150296
+12348150441
+12348151305
+12348151308
+12348151310
+12348151311
+12348887182
+12348968524
+12349014846
+12357411111
+12357411112
+12357770098
+12363025124
+12365478252
+12365592598
+12365599854
+12369592121
+12392014634
+12392032059
+12392032439
+12392054843
+12392058924
+12392065451
+12392090489
+12392142609
+12392151305
+12392169807
+12392176596
+12392176824
+12392179340
+12392210061
+12392216187
+12392224106
+12392290453
+12392301409
+12392301757
+12392301761
+12392302439
+12392302743
+12392302848
+12392321549
+12392321615
+12392321665
+12392326650
+12392344377
+12392365485
+12392367221
+12392370227
+12392370262
+12392381232
+12392439059
+12392439337
+12392439461
+12392475402
+12392544240
+12392574109
+12392578945
+12392578954
+12392591943
+12392604264
+12392641508
+12392651286
+12392732696
+12392736559
+12392738231
+12392753662
+12392873033
+12392946003
+12393006975
+12393013132
+12393015215
+12393034017
+12393075142
+12393076112
+12393090722
+12393120381
+12393140294
+12393142309
+12393173308
+12393178789
+12393192256
+12393208042
+12393208659
+12393240572
+12393244680
+12393306710
+12393405712
+12393406461
+12393421862
+12393494983
+12393502632
+12393507967
+12393619176
+12393723124
+12393785705
+12393847131
+12393871680
+12393882574
+12394000550
+12394001383
+12394003721
+12394003725
+12394016950
+12394153802
+12394246563
+12394261431
+12394312804
+12394313228
+12394313798
+12394319452
+12394319460
+12394363687
+12394370425
+12394431441
+12394448648
+12394461318
+12394505782
+12394613094
+12394709149
+12394713438
+12394713994
+12394797407
+12394909665
+12394914157
+12394918139
+12394943123
+12394945762
+12394948527
+12395137650
+12395147325
+12395400026
+12395416804
+12395416805
+12395582148
+12395749182
+12395806021
+12396030497
+12396030986
+12396036573
+12396313560
+12396331038
+12396332119
+12396336399
+12396336682
+12396454288
+12396621442
+12396669659
+12396735213
+12396760032
+12396763662
+12396763730
+12396764132
+12396773114
+12396897890
+12396907132
+12396919877
+12397001234
+12397004545
+12397005858
+12397073253
+12397077398
+12397191922
+12397191994
+12397786542
+12397842640
+12397853257
+12397917883
+12397932144
+12397933577
+12397997517
+12398002895
+12398252984
+12398258649
+12398259638
+12398294261
+12398295705
+12398413570
+12398528522
+12398627541
+12398722500
+12398724238
+12398727829
+12398728829
+12398778463
+12398779864
+12398808414
+12398961211
+12398994265
+12399136770
+12399136820
+12399445574
+12399461202
+12399480869
+12399498860
+12399708209
+12399840822
+12399843119
+12399868916
+12399997124
+12402000182
+12402013552
+12402036145
+12402036464
+12402038067
+12402048264
+12402048270
+12402048643
+12402048754
+12402048755
+12402049491
+12402058511
+12402074727
+12402085493
+12402099245
+12402099294
+12402100540
+12402107120
+12402154973
+12402190464
+12402198328
+12402198635
+12402198652
+12402248210
+12402249098
+12402250241
+12402250242
+12402250338
+12402250517
+12402250968
+12402322197
+12402322251
+12402335013
+12402390586
+12402390624
+12402390630
+12402425905
+12402425937
+12402440477
+12402455939
+12402459499
+12402459501
+12402459503
+12402459540
+12402459541
+12402490180
+12402490219
+12402524606
+12402524622
+12402524685
+12402524879
+12402525164
+12402525483
+12402566131
+12402619089
+12402731064
+12402731425
+12402731427
+12402731466
+12402731486
+12402731487
+12402731489
+12402731492
+12402731499
+12402731521
+12402731851
+12402731939
+12402731941
+12402731961
+12402845496
+12402870872
+12402977868
+12403019664
+12403043307
+12403074555
+12403126105
+12403164678
+12403181116
+12403194494
+12403246319
+12403248601
+12403263584
+12403269412
+12403270935
+12403287843
+12403309960
+12403329665
+12403357878
+12403384124
+12403423447
+12403450435
+12403451622
+12403453476
+12403454134
+12403459406
+12403459725
+12403459953
+12403483745
+12403488565
+12403507489
+12403514448
+12403517113
+12403518289
+12403534936
+12403578625
+12403587380
+12403629777
+12403638065
+12403662202
+12403679312
+12403711082
+12403711830
+12403744680
+12403764518
+12403811450
+12403831802
+12403899316
+12403917134
+12403941658
+12403946009
+12404007157
+12404071514
+12404101141
+12404106347
+12404206029
+12404268585
+12404445275
+12404461724
+12404486263
+12404487720
+12404491435
+12404540168
+12404540965
+12404696334
+12404712573
+12404712574
+12404712633
+12404797390
+12404824696
+12404858409
+12404885793
+12404920994
+12404967443
+12404988591
+12405034498
+12405075056
+12405140158
+12405420185
+12405446179
+12405569952
+12405595027
+12405604630
+12405737968
+12405737978
+12405737979
+12405737981
+12405805189
+12405809653
+12405815881
+12405875485
+12405995135
+12406072289
+12406075078
+12406093194
+12406164180
+12406175376
+12406197320
+12406261252
+12406337169
+12406507116
+12406508433
+12406508687
+12406509500
+12406531987
+12406583338
+12406703126
+12406732163
+12406738195
+12406738266
+12406738291
+12406738330
+12406739879
+12406856039
+12406963234
+12407028605
+12407042481
+12407044423
+12407047620
+12407068754
+12407159326
+12407202983
+12407203478
+12407203479
+12407203487
+12407221481
+12407221928
+12407221929
+12407221945
+12407314086
+12407451340
+12407481550
+12407573581
+12407588592
+12407588608
+12407588612
+12407589468
+12407621711
+12407674787
+12407723830
+12407752308
+12407936927
+12408009403
+12408009490
+12408017818
+12408063008
+12408069525
+12408079522
+12408128166
+12408133311
+12408159026
+12408216467
+12408239594
+12408300109
+12408409810
+12408449255
+12408458527
+12408458812
+12408468789
+12408470276
+12408588219
+12408590545
+12408590675
+12408652074
+12408652089
+12408652092
+12408652099
+12408652104
+12408810033
+12408810098
+12408810110
+12408810132
+12408810241
+12408835222
+12408921270
+12409370626
+12409651641
+12409991784
+12425771260
+12425845756
+12432180052
+12435689021
+12452175142
+12455147775
+12455147777
+12455147778
+12455147779
+12456622744
+12457158652
+12457814722
+12458976589
+12465875045
+12467568368
+12473812595
+12475916075
+12478514245
+12482063469
+12482068706
+12482096111
+12482138667
+12482139132
+12482139399
+12482150425
+12482150436
+12482150437
+12482150581
+12482150582
+12482150583
+12482160664
+12482160666
+12482160667
+12482160670
+12482203353
+12482240128
+12482283088
+12482283915
+12482283916
+12482304776
+12482330600
+12482365079
+12482374345
+12482388990
+12482388996
+12482403717
+12482408595
+12482438451
+12482510514
+12482643825
+12482657060
+12482661344
+12482703480
+12482708611
+12482709030
+12482828102
+12482833633
+12482859673
+12482859905
+12482894657
+12482899331
+12482908371
+12482911995
+12482922029
+12482922030
+12482940146
+12482976091
+12482976446
+12483011515
+12483012120
+12483047938
+12483081093
+12483087196
+12483196078
+12483490950
+12483523271
+12483612914
+12483749105
+12483790426
+12483792645
+12483792800
+12483839193
+12483849089
+12483888200
+12483889003
+12483954148
+12484061461
+12484294201
+12484340050
+12484388332
+12484407989
+12484532293
+12484584349
+12484584585
+12484663203
+12484726555
+12484807184
+12484807262
+12484807263
+12484844219
+12485042384
+12485044730
+12485074158
+12485092600
+12485095430
+12485138293
+12485138684
+12485208896
+12485217273
+12485229950
+12485256989
+12485306469
+12485320413
+12485424419
+12485426474
+12485493180
+12485643254
+12485647933
+12485650024
+12485771835
+12485816556
+12485816576
+12485917503
+12485977074
+12485987321
+12485987685
+12486060124
+12486172039
+12486196702
+12486215717
+12486215752
+12486218694
+12486290521
+12486313739
+12486457444
+12486481982
+12486634636
+12486678362
+12486750320
+12486800148
+12486876823
+12486902101
+12487100050
+12487205456
+12487315393
+12487315433
+12487419955
+12487479312
+12487559562
+12487559949
+12487594155
+12487595393
+12487598288
+12487808661
+12487897504
+12487925941
+12487941182
+12488001984
+12488007585
+12488178118
+12488220081
+12488297047
+12488297056
+12488297067
+12488297079
+12488302158
+12488304166
+12488398470
+12488590051
+12488662314
+12488668050
+12488822614
+12488851583
+12488879712
+12489041254
+12489183441
+12489371355
+12489435644
+12489714128
+12489889183
+12489990909
+12502675548
+12512022222
+12512025482
+12512060533
+12512107226
+12512197353
+12512303115
+12512332399
+12512393008
+12512393024
+12512393057
+12512410845
+12512504181
+12512554459
+12512622954
+12512630486
+12512630496
+12512630497
+12512653950
+12512691116
+12512723870
+12512731651
+12512732698
+12512741637
+12512779062
+12512833947
+12513019797
+12513020937
+12513029094
+12513029115
+12513086592
+12513182325
+12513798098
+12514351200
+12514443901
+12514510954
+12514760320
+12514949019
+12515171617
+12515494949
+12515711524
+12515838397
+12516602910
+12517251750
+12517475765
+12519282790
+12519473801
+12519736414
+12522020491
+12522084285
+12522162917
+12522192955
+12522432723
+12522510731
+12522522211
+12522522221
+12522622628
+12522673720
+12522683454
+12522734568
+12522803846
+12522812218
+12522853094
+12522874569
+12522929025
+12523054370
+12523071047
+12523183368
+12523278813
+12523620033
+12523684677
+12523745933
+12523821059
+12523855001
+12523898153
+12523899777
+12523922977
+12524213323
+12524245186
+12524265231
+12524267889
+12524287828
+12524291228
+12524416037
+12524429476
+12524582381
+12524604242
+12524611134
+12524942489
+12524942606
+12524944391
+12524947044
+12524947049
+12525106085
+12525439080
+12525445666
+12525494889
+12525581064
+12525650264
+12525845237
+12525990583
+12525992241
+12526186944
+12526434540
+12526546803
+12526549162
+12526859865
+12527122198
+12527337088
+12527377397
+12527541633
+12527572101
+12527572103
+12527760238
+12528146092
+12528752681
+12529318089
+12529339631
+12529469469
+12532000935
+12532001112
+12532001187
+12532004058
+12532004586
+12532004937
+12532005879
+12532005889
+12532006562
+12532014767
+12532031848
+12532031851
+12532031856
+12532031863
+12532031864
+12532031865
+12532031867
+12532036840
+12532042421
+12532050739
+12532058865
+12532058963
+12532086556
+12532090379
+12532106601
+12532143017
+12532143107
+12532143420
+12532143854
+12532151068
+12532151397
+12532151620
+12532156009
+12532160577
+12532160605
+12532160655
+12532160664
+12532160668
+12532160680
+12532162526
+12532162528
+12532162530
+12532163443
+12532164607
+12532168095
+12532186128
+12532207260
+12532209550
+12532209602
+12532349176
+12532360579
+12532362210
+12532362595
+12532378446
+12532378448
+12532389509
+12532389516
+12532430813
+12532431143
+12532431281
+12532439578
+12532443310
+12532446152
+12532449494
+12532451998
+12532452144
+12532452250
+12532452251
+12532452253
+12532452534
+12532452536
+12532453185
+12532453197
+12532525684
+12532580062
+12532580065
+12532580085
+12532580086
+12532580087
+12532583040
+12532626876
+12532659144
+12532659323
+12532697542
+12532715525
+12532723515
+12532778025
+12532891826
+12532896005
+12532897320
+12532923270
+12532923889
+12532923908
+12532923928
+12532923977
+12532949357
+12532994007
+12533000672
+12533072960
+12533287183
+12533287184
+12533288811
+12533288901
+12533288906
+12533288921
+12533364185
+12533364362
+12533364964
+12533364968
+12533365037
+12533365318
+12533365321
+12533365325
+12533365892
+12533365894
+12533365912
+12533365927
+12533372045
+12533414598
+12533566741
+12533596420
+12533772045
+12533776034
+12533987813
+12534058527
+12534059526
+12534557534
+12534557687
+12534700164
+12534704881
+12534952315
+12534987868
+12535186102
+12535337282
+12535339181
+12535351287
+12535414406
+12535446627
+12535618962
+12535630606
+12535657356
+12535686201
+12535828488
+12535904795
+12535969080
+12536067050
+12536170340
+12536171818
+12536177285
+12536177338
+12536177364
+12536186935
+12536201454
+12536207329
+12536550843
+12536554387
+12536554448
+12536554474
+12536554857
+12536554863
+12536564246
+12536564763
+12536566680
+12536769062
+12536934359
+12537337594
+12537337595
+12537535318
+12537535518
+12537539232
+12537539233
+12537539235
+12537774371
+12538020792
+12538356700
+12538436191
+12538436238
+12538577175
+12538628296
+12539226004
+12539449358
+12539613528
+12539638452
+12539735179
+12539854373
+12539995904
+12539995911
+12542123056
+12542123058
+12542123060
+12542123061
+12542123062
+12542123064
+12542123733
+12542138591
+12542143115
+12542186304
+12542276380
+12542283412
+12542286653
+12542309687
+12542366035
+12542367499
+12542382641
+12542384345
+12542421121
+12542442276
+12542443386
+12542444003
+12542469660
+12542525263
+12542532862
+12542626001
+12542673009
+12542673474
+12542674518
+12542675323
+12542720091
+12542734622
+12542754866
+12542755317
+12542756140
+12542942146
+12542943315
+12542947646
+12542985500
+12543007712
+12543040851
+12543047995
+12543064008
+12543077628
+12543086387
+12543089574
+12543090085
+12543090603
+12543094800
+12543108019
+12543158890
+12543193718
+12543261325
+12543265896
+12543307898
+12543307951
+12543389993
+12543710669
+12543717872
+12543870031
+12543870040
+12543890260
+12544056753
+12544334284
+12544334554
+12544334660
+12544334951
+12544334952
+12544334973
+12544334974
+12544334975
+12544334976
+12544335125
+12544335126
+12544335137
+12544335328
+12544335355
+12544335408
+12544355061
+12544356510
+12544499277
+12544520033
+12544520379
+12544622088
+12544676644
+12544685382
+12544709483
+12544724136
+12544776501
+12544778094
+12544820213
+12544886062
+12545050647
+12545227491
+12545227501
+12545227514
+12545227529
+12545227532
+12545227533
+12545227536
+12545227539
+12545227547
+12545227566
+12545227570
+12545227578
+12545227580
+12545275060
+12545336589
+12545342754
+12545353258
+12545492192
+12545646894
+12545702291
+12545773174
+12545774321
+12545984200
+12546249042
+12546470081
+12546551443
+12546799580
+12546932111
+12546936012
+12546936019
+12546936022
+12546936023
+12546936024
+12546993136
+12547153967
+12547157369
+12547186530
+12547189748
+12547330970
+12547373605
+12547378605
+12547399182
+12547726111
+12547800300
+12547893256
+12547896582
+12547918686
+12547992938
+12548335978
+12548529905
+12548574588
+12548590362
+12548631200
+12548761122
+12548764861
+12548765858
+12548796582
+12548819010
+12548920147
+12548924984
+12548954856
+12562140592
+12562232678
+12562322097
+12562392598
+12562578861
+12562724695
+12562761009
+12562762698
+12562764293
+12562767186
+12562794106
+12562802213
+12562802219
+12562804318
+12562813257
+12562864015
+12562892006
+12562918674
+12563103962
+12563109366
+12563125183
+12563126841
+12563156469
+12563278800
+12563433761
+12563468138
+12563514665
+12563566372
+12563685387
+12563751855
+12563875009
+12563983919
+12564019175
+12564143264
+12564144191
+12564192376
+12564192975
+12564423360
+12564545146
+12564550677
+12564550810
+12564573893
+12564596758
+12564691014
+12564720220
+12565102225
+12565250731
+12565256538
+12565295451
+12565420702
+12565539224
+12565680817
+12565680896
+12565711858
+12565917701
+12565946969
+12565965071
+12566335733
+12566486581
+12566603092
+12566661003
+12566700051
+12566763426
+12566900146
+12566900481
+12566900484
+12566925379
+12566934727
+12566941510
+12566971339
+12567112087
+12567130260
+12567270164
+12567342222
+12567419389
+12567434524
+12567489801
+12567557012
+12567557718
+12567596506
+12567637825
+12567810764
+12567812822
+12568006154
+12568010065
+12568180007
+12568413536
+12568417013
+12568418097
+12568536023
+12568548995
+12568672478
+12568745983
+12568917755
+12569060467
+12569182039
+12587458929
+12587458965
+12589754687
+12592452484
+12602004321
+12602004537
+12602134025
+12602161078
+12602161243
+12602226301
+12602226561
+12602277463
+12602289523
+12602327862
+12602355355
+12602385814
+12602396534
+12602396811
+12602434349
+12602504418
+12602504425
+12602614324
+12602636557
+12602680918
+12602713415
+12602974253
+12603331672
+12603331749
+12603442218
+12603451022
+12603991029
+12604081612
+12604081725
+12604081732
+12604085866
+12604085876
+12604831083
+12604880542
+12605039739
+12605179433
+12605533015
+12605798171
+12605850110
+12605850159
+12605895595
+12606235273
+12606235279
+12606375109
+12607247628
+12607406551
+12607407481
+12607408020
+12607996334
+12608081208
+12608432011
+12608971064
+12609013236
+12609056866
+12609066633
+12609098281
+12609190140
+12615084801
+12619789267
+12622000379
+12622000681
+12622000682
+12622000860
+12622008167
+12622051880
+12622069238
+12622091204
+12622146122
+12622225025
+12622326367
+12622448838
+12622529649
+12622722452
+12622893510
+12622905600
+12623067006
+12623306327
+12623525088
+12623686615
+12623848665
+12623931021
+12623931317
+12624214832
+12624234139
+12624324145
+12624370693
+12624985001
+12625099142
+12625461083
+12625770298
+12625785920
+12625819158
+12625836376
+12625844514
+12626074448
+12626134265
+12626209518
+12626497847
+12626626270
+12626626272
+12626640834
+12626714891
+12626724936
+12626828068
+12626861175
+12627031977
+12627048208
+12627049780
+12627050064
+12627169917
+12627195447
+12627254022
+12627405683
+12628009039
+12628644440
+12628838241
+12628844158
+12628934311
+12629012547
+12629101861
+12629105321
+12629233190
+12629950990
+12629950995
+12632056393
+12637886829
+12637888825
+12637888847
+12652369871
+12652631951
+12658798458
+12662895458
+12665673390
+12666581763
+12672019011
+12672019074
+12672020433
+12672024652
+12672072713
+12672072879
+12672109374
+12672146700
+12672197851
+12672230089
+12672232401
+12672232700
+12672236148
+12672254881
+12672336022
+12672336724
+12672458670
+12672517588
+12672525553
+12672533408
+12672718567
+12672818789
+12672818797
+12672914814
+12672914815
+12672914816
+12672916692
+12672935107
+12672964499
+12672974225
+12673084140
+12673104030
+12673172616
+12673184009
+12673245954
+12673261637
+12673285270
+12673390700
+12673390740
+12673390753
+12673390769
+12673483280
+12673489801
+12673503385
+12673610344
+12673666274
+12673666275
+12673696101
+12673703128
+12673715237
+12673715248
+12673715353
+12673715374
+12673715381
+12673715387
+12673715389
+12673715400
+12673715404
+12673715407
+12673715416
+12673715423
+12673715427
+12673715441
+12673715446
+12673715450
+12673715473
+12673715476
+12673715479
+12673715489
+12673715509
+12673762328
+12673881837
+12673889490
+12673889492
+12673889517
+12673889523
+12673961072
+12673979045
+12674054685
+12674056089
+12674349701
+12674354283
+12674403301
+12674403471
+12674490953
+12674632584
+12674632585
+12674632602
+12674778884
+12674860597
+12674869829
+12674954637
+12675070993
+12675097170
+12675156148
+12675171546
+12675210051
+12675211355
+12675362452
+12675363455
+12675528437
+12675674112
+12675694892
+12675784244
+12675861999
+12675871104
+12675924426
+12675973227
+12676061175
+12676061251
+12676097690
+12676319705
+12676342192
+12676567133
+12676666128
+12676666411
+12676666744
+12676781377
+12676781600
+12676781702
+12676781724
+12676781783
+12676920115
+12676936055
+12677031460
+12677032037
+12677056179
+12677109605
+12677139363
+12677191820
+12677320041
+12677562053
+12677562084
+12677562088
+12677562095
+12677562122
+12677562125
+12677562128
+12677562135
+12677562139
+12677562144
+12677562148
+12677562150
+12677562151
+12677562156
+12677562165
+12677562184
+12677562200
+12677562251
+12677562294
+12677562306
+12677562312
+12677562324
+12677562346
+12677562348
+12677580055
+12677580843
+12677623975
+12677736139
+12677736210
+12677787512
+12677948701
+12677991780
+12678002424
+12678070511
+12678209036
+12678257783
+12678280033
+12678280293
+12678280464
+12678416010
+12678465614
+12678510381
+12678637630
+12678718130
+12678719314
+12678810052
+12678810077
+12678938257
+12679067400
+12679078654
+12679089749
+12679098545
+12679366018
+12679542859
+12679542897
+12679549722
+12679549723
+12679549957
+12679681183
+12679736174
+12679877311
+12679946476
+12679981048
+12682620000
+12692015719
+12692025913
+12692108513
+12692158187
+12692172924
+12692175136
+12692176198
+12692217445
+12692221112
+12692244841
+12692247279
+12692249028
+12692249029
+12692449029
+12692855144
+12692888630
+12692888631
+12692888641
+12693011529
+12693094407
+12693172815
+12693179041
+12693455708
+12693573998
+12693773129
+12693773965
+12693774139
+12694059712
+12694059823
+12694091202
+12694209816
+12694253071
+12694303201
+12694308882
+12694592130
+12694640126
+12694895415
+12695060394
+12695067713
+12695589031
+12695681832
+12695754849
+12695981821
+12696012589
+12696054187
+12696054191
+12696820253
+12697200673
+12697205432
+12697205806
+12697750010
+12697778833
+12697870020
+12697870022
+12698062922
+12698066563
+12698200094
+12698381932
+12698766849
+12698959608
+12699032523
+12699933278
+12699982730
+12699989867
+12702038978
+12702089428
+12702096074
+12702145637
+12702154698
+12702164276
+12702164643
+12702229699
+12702248569
+12702259068
+12702282090
+12702282150
+12702325763
+12702325804
+12702365504
+12702386001
+12702386130
+12702388125
+12702502466
+12702574472
+12702695152
+12702758014
+12702842455
+12703305478
+12703362933
+12703536421
+12703667299
+12703690996
+12703695465
+12704316261
+12704444256
+12704555652
+12704655469
+12704656843
+12704856252
+12704952915
+12704959907
+12705007011
+12705161090
+12705357405
+12705467108
+12705516362
+12705600001
+12705600994
+12705945077
+12705945781
+12706017039
+12706049726
+12706400744
+12706400747
+12706400799
+12706509841
+12706813086
+12706888540
+12706977744
+12706978121
+12707275125
+12707336058
+12707406551
+12707676826
+12707700041
+12707703316
+12707716150
+12707817800
+12708044116
+12708057054
+12708057757
+12708057918
+12708120029
+12708170002
+12708186532
+12708251381
+12708331151
+12708331611
+12708406151
+12708422421
+12708735391
+12708835387
+12709366066
+12709368564
+12709455241
+12709458123
+12709510682
+12709671033
+12709712317
+12709778927
+12709800231
+12709847283
+12709848726
+12709849544
+12709849780
+12709872725
+12713864976
+12722000283
+12722019837
+12722206398
+12722226539
+12722716385
+12722951745
+12723595333
+12729996263
+12732143245
+12762003053
+12762005708
+12762062741
+12762122567
+12762125597
+12762185255
+12762215123
+12762228216
+12762228732
+12762309259
+12762356464
+12762432811
+12762448060
+12762448102
+12762580942
+12762586006
+12762586019
+12762741607
+12763021761
+12763230396
+12763231047
+12763231748
+12763237047
+12763396651
+12763520304
+12763520707
+12763560096
+12764034866
+12764039600
+12764091405
+12764512101
+12764513608
+12764513634
+12764517939
+12764517942
+12764558493
+12764774118
+12764965562
+12765224884
+12765319338
+12765319345
+12765339455
+12765841058
+12766854611
+12767968000
+12768350011
+12768853110
+12769578878
+12787690569
+12792126124
+12792225289
+12792795807
+12792795907
+12797771394
+12797771472
+12798577964
+12812010888
+12812011113
+12812015171
+12812020200
+12812031077
+12812036870
+12812040500
+12812054004
+12812055716
+12812058638
+12812058938
+12812058940
+12812064853
+12812074892
+12812130033
+12812160962
+12812169731
+12812169823
+12812173207
+12812178949
+12812211537
+12812228683
+12812310070
+12812310161
+12812327117
+12812328719
+12812353024
+12812407324
+12812450692
+12812473101
+12812475113
+12812504004
+12812622671
+12812693410
+12812773344
+12812952407
+12813013638
+12813052070
+12813056174
+12813060699
+12813066675
+12813105629
+12813105764
+12813266470
+12813269301
+12813361001
+12813361037
+12813361287
+12813361609
+12813361791
+12813433435
+12813469015
+12813581858
+12813583485
+12813773357
+12813776408
+12813788291
+12813788292
+12813788294
+12813930097
+12813934410
+12813937012
+12813944904
+12814026522
+12814047548
+12814070659
+12814070846
+12814071401
+12814076114
+12814077643
+12814082305
+12814082595
+12814082771
+12814170611
+12814170702
+12814229246
+12814335199
+12814367478
+12814497491
+12814619904
+12814671401
+12815017570
+12815017768
+12815025039
+12815190133
+12815353220
+12815423867
+12815450221
+12815450307
+12815450308
+12815450326
+12815450327
+12815450329
+12815450425
+12815450427
+12815450428
+12815463429
+12815528996
+12815573790
+12815604159
+12815604522
+12815604554
+12815641012
+12815714400
+12815733170
+12815810188
+12815834515
+12815933503
+12816062016
+12816063945
+12816086693
+12816120297
+12816120373
+12816126183
+12816230192
+12816244004
+12816244048
+12816244485
+12816244525
+12816261109
+12816394405
+12816474152
+12816525798
+12816538521
+12816574521
+12816585025
+12816602138
+12816614023
+12816617668
+12816617772
+12816628313
+12816662007
+12816701572
+12816723873
+12816745610
+12816766004
+12816773868
+12816876085
+12816877890
+12816885582
+12816944361
+12816995686
+12816999759
+12817028593
+12817092093
+12817096392
+12817099383
+12817099388
+12817100041
+12817100044
+12817100045
+12817100052
+12817100057
+12817100058
+12817100060
+12817100064
+12817100071
+12817100085
+12817100089
+12817100110
+12817108738
+12817153431
+12817156302
+12817420540
+12817471050
+12817471073
+12817511179
+12817519239
+12817520147
+12817533916
+12817632045
+12817632294
+12817649199
+12817674046
+12817694274
+12817710022
+12817710023
+12817710026
+12817864015
+12817893090
+12817910111
+12817988455
+12818065695
+12818082308
+12818082572
+12818088378
+12818157991
+12818161864
+12818165938
+12818169408
+12818192903
+12818194143
+12818239390
+12818243234
+12818302273
+12818438011
+12818457297
+12818467917
+12818494125
+12818509835
+12818602325
+12818602633
+12818641221
+12818641296
+12818683510
+12818696031
+12818696074
+12818696587
+12818720761
+12818867877
+12818868788
+12818882929
+12818990575
+12819154105
+12819187268
+12819217362
+12819290158
+12819299794
+12819321508
+12819323936
+12819352114
+12819360972
+12819415836
+12819417304
+12819496101
+12819540277
+12819542837
+12819542878
+12819542884
+12819543826
+12819681763
+12819684046
+12819685404
+12819711782
+12819728932
+12819732031
+12819753032
+12819754240
+12819848797
+12819848799
+12819849327
+12819906005
+12819947457
+12819947715
+12823524977
+12826086432
+12843411744
+12843411936
+12843412053
+12843412101
+12855987858
+12858530610
+12882564782
+12883251038
+12892016645
+12892249816
+12898000303
+12927637698
+12932983983
+12933808656
+12937409834
+13002245495
+13006224734
+13012001567
+13012001692
+13012001731
+13012008651
+13012009301
+13012016568
+13012022496
+13012028137
+13012028709
+13012028842
+13012192109
+13012199971
+13012230056
+13012230117
+13012232119
+13012233002
+13012233003
+13012233004
+13012233005
+13012233009
+13012280189
+13012280969
+13012311024
+13012311648
+13012320073
+13012320210
+13012325312
+13012325553
+13012325591
+13012350915
+13012418011
+13012423089
+13012423096
+13012428017
+13012428022
+13012429282
+13012429572
+13012429590
+13012440280
+13012440299
+13012450420
+13012450433
+13012453487
+13012460942
+13012460970
+13012462797
+13012462928
+13012480399
+13012501472
+13012509642
+13012539927
+13012625581
+13012655479
+13012718070
+13012718111
+13012731116
+13012731136
+13012746011
+13012746012
+13012746013
+13012746016
+13012746026
+13012746060
+13012746087
+13012767796
+13012874224
+13012874316
+13012947896
+13012957596
+13012981205
+13012981634
+13012981635
+13012981645
+13012981646
+13012981647
+13012981660
+13012981661
+13012981892
+13012985125
+13012987311
+13012988083
+13013012552
+13013019094
+13013019112
+13013020751
+13013023176
+13013027914
+13013029152
+13013149500
+13013158218
+13013218052
+13013273200
+13013278434
+13013290224
+13013290898
+13013294673
+13013295055
+13013295060
+13013295066
+13013295829
+13013336000
+13013406577
+13013412201
+13013457631
+13013461351
+13013461551
+13013491220
+13013580364
+13013586350
+13013586699
+13013586815
+13013591273
+13013611126
+13013624899
+13013634869
+13013637094
+13013644249
+13013646623
+13013688198
+13013688388
+13013711875
+13013751394
+13013778889
+13013803000
+13013871630
+13013886676
+13014072564
+13014120363
+13014217890
+13014276009
+13014294671
+13014295516
+13014376817
+13014449615
+13014501008
+13014501122
+13014532162
+13014532314
+13014551689
+13014585214
+13014681834
+13014698564
+13014760342
+13014760521
+13014832818
+13014852043
+13014883323
+13014941056
+13014948098
+13014991550
+13015208876
+13015242952
+13015259608
+13015349321
+13015354842
+13015381424
+13015391050
+13015495894
+13015623640
+13015639804
+13015703298
+13015758136
+13015793853
+13015794666
+13015819200
+13015919414
+13016033146
+13016155185
+13016231016
+13016340880
+13016349930
+13016372628
+13016428447
+13016585159
+13016658000
+13016662628
+13016666531
+13016666989
+13016666991
+13016788869
+13016796076
+13016835641
+13016835972
+13016868307
+13016894330
+13016899705
+13016904079
+13016904120
+13016909041
+13017080597
+13017080653
+13017096762
+13017130839
+13017237459
+13017252061
+13017314470
+13017328660
+13017396573
+13017460890
+13017502240
+13017516857
+13017561856
+13017603315
+13017684470
+13017710091
+13017710703
+13017710707
+13017710991
+13017719022
+13017719051
+13017719052
+13017719053
+13017719057
+13017762168
+13017782514
+13017782553
+13017830509
+13017830664
+13017860885
+13017863392
+13017863856
+13017902790
+13017931278
+13017990342
+13017990345
+13018039059
+13018040124
+13018040151
+13018040291
+13018046777
+13018049108
+13018049183
+13018049454
+13018104039
+13018104533
+13018259928
+13018281137
+13018281139
+13018306725
+13018340107
+13018366348
+13018424754
+13018427252
+13018427715
+13018428632
+13018428758
+13018428798
+13018453066
+13018504313
+13018548666
+13018574453
+13018594903
+13018597614
+13018597879
+13018610245
+13018675864
+13018696828
+13018736812
+13018764206
+13018764309
+13018809043
+13018822235
+13018825139
+13018843204
+13018875554
+13018923159
+13018985782
+13019002545
+13019008819
+13019018208
+13019020561
+13019099197
+13019173785
+13019185424
+13019216823
+13019245011
+13019334874
+13019440468
+13019573571
+13019638279
+13019638281
+13019667159
+13019667383
+13019692202
+13019694170
+13019694642
+13019695138
+13019695154
+13019733932
+13019779765
+13019780199
+13019797070
+13019947355
+13019972211
+13022023405
+13022023509
+13022025568
+13022025569
+13022025575
+13022026778
+13022053167
+13022121272
+13022121328
+13022121771
+13022121773
+13022121775
+13022121782
+13022121827
+13022124058
+13022124434
+13022164729
+13022173719
+13022173720
+13022178502
+13022199678
+13022225555
+13022233030
+13022233447
+13022235260
+13022295377
+13022311959
+13022312099
+13022312505
+13022315385
+13022315680
+13022326257
+13022326258
+13022326637
+13022345698
+13022382060
+13022504721
+13022518600
+13022518888
+13022565765
+13022572701
+13022573800
+13022575263
+13022608594
+13022615532
+13022618145
+13022629092
+13022646096
+13022686784
+13022689161
+13022735035
+13022738587
+13022780512
+13022788230
+13022793069
+13022807456
+13022812522
+13022891079
+13022893370
+13022911854
+13022940733
+13023003664
+13023004775
+13023025818
+13023071421
+13023071426
+13023079380
+13023104472
+13023138736
+13023138737
+13023155241
+13023169259
+13023195125
+13023231666
+13023279044
+13023302527
+13023307740
+13023307924
+13023309566
+13023312969
+13023334196
+13023334197
+13023335832
+13023368445
+13023515932
+13023534599
+13023591253
+13023595403
+13023646060
+13023803686
+13023807523
+13023843190
+13023853878
+13023863914
+13023874230
+13023935149
+13023940059
+13023946808
+13024003836
+13024035584
+13024044821
+13024054655
+13024123550
+13024153984
+13024163014
+13024164485
+13024165317
+13024225629
+13024274513
+13024289378
+13024400427
+13024400563
+13024400756
+13024401374
+13024408210
+13024408224
+13024427444
+13024459783
+13024463438
+13024463512
+13024464736
+13024464756
+13024502451
+13024507480
+13024516980
+13024541710
+13024623153
+13024788070
+13024802671
+13024804335
+13024819846
+13024828155
+13024878388
+13024988299
+13025000102
+13025004151
+13025004153
+13025004155
+13025044442
+13025046222
+13025046223
+13025046331
+13025088028
+13025091361
+13025091596
+13025101556
+13025132876
+13025135973
+13025250001
+13025260513
+13025260514
+13025264076
+13025264136
+13025264184
+13025264325
+13025264337
+13025333514
+13025360069
+13025392888
+13025449206
+13025494367
+13025494703
+13025498889
+13025498892
+13025616029
+13025654017
+13025663078
+13025790307
+13025948200
+13026014291
+13026286155
+13026501002
+13026501027
+13026501528
+13026528438
+13026545151
+13026590010
+13026668405
+13026690200
+13026707890
+13026831226
+13026951918
+13027031098
+13027151089
+13027216265
+13027216275
+13027246955
+13027248007
+13027253025
+13027270807
+13027471928
+13027603343
+13027603364
+13027633011
+13027654485
+13027755803
+13027820298
+13027961887
+13027972580
+13027985842
+13028035525
+13028312610
+13028342020
+13028389120
+13028428435
+13028615020
+13028642277
+13028997264
+13029008821
+13029182373
+13029182640
+13029184571
+13029225099
+13029225127
+13029225131
+13029273338
+13029274692
+13029277422
+13029451678
+13029475664
+13029478206
+13029478933
+13029563281
+13029569406
+13029669241
+13029669323
+13029669411
+13029669456
+13029928287
+13032090916
+13032095568
+13032097572
+13032140159
+13032144003
+13032149978
+13032182249
+13032189627
+13032191456
+13032191497
+13032191604
+13032191657
+13032197034
+13032198724
+13032198732
+13032198738
+13032232631
+13032385263
+13032385808
+13032425035
+13032505238
+13032546152
+13032555349
+13032555353
+13032555354
+13032561031
+13032561501
+13032562580
+13032611004
+13032618688
+13032626901
+13032778468
+13032789212
+13032808689
+13032842161
+13032842165
+13032842169
+13032932727
+13032974600
+13033030303
+13033050161
+13033178503
+13033238693
+13033300000
+13033332245
+13033339999
+13033489491
+13033510586
+13033510716
+13033513882
+13033517112
+13033517911
+13033517922
+13033530249
+13033530790
+13033531974
+13033572283
+13033572555
+13033583642
+13033714789
+13033730422
+13033790240
+13033850493
+13034152514
+13034261075
+13034284654
+13034374825
+13034423813
+13034429287
+13034495000
+13034499600
+13034607538
+13034793110
+13034793287
+13034793326
+13034793327
+13034793331
+13034793380
+13034793496
+13034793560
+13034793562
+13034793828
+13034794905
+13034813301
+13034815266
+13034820911
+13034822161
+13034879551
+13034894730
+13034945071
+13035005179
+13035006643
+13035025082
+13035028401
+13035073746
+13035223935
+13035243380
+13035293015
+13035293045
+13035293075
+13035294686
+13035296672
+13035300300
+13035300303
+13035311280
+13035325952
+13035328776
+13035365674
+13035574857
+13035581485
+13035581510
+13035586903
+13035669852
+13035697760
+13035697781
+13035698204
+13035787949
+13035837310
+13035865905
+13035866521
+13035866591
+13035913991
+13036065679
+13036067100
+13036257405
+13036257414
+13036259830
+13036262656
+13036471225
+13036473007
+13036475451
+13036479531
+13036562117
+13036577000
+13036657890
+13036789891
+13036801994
+13036836620
+13036922190
+13037284832
+13037287648
+13037289995
+13037312610
+13037314252
+13037316329
+13037325136
+13037328447
+13037334465
+13037369748
+13037473137
+13037473695
+13037474606
+13037521621
+13037727890
+13037781000
+13037814610
+13037869500
+13037944714
+13038006682
+13038008851
+13038187890
+13038234687
+13038234944
+13038277106
+13038390015
+13038451248
+13038470388
+13038483038
+13038483717
+13038484920
+13038556410
+13038559208
+13038575761
+13038623192
+13038672025
+13038720667
+13038720669
+13038726063
+13038728108
+13038728139
+13038728408
+13038751231
+13039004730
+13039096123
+13039231323
+13039331211
+13039411210
+13039420678
+13039449101
+13039450389
+13039484914
+13039544079
+13039618733
+13039633157
+13039671090
+13039671096
+13039686632
+13039702559
+13039707613
+13039756503
+13039850482
+13039853819
+13039931921
+13039949101
+13039960258
+13039973742
+13039975756
+13042005734
+13042050258
+13042050376
+13042051167
+13042053543
+13042152697
+13042195570
+13042208074
+13042387564
+13042440931
+13042444602
+13042493407
+13042493415
+13042497186
+13042504737
+13042509705
+13042509835
+13042635785
+13042635786
+13042783686
+13042897889
+13042923841
+13043031010
+13043090898
+13043093654
+13043096497
+13043173682
+13043174300
+13043439401
+13043449291
+13043449292
+13043501841
+13043501898
+13043501909
+13043587212
+13043625973
+13043626196
+13043704157
+13043815181
+13043895128
+13043963565
+13043976579
+13043976582
+13044006408
+13044018985
+13044026807
+13044083251
+13044263209
+13044410999
+13044478746
+13044679568
+13044967077
+13045093496
+13045150898
+13045629512
+13045744051
+13045785149
+13045791212
+13045818511
+13045924059
+13045991706
+13046041812
+13046074557
+13046423825
+13046446335
+13046587531
+13046587567
+13046587898
+13046857357
+13047149404
+13047164803
+13047194775
+13047276026
+13047392187
+13047438823
+13047523776
+13047587890
+13047605694
+13047862289
+13048012042
+13048108706
+13048817939
+13049135324
+13049246463
+13049317156
+13049411000
+13049519504
+13049698371
+13049713405
+13049735968
+13049745689
+13049907990
+13052020989
+13052030712
+13052034082
+13052034336
+13052035347
+13052041517
+13052068837
+13052074616
+13052099881
+13052099944
+13052121999
+13052189381
+13052241089
+13052241150
+13052241669
+13052241814
+13052241827
+13052241828
+13052248324
+13052274496
+13052304461
+13052304727
+13052344565
+13052387773
+13052395415
+13052403326
+13052445610
+13052579019
+13052579153
+13052606229
+13052606342
+13052623248
+13052649636
+13052677138
+13052692000
+13052734992
+13052784448
+13052858536
+13052858538
+13052904654
+13053001278
+13053009939
+13053040070
+13053052938
+13053061347
+13053064995
+13053065533
+13053075081
+13053075128
+13053075989
+13053203578
+13053206222
+13053288698
+13053289092
+13053301904
+13053305497
+13053309054
+13053309155
+13053309196
+13053309963
+13053337107
+13053339042
+13053355394
+13053419812
+13053449726
+13053457805
+13053514020
+13053535001
+13053569999
+13053584627
+13053584855
+13053584856
+13053631016
+13053632376
+13053632509
+13053633507
+13053633572
+13053633991
+13053635004
+13053635281
+13053651449
+13053687667
+13053827342
+13053902815
+13053914379
+13053931950
+13053943097
+13053962286
+13053962489
+13053962514
+13053963095
+13053963826
+13053968204
+13053973831
+13054004637
+13054004668
+13054004695
+13054004752
+13054009988
+13054023144
+13054071406
+13054071456
+13054071518
+13054072742
+13054073173
+13054073203
+13054074472
+13054076336
+13054077983
+13054138572
+13054138573
+13054139080
+13054139565
+13054210400
+13054224806
+13054233928
+13054321368
+13054321809
+13054326051
+13054326828
+13054327050
+13054329109
+13054329888
+13054331613
+13054342594
+13054345830
+13054400195
+13054400515
+13054400535
+13054400545
+13054401027
+13054401874
+13054404284
+13054427000
+13054428770
+13054472639
+13054472698
+13054477162
+13054477276
+13054485882
+13054551100
+13054555696
+13054559450
+13054631218
+13054674536
+13054675096
+13054841870
+13054886469
+13054886471
+13054906521
+13054968011
+13055011482
+13055011932
+13055012099
+13055012251
+13055012500
+13055036113
+13055038239
+13055038807
+13055038892
+13055042804
+13055060413
+13055060446
+13055062362
+13055071832
+13055074761
+13055084609
+13055084700
+13055085448
+13055085486
+13055089083
+13055096802
+13055096845
+13055152691
+13055152739
+13055155003
+13055158367
+13055158392
+13055158428
+13055158711
+13055158780
+13055158791
+13055158977
+13055173057
+13055175155
+13055175383
+13055177286
+13055218716
+13055221936
+13055226461
+13055253787
+13055285893
+13055340222
+13055457066
+13055462936
+13055605416
+13055605510
+13055605953
+13055605961
+13055636471
+13055639184
+13055646082
+13055648390
+13055711200
+13055716879
+13055829869
+13055872020
+13055872022
+13055872023
+13055872062
+13055872702
+13055872982
+13055872983
+13055908770
+13055992600
+13056003757
+13056020781
+13056020983
+13056023108
+13056028062
+13056028197
+13056029437
+13056191821
+13056195116
+13056198411
+13056199241
+13056408519
+13056618160
+13056749220
+13056765847
+13056771113
+13056771660
+13056771993
+13056801476
+13056883448
+13056885530
+13056900687
+13056970346
+13056975395
+13056992977
+13056998259
+13057012949
+13057013224
+13057049967
+13057049968
+13057092141
+13057092153
+13057094901
+13057131010
+13057131011
+13057131042
+13057131109
+13057131144
+13057131859
+13057140119
+13057206733
+13057254133
+13057313232
+13057353223
+13057423758
+13057476062
+13057477083
+13057477378
+13057486511
+13057495292
+13057604015
+13057604895
+13057634207
+13057671342
+13057671574
+13057681181
+13057821468
+13057829744
+13057868659
+13057978154
+13058044600
+13058090050
+13058097956
+13058098875
+13058185223
+13058189802
+13058226742
+13058229979
+13058307129
+13058314414
+13058314639
+13058347938
+13058422237
+13058422858
+13058422954
+13058496593
+13058497507
+13058500312
+13058544400
+13058837272
+13058947401
+13058976361
+13058990101
+13059005745
+13059008007
+13059012623
+13059014297
+13059014688
+13059021569
+13059026064
+13059026067
+13059070125
+13059102469
+13059102545
+13059102946
+13059126123
+13059149826
+13059164040
+13059167659
+13059261221
+13059286358
+13059287358
+13059421221
+13059465707
+13059621161
+13059724651
+13059741399
+13059741628
+13059750941
+13059757707
+13059845169
+13059881872
+13059919162
+13059980728
+13059999930
+13059999950
+13059999960
+13062603235
+13067456517
+13067978535
+13068571144
+13069881871
+13072000270
+13072000815
+13072004010
+13072004501
+13072014058
+13072014308
+13072014319
+13072014334
+13072024077
+13072044082
+13072044451
+13072044633
+13072046291
+13072047225
+13072047715
+13072056177
+13072069856
+13072071158
+13072071159
+13072076674
+13072093329
+13072126230
+13072126333
+13072126433
+13072126607
+13072126988
+13072128182
+13072137000
+13072137032
+13072150296
+13072155491
+13072174082
+13072174167
+13072174204
+13072174212
+13072174370
+13072175432
+13072176267
+13072176853
+13072176927
+13072189505
+13072193072
+13072193955
+13072199540
+13072221885
+13072226986
+13072238049
+13072238089
+13072238209
+13072238213
+13072238222
+13072246018
+13072246031
+13072246063
+13072246363
+13072246548
+13072246596
+13072247007
+13072247110
+13072247852
+13072272345
+13072279159
+13072357890
+13072414108
+13072416105
+13072435143
+13072435314
+13072484360
+13072485115
+13072485255
+13072485569
+13072485697
+13072485913
+13072486067
+13072487130
+13072489934
+13072578849
+13072583339
+13072657481
+13072690319
+13072695133
+13072695140
+13072695167
+13072716216
+13072716262
+13072716341
+13072748686
+13072753075
+13072757087
+13072757340
+13072759777
+13072759782
+13072759854
+13072759894
+13072777290
+13072786036
+13072787081
+13072787144
+13072787145
+13072881094
+13072881103
+13072881112
+13072881179
+13072911728
+13072912870
+13072981002
+13072982303
+13073086953
+13073122001
+13073122903
+13073161352
+13073163580
+13073167474
+13073167498
+13073167506
+13073167507
+13073233468
+13073354117
+13073354832
+13073354838
+13073371103
+13073379366
+13073446588
+13073653795
+13073653796
+13073669898
+13073692442
+13073707948
+13073920062
+13073920070
+13073920073
+13073920138
+13073920269
+13073923188
+13073923405
+13073924493
+13074141009
+13074141130
+13074148611
+13074481862
+13074481865
+13074481872
+13074483017
+13074483087
+13074486728
+13074596776
+13074620677
+13074622132
+13074637143
+13074643255
+13074643934
+13074647800
+13074661003
+13074661024
+13075322267
+13075418998
+13075451047
+13076302332
+13076407890
+13076543757
+13076557552
+13076557560
+13076830237
+13076830807
+13076836911
+13076904677
+13077020658
+13077628790
+13077628797
+13077629865
+13077772074
+13077790620
+13078007003
+13078007067
+13078007086
+13078007127
+13078558281
+13078579351
+13079200621
+13079228536
+13082102592
+13082104615
+13082214038
+13082242939
+13082265830
+13082444274
+13082867997
+13083204371
+13083829119
+13083923343
+13085364180
+13086433998
+13086600503
+13087081759
+13087735189
+13088329903
+13088569287
+13088727355
+13088727733
+13089467121
+13089467136
+13092033203
+13092094952
+13092203361
+13092203443
+13092207626
+13092248821
+13092328961
+13092374716
+13092409512
+13092422002
+13092424098
+13092441958
+13092450598
+13092702271
+13092703372
+13092703624
+13092747341
+13092776654
+13092781936
+13092785655
+13092818034
+13093039552
+13093060102
+13093060103
+13093142176
+13093144433
+13093261053
+13093261054
+13093261056
+13093261057
+13093261060
+13093940009
+13093940011
+13094555730
+13094643714
+13094727298
+13094903024
+13095101969
+13095690889
+13096312813
+13096312956
+13096645283
+13097050247
+13097162282
+13097264835
+13097409628
+13097960420
+13098070905
+13098086797
+13098086807
+13098301129
+13098320383
+13098320495
+13098320959
+13098324061
+13098324452
+13098570199
+13098635796
+13098899038
+13098972341
+13098989008
+13099122928
+13099810803
+13102015828
+13102021712
+13102046753
+13102058959
+13102106183
+13102123414
+13102177638
+13102204715
+13102204955
+13102264129
+13102278357
+13102278364
+13102278373
+13102285321
+13102371466
+13102376831
+13102450385
+13102451073
+13102454685
+13102456354
+13102511562
+13102513938
+13102514616
+13102515821
+13102516887
+13102518034
+13102562639
+13102592839
+13102593058
+13102593265
+13102618625
+13102661123
+13102775436
+13102830759
+13102833937
+13102836554
+13102836981
+13102838578
+13102839085
+13102897168
+13102916609
+13102916943
+13102941337
+13102943744
+13102947543
+13102948789
+13102948794
+13102948801
+13102948803
+13102948806
+13102948809
+13102952015
+13102965857
+13102990129
+13102990255
+13102990467
+13102990526
+13102990593
+13102997553
+13103004743
+13103014267
+13103045058
+13103066866
+13103077940
+13103106002
+13103107788
+13103181250
+13103230811
+13103238155
+13103318948
+13103332211
+13103400183
+13103404318
+13103412035
+13103412656
+13103414231
+13103498549
+13103556459
+13103560464
+13103560494
+13103566947
+13103568472
+13103568483
+13103569110
+13103587607
+13103596126
+13103596415
+13103596598
+13103598830
+13103598976
+13103599608
+13103617568
+13103620279
+13103621730
+13103621736
+13103623435
+13103623930
+13103623932
+13103624433
+13103625528
+13103627369
+13103627371
+13103627372
+13103627931
+13103637567
+13103637586
+13103637599
+13103637613
+13103637627
+13103637774
+13103637791
+13103637813
+13103637824
+13103637925
+13103637960
+13103663017
+13103706431
+13103830368
+13103830928
+13103831005
+13103831013
+13103884430
+13104009427
+13104020589
+13104050694
+13104080323
+13104086184
+13104087714
+13104091529
+13104092114
+13104092404
+13104092773
+13104156129
+13104212896
+13104213720
+13104219495
+13104247999
+13104251254
+13104253399
+13104253876
+13104273954
+13104285874
+13104288215
+13104317430
+13104357922
+13104378221
+13104387043
+13104387884
+13104395843
+13104454200
+13104458559
+13104497156
+13104515645
+13104589086
+13104591214
+13104608319
+13104636002
+13104636724
+13104638308
+13104638569
+13104652115
+13104731110
+13104807269
+13104817631
+13104837891
+13104841699
+13104942117
+13104942474
+13104954617
+13104965586
+13104966780
+13104992030
+13105041707
+13105043468
+13105052349
+13105101727
+13105109153
+13105268113
+13105268436
+13105268553
+13105268718
+13105311109
+13105317051
+13105318413
+13105371045
+13105371193
+13105371225
+13105371231
+13105371251
+13105371457
+13105371480
+13105546344
+13105547482
+13105547483
+13105547485
+13105547733
+13105568935
+13105621932
+13105623833
+13105640745
+13105652876
+13105691900
+13105792098
+13105792125
+13105792813
+13105796133
+13105796203
+13105796204
+13105796430
+13105799108
+13105859047
+13105872026
+13105872036
+13105872054
+13105894788
+13105924241
+13105939616
+13105963575
+13105974842
+13105985746
+13105987829
+13105987832
+13106017374
+13106119998
+13106202310
+13106229470
+13106261674
+13106269914
+13106271520
+13106272395
+13106332670
+13106340009
+13106341719
+13106590786
+13106677531
+13106683223
+13106726665
+13106924905
+13106932915
+13106934430
+13106935621
+13106945605
+13106945672
+13106951854
+13106951908
+13106951918
+13106952071
+13106977213
+13106981823
+13106993086
+13106995672
+13107017928
+13107034164
+13107268871
+13107301241
+13107301247
+13107305955
+13107308157
+13107345537
+13107345674
+13107346706
+13107350145
+13107361385
+13107366894
+13107391017
+13107418183
+13107425846
+13107427578
+13107436506
+13107450178
+13107457692
+13107464735
+13107496852
+13107657659
+13107667036
+13107702973
+13107731000
+13107734065
+13107766867
+13107825250
+13107893214
+13107950567
+13108070132
+13108070235
+13108071313
+13108183118
+13108184723
+13108226301
+13108274916
+13108467989
+13108531109
+13108535572
+13108536907
+13108565745
+13108576812
+13108620185
+13108620189
+13108620191
+13108629075
+13108672611
+13108673264
+13108689204
+13108705022
+13108709088
+13108709121
+13108709223
+13108709225
+13108709233
+13108709248
+13108709253
+13108709254
+13108717613
+13108718250
+13108725886
+13108782485
+13108818426
+13108836732
+13108882181
+13108932882
+13108949553
+13108960057
+13108964309
+13108966267
+13108978813
+13108978837
+13108979176
+13108979245
+13108979301
+13108979579
+13108989955
+13109053069
+13109053386
+13109055426
+13109055428
+13109055623
+13109055632
+13109055642
+13109061663
+13109061703
+13109062793
+13109062856
+13109062950
+13109078353
+13109081014
+13109087279
+13109088436
+13109088513
+13109088608
+13109088666
+13109095448
+13109104456
+13109239158
+13109282835
+13109286754
+13109286799
+13109286800
+13109289434
+13109291009
+13109291785
+13109292023
+13109292136
+13109292312
+13109294025
+13109294390
+13109297397
+13109297459
+13109298451
+13109330184
+13109334754
+13109335419
+13109335439
+13109350406
+13109478192
+13109503865
+13109561476
+13109564292
+13109689127
+13109719179
+13109719251
+13109748696
+13109748751
+13109748772
+13109748775
+13109826198
+13109827569
+13109846768
+13109862646
+13109866562
+13109946203
+13109992351
+13122099396
+13122109916
+13122109958
+13122112454
+13122160879
+13122192126
+13122196125
+13122196126
+13122196782
+13122198761
+13122199044
+13122248775
+13122328257
+13122351019
+13122390959
+13122419554
+13122467762
+13122487479
+13122487926
+13122487927
+13122555798
+13122561882
+13122620496
+13122638166
+13122638267
+13122652917
+13122653867
+13122670341
+13122671239
+13122731018
+13122739158
+13122817560
+13122817975
+13122830873
+13122833772
+13122833786
+13122850407
+13122861195
+13122914832
+13122960807
+13123050255
+13123127195
+13123127226
+13123127230
+13123127236
+13123127239
+13123129763
+13123129771
+13123129772
+13123135905
+13123149810
+13123192691
+13123198018
+13123198020
+13123199630
+13123296175
+13123391227
+13123400255
+13123400577
+13123400672
+13123400857
+13123400860
+13123400867
+13123400869
+13123405531
+13123405561
+13123405562
+13123405579
+13123405608
+13123456508
+13123481538
+13123481545
+13123481547
+13123481582
+13123481586
+13123766414
+13123779822
+13123799948
+13123799963
+13123800163
+13123804059
+13123804079
+13123804080
+13123844476
+13123865661
+13123867439
+13123867750
+13123888924
+13123921553
+13123925172
+13123925176
+13123925185
+13123925189
+13123925820
+13123925824
+13123925836
+13123925840
+13123925842
+13123925844
+13123925858
+13123925871
+13123925873
+13123925874
+13123925875
+13124044186
+13124194850
+13124210154
+13124237329
+13124237344
+13124237476
+13124237510
+13124237516
+13124283829
+13124287856
+13124360234
+13124360663
+13124440285
+13124585964
+13124603903
+13124603924
+13124603948
+13124651200
+13124653520
+13124677619
+13124711006
+13124711576
+13124719946
+13124731223
+13124731264
+13124731512
+13124731952
+13124732974
+13124732988
+13124733905
+13124737061
+13124770335
+13124816032
+13124881898
+13124898352
+13124924404
+13124943452
+13125006808
+13125007161
+13125099040
+13125099187
+13125099757
+13125239300
+13125264325
+13125299500
+13125299717
+13125308031
+13125332885
+13125355009
+13125355042
+13125468900
+13125481133
+13125486753
+13125489942
+13125506061
+13125546015
+13125616407
+13125787015
+13125787017
+13125787022
+13125787028
+13125787033
+13125840252
+13125840384
+13125858966
+13125861215
+13125861261
+13125864071
+13125867041
+13125867042
+13125867085
+13125869434
+13125869435
+13125869436
+13125869437
+13125869768
+13125870128
+13125983053
+13125983159
+13125984970
+13126001990
+13126002695
+13126047187
+13126051419
+13126101918
+13126141113
+13126141117
+13126148134
+13126259237
+13126264648
+13126266952
+13126309880
+13126326812
+13126373124
+13126381277
+13126528936
+13126532073
+13126537088
+13126672888
+13126675723
+13126677955
+13126677978
+13126678862
+13126679475
+13126679490
+13126679755
+13126679781
+13126679952
+13126800021
+13126800870
+13126801004
+13126807491
+13126807832
+13126808451
+13126808529
+13126808719
+13126808724
+13126808741
+13126808798
+13126808815
+13126808818
+13126808819
+13126839598
+13126903034
+13126904639
+13126907222
+13126907296
+13126907699
+13127022728
+13127022783
+13127245144
+13127245740
+13127245812
+13127246786
+13127247021
+13127351534
+13127359173
+13127390120
+13127454290
+13127548669
+13127568874
+13127571848
+13127572478
+13127573582
+13127573583
+13127573584
+13127573586
+13127573587
+13127573588
+13127573591
+13127573592
+13127573596
+13127573597
+13127573601
+13127573605
+13127573606
+13127573609
+13127573610
+13127573611
+13127573612
+13127573614
+13127573615
+13127573616
+13127573617
+13127573618
+13127573619
+13127573620
+13127573621
+13127573622
+13127573624
+13127573627
+13127573629
+13127573632
+13127573633
+13127573635
+13127573636
+13127573637
+13127573638
+13127573639
+13127573640
+13127573641
+13127573642
+13127573643
+13127573644
+13127573645
+13127573646
+13127573647
+13127573648
+13127573649
+13127573651
+13127574051
+13127574159
+13127574161
+13127574197
+13127574287
+13127574288
+13127575020
+13127625238
+13127635006
+13127638450
+13127657523
+13127671723
+13127671724
+13127673715
+13127681774
+13127751287
+13127751288
+13127774200
+13127779190
+13127791745
+13127960288
+13127960321
+13127960326
+13128009026
+13128009051
+13128009055
+13128009056
+13128009060
+13128023639
+13128030095
+13128095153
+13128095220
+13128095907
+13128095997
+13128182328
+13128183486
+13128185250
+13128200957
+13128202016
+13128202315
+13128203781
+13128203851
+13128203854
+13128203855
+13128203874
+13128203876
+13128205048
+13128206955
+13128343359
+13128364344
+13128477152
+13128477154
+13128583867
+13128680552
+13128714241
+13128714242
+13128714243
+13128714247
+13128770518
+13128780066
+13128780079
+13128780275
+13128780276
+13128780278
+13128783759
+13128788763
+13128789013
+13128789019
+13128789021
+13128789022
+13128789025
+13128789026
+13128789029
+13128789031
+13128789032
+13128789036
+13128789039
+13128789045
+13128789047
+13128789352
+13128789354
+13128789356
+13128799022
+13128833609
+13128837370
+13128837697
+13128887459
+13128934791
+13128934804
+13128934809
+13128934826
+13128934867
+13128944630
+13129053983
+13129067152
+13129067153
+13129067154
+13129067156
+13129129352
+13129129575
+13129226500
+13129240860
+13129404286
+13129406937
+13129406938
+13129406950
+13129406951
+13129452592
+13129487554
+13129488178
+13129488752
+13129511276
+13129562076
+13129575687
+13129670582
+13129670585
+13129675797
+13129675838
+13129711306
+13129711842
+13129714213
+13129718446
+13129719564
+13129820120
+13129827867
+13129855366
+13129855368
+13129859025
+13132093005
+13132093769
+13132094097
+13132094109
+13132094194
+13132094196
+13132094197
+13132094743
+13132094744
+13132096202
+13132097245
+13132142018
+13132142023
+13132162022
+13132179089
+13132184386
+13132259000
+13132266020
+13132300084
+13132369873
+13132404377
+13132410525
+13132440605
+13132461118
+13132544616
+13132556836
+13132614270
+13132634797
+13132635095
+13132635097
+13132635109
+13132640080
+13132640401
+13132779584
+13132815705
+13132849990
+13132936800
+13132936815
+13133070166
+13133074195
+13133074196
+13133074197
+13133074199
+13133093681
+13133093695
+13133093728
+13133097883
+13133097924
+13133144440
+13133186481
+13133273046
+13133273048
+13133273049
+13133273063
+13133273065
+13133290199
+13133290204
+13133344398
+13133344678
+13133494866
+13133494997
+13133495713
+13133555250
+13133555255
+13133555537
+13133555668
+13133555681
+13133555701
+13133562336
+13133562337
+13133731215
+13133733000
+13133823712
+13133839442
+13133851325
+13133853984
+13134027823
+13134067662
+13134164161
+13134227148
+13134233714
+13134293336
+13134328160
+13134441018
+13134441024
+13134442947
+13134501480
+13134515528
+13134544085
+13134555145
+13134662430
+13134665872
+13134758973
+13134766960
+13134775051
+13134775074
+13134831987
+13134839679
+13134839683
+13134843633
+13134861056
+13134990207
+13135138510
+13135149666
+13135398012
+13135511747
+13135629090
+13135695267
+13135703344
+13136494805
+13137047213
+13137259910
+13137290733
+13137297229
+13137300698
+13137359173
+13137365064
+13137421942
+13137489003
+13137489005
+13137499024
+13137499036
+13137499039
+13137576778
+13137576782
+13137586118
+13137651134
+13137651135
+13137660103
+13137694501
+13137719050
+13137791399
+13137881014
+13137881133
+13137881404
+13138000806
+13138290469
+13138765523
+13138790077
+13138792392
+13138794111
+13138794669
+13138885234
+13139105940
+13139142200
+13139145809
+13139153175
+13139155246
+13139243351
+13139244934
+13139306078
+13139306137
+13139306140
+13139576170
+13139607215
+13139652323
+13139658425
+13139749574
+13139782245
+13139890088
+13139890514
+13139950078
+13139951142
+13139987328
+13139987398
+13139992351
+13139994893
+13139999931
+13142072637
+13142094197
+13142261078
+13142261459
+13142381622
+13142544678
+13142548020
+13142548046
+13142561776
+13142607974
+13142624023
+13142654086
+13142661756
+13142678762
+13142724070
+13142794049
+13142825699
+13142881830
+13142900400
+13142925580
+13142933671
+13143002921
+13143007706
+13143170078
+13143170658
+13143220095
+13143229999
+13143286192
+13143286193
+13143690364
+13143720334
+13143745169
+13143843091
+13143996375
+13144007628
+13144037717
+13144059121
+13144099081
+13144149930
+13144293331
+13144398659
+13144481666
+13144482675
+13144492817
+13144498130
+13144498328
+13144499262
+13144499340
+13144499388
+13144499390
+13144499391
+13144499699
+13144499943
+13144499947
+13144499949
+13144499955
+13144499962
+13144499974
+13144499981
+13144561419
+13144610614
+13144640172
+13144749055
+13144759616
+13144824395
+13144825366
+13144975229
+13144977853
+13144979767
+13144992817
+13145001493
+13145262011
+13145337890
+13145480965
+13145618725
+13145652267
+13145740653
+13145742886
+13145746809
+13145747343
+13145750116
+13145763852
+13145811870
+13145814688
+13145900440
+13145907236
+13145996143
+13145998841
+13146261823
+13146270386
+13146271027
+13146298331
+13146504483
+13146668546
+13146668661
+13146669790
+13146788937
+13146788951
+13146904103
+13146906016
+13146956247
+13147018710
+13147043611
+13147063554
+13147103143
+13147103896
+13147203590
+13147204351
+13147206372
+13147206884
+13147206952
+13147222770
+13147231833
+13147325640
+13147397499
+13147643303
+13147747890
+13147883365
+13147891425
+13147912996
+13148073806
+13148222788
+13148428321
+13148432238
+13148803640
+13148807703
+13148843221
+13148843226
+13148886251
+13148886252
+13148886257
+13148984849
+13149001996
+13149234444
+13149255573
+13149256925
+13149269737
+13149269864
+13149375201
+13149378519
+13149464776
+13149638895
+13152033463
+13152033917
+13152038532
+13152038752
+13152070270
+13152073164
+13152073188
+13152073298
+13152073536
+13152073694
+13152073777
+13152073779
+13152073860
+13152074153
+13152074309
+13152074315
+13152074321
+13152074342
+13152074343
+13152074445
+13152074575
+13152074625
+13152074642
+13152074657
+13152074680
+13152074897
+13152074902
+13152074903
+13152074907
+13152075212
+13152075332
+13152075513
+13152075755
+13152075762
+13152075963
+13152076490
+13152083893
+13152083898
+13152108341
+13152150070
+13152150148
+13152150284
+13152150649
+13152150941
+13152151088
+13152151096
+13152151576
+13152151901
+13152153252
+13152153428
+13152153455
+13152153551
+13152153552
+13152153556
+13152153575
+13152153791
+13152154552
+13152159001
+13152159003
+13152174225
+13152194323
+13152194593
+13152231008
+13152264778
+13152264812
+13152280396
+13152280479
+13152280499
+13152280536
+13152280548
+13152280582
+13152280603
+13152289813
+13152294999
+13152316845
+13152316958
+13152322828
+13152323257
+13152328011
+13152328017
+13152328019
+13152328157
+13152328217
+13152328237
+13152328257
+13152328357
+13152328380
+13152328412
+13152328527
+13152328557
+13152328837
+13152328840
+13152328842
+13152328888
+13152328956
+13152328961
+13152335920
+13152354304
+13152358257
+13152362056
+13152385077
+13152388257
+13152425555
+13152458868
+13152569523
+13152572443
+13152581010
+13152581015
+13152581038
+13152581047
+13152581061
+13152581196
+13152581914
+13152581915
+13152581972
+13152624294
+13152636309
+13152724668
+13152728257
+13152742637
+13152744291
+13152744556
+13152763444
+13152809711
+13152809779
+13152809780
+13152820887
+13152825699
+13152825906
+13152828257
+13152829181
+13152829182
+13152829192
+13152829195
+13152829196
+13152829197
+13152845341
+13152846206
+13152850089
+13152854060
+13152854152
+13152854202
+13152854322
+13152859177
+13152882020
+13152883127
+13152886197
+13152909152
+13152916613
+13152980556
+13153055103
+13153055162
+13153070966
+13153070990
+13153074533
+13153077138
+13153078218
+13153084091
+13153085365
+13153086432
+13153087460
+13153087470
+13153087536
+13153087544
+13153087554
+13153207986
+13153227770
+13153229015
+13153238257
+13153255802
+13153255922
+13153258494
+13153272778
+13153296667
+13153300033
+13153337121
+13153337524
+13153366777
+13153449207
+13153503266
+13153503937
+13153524881
+13153525016
+13153534473
+13153550190
+13153550207
+13153550209
+13153595180
+13153640765
+13153640942
+13153651029
+13153680184
+13153700001
+13153701340
+13153704557
+13153704971
+13153707608
+13153707814
+13153707992
+13153731582
+13153752091
+13153810941
+13153811382
+13153814305
+13153841170
+13153959040
+13154001442
+13154001450
+13154002824
+13154010805
+13154027316
+13154071989
+13154074060
+13154074352
+13154074439
+13154080625
+13154173646
+13154194761
+13154274050
+13154329327
+13154442032
+13154443140
+13154463403
+13154480807
+13154515683
+13154554221
+13154567890
+13154572017
+13154650005
+13154689854
+13154729752
+13154813095
+13154852458
+13154869658
+13155025270
+13155042204
+13155044841
+13155086870
+13155096615
+13155105039
+13155109792
+13155109796
+13155109831
+13155122219
+13155122279
+13155143134
+13155174040
+13155190046
+13155194066
+13155194160
+13155198019
+13155198070
+13155228705
+13155263687
+13155263701
+13155338221
+13155389275
+13155414173
+13155440750
+13155441184
+13155442818
+13155570379
+13155570387
+13155589360
+13155602312
+13155627807
+13155631145
+13155644052
+13155830062
+13155858501
+13155858556
+13155873507
+13155956313
+13155962238
+13155976719
+13156079298
+13156132131
+13156235404
+13156288899
+13156298693
+13156299917
+13156320990
+13156324036
+13156328257
+13156330000
+13156334456
+13156335656
+13156336096
+13156359781
+13156360854
+13156360923
+13156363397
+13156363467
+13156364770
+13156365010
+13156365023
+13156365067
+13156365295
+13156365362
+13156365531
+13156365897
+13156366484
+13156366810
+13156398222
+13156422831
+13156424570
+13156424624
+13156428094
+13156441020
+13156465647
+13156509294
+13156521800
+13156528936
+13156594066
+13156594594
+13156596313
+13156597227
+13156599056
+13156655113
+13156675432
+13156703229
+13156704870
+13156707250
+13156707262
+13156707352
+13156707399
+13156707434
+13156750000
+13156750017
+13156754164
+13156754309
+13156754325
+13156755038
+13156794558
+13156812614
+13156833027
+13156854222
+13156854526
+13156854666
+13156887234
+13156893291
+13156905237
+13156920622
+13156941411
+13156947182
+13156947427
+13156961315
+13157007900
+13157026701
+13157034314
+13157041315
+13157041376
+13157045033
+13157100398
+13157236842
+13157244022
+13157286930
+13157289426
+13157504356
+13157526031
+13157651252
+13157673183
+13157785173
+13157898249
+13157899579
+13157899672
+13157903732
+13157964005
+13157965926
+13157966226
+13158003900
+13158010106
+13158027301
+13158046249
+13158069452
+13158074343
+13158083669
+13158088208
+13158167806
+13158185332
+13158258947
+13158280746
+13158341005
+13158400128
+13158400140
+13158400378
+13158400449
+13158400503
+13158400517
+13158400662
+13158400751
+13158400817
+13158466711
+13158469475
+13158490322
+13158495192
+13158536646
+13158540950
+13158585003
+13158595419
+13158625485
+13158634673
+13158645929
+13158703183
+13158757977
+13158796555
+13158851877
+13158871140
+13158874489
+13158880290
+13158880363
+13158880372
+13158880469
+13158880681
+13158880845
+13158880978
+13158880988
+13158883533
+13158913205
+13158948440
+13158951422
+13158951834
+13159070950
+13159071440
+13159087756
+13159130080
+13159130150
+13159130152
+13159130163
+13159170321
+13159359999
+13159378462
+13159406334
+13159465022
+13159473151
+13159548875
+13159601470
+13159601700
+13159612046
+13159669777
+13159754265
+13159876543
+13159921903
+13162000250
+13162000491
+13162005808
+13162011785
+13162019046
+13162081230
+13162099691
+13162121919
+13162153574
+13162215910
+13162215968
+13162269236
+13162324301
+13162328257
+13162471427
+13162513357
+13162513359
+13162581047
+13162680892
+13162823236
+13162834405
+13162887998
+13163046380
+13163335660
+13163335941
+13163337965
+13163504622
+13163954118
+13163958806
+13163959040
+13163963201
+13164440503
+13164441050
+13164441810
+13164443452
+13164537019
+13164537024
+13164537393
+13165308022
+13165308028
+13165308029
+13165308031
+13165316381
+13165359011
+13165359019
+13166408375
+13166614698
+13166860493
+13167177700
+13167476039
+13167476340
+13167616543
+13168032819
+13168306064
+13168371296
+13168540949
+13168545033
+13168549306
+13168670973
+13172003232
+13172042276
+13172072680
+13172073994
+13172075657
+13172075666
+13172075669
+13172104430
+13172108360
+13172378147
+13172432445
+13172456488
+13172458473
+13172460020
+13172578664
+13172587663
+13172618222
+13172649767
+13172681109
+13172796705
+13172803121
+13173007125
+13173007925
+13173151146
+13173169643
+13173169688
+13173180370
+13173223622
+13173271700
+13173333260
+13173448914
+13173483070
+13173489002
+13173504330
+13173506122
+13173600532
+13173608300
+13173768009
+13173830114
+13173852689
+13173991357
+13174106192
+13174180260
+13174269243
+13174354477
+13174456789
+13174534100
+13174565428
+13174890143
+13174893887
+13174896291
+13174896777
+13174902470
+13174916397
+13174964317
+13174975842
+13175160471
+13175275321
+13175276105
+13175505526
+13175505534
+13175505549
+13175505589
+13175505596
+13175529496
+13175590071
+13175595543
+13175636044
+13175638783
+13175930090
+13175930099
+13175934270
+13175938022
+13175941046
+13175984643
+13176140790
+13176444969
+13176645931
+13176647116
+13176647700
+13176647844
+13176648851
+13176760337
+13176770754
+13176831988
+13176891289
+13176896686
+13177171089
+13177173611
+13177177124
+13177178048
+13177235496
+13177306247
+13177335223
+13177426093
+13177479148
+13177519800
+13177620016
+13177733004
+13177770586
+13177882602
+13177942004
+13178059137
+13178085703
+13178085904
+13178108347
+13178143740
+13178196657
+13178196664
+13178202336
+13178202338
+13178360896
+13178362606
+13178524732
+13178925470
+13179022710
+13179041254
+13179220324
+13179278451
+13179337300
+13179361022
+13179403072
+13179601525
+13179628515
+13179737014
+13179816174
+13179828297
+13182005794
+13182071454
+13182079557
+13182083770
+13182281668
+13182285298
+13182328257
+13182356104
+13182391244
+13182394827
+13182399153
+13182406523
+13182528804
+13182620286
+13182667511
+13182721514
+13182748521
+13182907780
+13182959991
+13183107929
+13183172642
+13183212712
+13183506593
+13183570000
+13183702385
+13183710966
+13184031138
+13184032702
+13184038417
+13184141715
+13184503856
+13184859330
+13184890521
+13184996571
+13185127280
+13185612315
+13185666543
+13185736782
+13185813058
+13185999938
+13186159459
+13187021382
+13187056744
+13187078570
+13187309198
+13187461250
+13187540180
+13187540477
+13187576672
+13187750251
+13187872560
+13187921454
+13187996460
+13188595051
+13188783372
+13188891236
+13189182195
+13189258583
+13189355090
+13189359990
+13189479211
+13189844006
+13189858012
+13192082839
+13192086768
+13192095839
+13192095840
+13192098468
+13192200006
+13192206083
+13192238071
+13192248063
+13192252013
+13192252014
+13192252054
+13192252094
+13192252102
+13192252104
+13192252129
+13192252133
+13192252134
+13192285300
+13192377712
+13192411030
+13192427350
+13192427353
+13192427366
+13192437079
+13192437319
+13192464479
+13192468355
+13192500038
+13192501016
+13192502004
+13192538220
+13192545254
+13192642858
+13192812871
+13192844255
+13192899283
+13193001896
+13193020670
+13193021278
+13193022206
+13193086138
+13193135098
+13193278833
+13193278948
+13193310880
+13193337961
+13193408058
+13193431836
+13193626220
+13193673373
+13193788137
+13193822143
+13193822146
+13193822258
+13193823324
+13193827890
+13193827896
+13194001435
+13194001516
+13194002143
+13194004656
+13194006101
+13194006438
+13194007890
+13194008027
+13194008579
+13194062228
+13194096143
+13194096960
+13194325000
+13194327596
+13194354501
+13194573660
+13194574998
+13194724455
+13194814047
+13194814476
+13194937775
+13194994545
+13195090587
+13195127537
+13195191122
+13195191170
+13195191216
+13195191221
+13195191232
+13195216572
+13195285004
+13195408758
+13195483990
+13195690848
+13195693895
+13195760298
+13196217006
+13196218408
+13196698463
+13196746160
+13196746161
+13196746162
+13196746164
+13197343400
+13197470843
+13197601741
+13197680954
+13198006764
+13198049492
+13199362672
+13199365540
+13199615111
+13199618198
+13199844006
+13202004013
+13202004889
+13202007724
+13202007773
+13202070486
+13202075196
+13202075302
+13202075335
+13202075432
+13202075633
+13202075696
+13202075845
+13202075846
+13202075848
+13202075850
+13202075989
+13202076597
+13202079057
+13202079133
+13202079230
+13202079231
+13202079232
+13202079234
+13202168776
+13202169056
+13202169637
+13202273398
+13202276006
+13202278358
+13202291212
+13202291277
+13202291295
+13202291311
+13202475066
+13202555623
+13202676944
+13202700010
+13202798278
+13202817030
+13202817045
+13202817104
+13202868432
+13202887138
+13203004921
+13203076114
+13203131206
+13203176457
+13203296768
+13203357323
+13203357773
+13203398835
+13203487340
+13203568483
+13203606366
+13203765238
+13203805132
+13203810005
+13203811353
+13203900701
+13203933361
+13204009291
+13204031114
+13204084306
+13204093831
+13204137000
+13204337102
+13204348738
+13204381308
+13204381640
+13204548541
+13205340598
+13205790265
+13205829749
+13205831469
+13206160000
+13206346072
+13206684578
+13206861116
+13207502182
+13207618743
+13208184146
+13208444302
+13208448777
+13209614230
+13212000151
+13212005840
+13212011330
+13212031732
+13212031803
+13212031923
+13212031930
+13212031942
+13212035304
+13212035305
+13212035459
+13212035481
+13212035483
+13212035485
+13212040600
+13212043968
+13212046539
+13212046704
+13212088239
+13212097122
+13212098344
+13212098348
+13212127852
+13212137459
+13212142843
+13212154861
+13212164017
+13212174637
+13212182732
+13212182899
+13212183695
+13212199720
+13212215008
+13212218279
+13212225571
+13212229167
+13212229889
+13212258271
+13212260018
+13212268840
+13212280145
+13212281899
+13212288216
+13212295730
+13212296659
+13212302961
+13212317926
+13212330955
+13212334599
+13212335143
+13212340132
+13212344766
+13212347704
+13212349165
+13212366783
+13212373121
+13212401623
+13212401624
+13212401625
+13212401690
+13212401727
+13212401780
+13212418108
+13212448390
+13212463408
+13212481003
+13212481130
+13212482253
+13212482747
+13212485065
+13212485744
+13212496890
+13212499712
+13212502030
+13212503469
+13212503672
+13212509107
+13212509258
+13212513654
+13212514540
+13212515487
+13212521857
+13212524303
+13212525517
+13212528472
+13212551287
+13212551851
+13212555798
+13212604176
+13212610979
+13212701387
+13212701660
+13212730474
+13212747392
+13212751652
+13212751819
+13212783386
+13212843078
+13212856873
+13212861234
+13212880767
+13212882360
+13212886087
+13212887962
+13212911749
+13212927672
+13212969567
+13213011105
+13213022420
+13213026217
+13213026726
+13213027794
+13213027795
+13213027801
+13213038751
+13213055643
+13213064296
+13213073834
+13213161984
+13213193483
+13213194377
+13213240753
+13213268197
+13213280324
+13213281464
+13213283853
+13213288691
+13213320208
+13213360131
+13213360149
+13213366062
+13213367441
+13213391031
+13213403777
+13213498017
+13213500349
+13213500360
+13213511625
+13213588912
+13213588966
+13213636431
+13213698460
+13213699469
+13213705075
+13213771778
+13213841079
+13213847198
+13213922834
+13213953278
+13213965197
+13213965730
+13213965960
+13214015062
+13214015447
+13214030314
+13214034587
+13214154922
+13214173113
+13214183334
+13214210560
+13214211092
+13214211778
+13214222782
+13214241357
+13214246890
+13214269086
+13214277019
+13214278048
+13214303480
+13214304970
+13214365448
+13214404766
+13214413235
+13214413458
+13214451052
+13214451597
+13214459141
+13214512346
+13214555651
+13214736870
+13214825130
+13214856528
+13214996451
+13214999317
+13215018228
+13215033549
+13215080830
+13215085329
+13215086925
+13215087466
+13215088441
+13215104226
+13215219924
+13215419171
+13215485492
+13215495483
+13215495887
+13215562341
+13215564546
+13215581872
+13215582585
+13215585965
+13215588390
+13215592988
+13215593207
+13215671016
+13215688457
+13215688956
+13215748094
+13215821352
+13215916242
+13215916644
+13215933322
+13215944719
+13215944796
+13215946781
+13215978969
+13216000658
+13216000678
+13216080079
+13216080260
+13216084475
+13216166684
+13216216159
+13216241541
+13216241614
+13216242452
+13216242661
+13216246053
+13216459870
+13216512841
+13216549870
+13216624579
+13216631955
+13216667471
+13216667473
+13216779260
+13216845435
+13216893469
+13216898983
+13216972893
+13216995864
+13217101809
+13217101991
+13217106991
+13217112534
+13217237795
+13217541669
+13217659999
+13217666809
+13217779114
+13217857001
+13217858737
+13217858738
+13217858739
+13218009060
+13218062016
+13218062904
+13218261900
+13218327620
+13218327622
+13218327625
+13218327626
+13218327629
+13218327630
+13218327632
+13218327633
+13218327634
+13218327635
+13218327637
+13218447182
+13218596458
+13218636521
+13218638303
+13218689231
+13218689727
+13219261988
+13219322131
+13219476883
+13219859095
+13232022974
+13232030361
+13232035769
+13232046886
+13232057917
+13232077861
+13232080151
+13232092285
+13232100365
+13232103104
+13232138001
+13232151039
+13232155468
+13232156389
+13232156915
+13232180716
+13232187196
+13232208530
+13232234256
+13232236947
+13232259099
+13232304415
+13232304526
+13232360791
+13232363316
+13232366780
+13232367856
+13232369361
+13232383878
+13232383879
+13232384345
+13232384565
+13232384911
+13232389356
+13232489570
+13232500528
+13232506575
+13232509072
+13232509869
+13232580085
+13232630291
+13232669029
+13232669310
+13232710827
+13232742245
+13232755538
+13232755540
+13232759710
+13232838067
+13232838074
+13232838246
+13232845120
+13232845134
+13232845627
+13232847354
+13232847566
+13232849404
+13232852724
+13232855156
+13232856889
+13232864465
+13232873570
+13232896102
+13232896330
+13232943045
+13233002435
+13233005789
+13233006236
+13233008500
+13233100630
+13233143527
+13233150033
+13233150089
+13233150914
+13233161137
+13233171021
+13233183008
+13233183009
+13233196940
+13233259114
+13233259121
+13233259122
+13233264118
+13233286814
+13233288953
+13233294934
+13233298009
+13233301426
+13233304563
+13233314616
+13233319020
+13233319249
+13233319387
+13233319709
+13233319969
+13233340013
+13233353353
+13233366017
+13233369071
+13233514615
+13233515705
+13233529313
+13233582900
+13233640238
+13233640412
+13233647920
+13233649987
+13233664015
+13233692014
+13233700338
+13233773773
+13233793751
+13233795755
+13233914290
+13233944216
+13234021143
+13234030014
+13234030749
+13234049617
+13234053142
+13234056000
+13234056004
+13234056007
+13234059996
+13234061456
+13234065277
+13234065278
+13234065892
+13234066302
+13234069892
+13234101235
+13234107822
+13234171393
+13234193733
+13234201225
+13234215202
+13234215210
+13234276057
+13234294412
+13234309649
+13234309691
+13234319200
+13234335362
+13234342467
+13234345903
+13234438376
+13234455739
+13234478051
+13234557401
+13234558068
+13234585685
+13234618596
+13234657858
+13234678833
+13234710025
+13234712544
+13234735381
+13234740111
+13234759651
+13234845698
+13234848167
+13234860773
+13234864233
+13234864247
+13234866187
+13234868377
+13234868868
+13234877932
+13234897738
+13234897885
+13234898312
+13234983382
+13235031637
+13235032315
+13235103954
+13235159970
+13235181330
+13235188066
+13235215245
+13235224798
+13235225478
+13235240755
+13235290437
+13235297412
+13235315932
+13235386395
+13235386501
+13235405155
+13235405157
+13235405588
+13235405596
+13235405597
+13235421232
+13235421611
+13235434687
+13235434695
+13235437215
+13235454876
+13235460281
+13235532370
+13235534457
+13235538595
+13235539159
+13235539618
+13235564856
+13235581344
+13235585887
+13235597813
+13235619318
+13235622271
+13235681107
+13235704743
+13235730415
+13235763470
+13235767010
+13235800420
+13235837696
+13235918887
+13235932504
+13235934993
+13235935215
+13235937002
+13235937039
+13235937101
+13235937102
+13235937773
+13235937774
+13235937885
+13235970153
+13235994416
+13236067100
+13236067210
+13236067227
+13236069358
+13236069781
+13236096003
+13236096006
+13236096016
+13236096026
+13236096128
+13236123428
+13236144763
+13236173802
+13236179800
+13236186438
+13236215286
+13236215291
+13236215292
+13236215301
+13236215302
+13236224269
+13236224270
+13236284521
+13236351286
+13236395481
+13236423744
+13236543212
+13236571857
+13236593323
+13236633803
+13236698528
+13236724102
+13236738477
+13236752518
+13236785067
+13236791191
+13236884069
+13236930084
+13236930089
+13236930098
+13236945456
+13236946568
+13236947090
+13236947092
+13237010304
+13237011436
+13237011938
+13237293058
+13237293061
+13237293063
+13237293069
+13237293073
+13237293077
+13237293115
+13237293121
+13237293124
+13237293138
+13237293162
+13237293504
+13237293656
+13237293657
+13237293660
+13237293661
+13237293662
+13237293672
+13237365588
+13237395524
+13237413089
+13237413103
+13237413129
+13237413136
+13237413146
+13237413873
+13237415453
+13237446841
+13237453043
+13237477163
+13237635692
+13237778855
+13237816145
+13237846272
+13237866714
+13237868430
+13237906898
+13237921160
+13237921167
+13237940821
+13237955259
+13237963645
+13237987334
+13237987336
+13237987337
+13237987341
+13237987344
+13238002476
+13238020932
+13238031372
+13238091123
+13238133010
+13238252035
+13238252346
+13238252732
+13238406266
+13238431211
+13238432848
+13238436505
+13238436570
+13238437191
+13238490618
+13238515757
+13238535044
+13238557711
+13238557715
+13238610899
+13238702944
+13238703087
+13238720675
+13238720858
+13238764214
+13238767114
+13238794051
+13238794052
+13238860357
+13238861367
+13238874930
+13238920871
+13238974615
+13238984092
+13239000097
+13239000710
+13239025659
+13239027747
+13239046068
+13239107140
+13239185010
+13239242333
+13239277088
+13239372269
+13239403671
+13239424748
+13239431869
+13239511066
+13239528032
+13239528624
+13239533340
+13239553058
+13239603543
+13239690616
+13239721231
+13239746311
+13239827622
+13239857912
+13239858794
+13239859181
+13239859184
+13239859190
+13239875361
+13239898420
+13239898456
+13239898999
+13239915225
+13239915957
+13239939889
+13239951142
+13239974762
+13239988176
+13239993585
+13245894130
+13252000501
+13252001168
+13252051093
+13252051175
+13252052478
+13252154316
+13252168322
+13252214882
+13252328257
+13252377866
+13252384276
+13252384733
+13252410153
+13252441019
+13252445117
+13252614814
+13252614824
+13252672692
+13252677852
+13252678268
+13252679188
+13252679598
+13252679618
+13252685085
+13252685279
+13252685384
+13252685517
+13252685835
+13252689302
+13252689683
+13252690629
+13252701037
+13253084070
+13253308473
+13253350083
+13253517937
+13253960410
+13253960412
+13253990630
+13253990646
+13253990661
+13254003269
+13254003521
+13254003830
+13254007864
+13254391589
+13254553702
+13254553832
+13254880804
+13255548648
+13255738668
+13256535030
+13256628958
+13256695301
+13256765559
+13256985231
+13256987589
+13257014281
+13257040580
+13257047179
+13257184326
+13257185019
+13257380619
+13257667122
+13258299832
+13258680082
+13259330123
+13259775335
+13259998737
+13262001900
+13262003310
+13262225027
+13262914831
+13265541258
+13292080597
+13293370000
+13302089992
+13302226305
+13302226306
+13302226324
+13302226325
+13302226615
+13302274921
+13302276083
+13302276089
+13302276160
+13302345537
+13302364038
+13302368669
+13302376651
+13302376652
+13302376658
+13302376662
+13302384059
+13302387027
+13302387039
+13302387044
+13302387047
+13302388162
+13302497601
+13302497709
+13302538680
+13302599560
+13302716760
+13302780678
+13302780684
+13302805535
+13302805882
+13302805891
+13302834307
+13302881966
+13302892648
+13302919854
+13302941888
+13302952171
+13302953214
+13302953559
+13303251371
+13303252143
+13303257890
+13303294558
+13303436297
+13303449014
+13303476392
+13303538156
+13303548416
+13303622703
+13303825429
+13304175674
+13304224414
+13304230403
+13304267519
+13304315363
+13304315963
+13304315964
+13304335039
+13304335966
+13304335970
+13304335979
+13304335987
+13304358570
+13304469390
+13304485284
+13304593538
+13304597597
+13304599807
+13304708508
+13304746538
+13304757179
+13304758280
+13304758352
+13304758661
+13304767504
+13304815770
+13304822747
+13304868042
+13304949494
+13305161008
+13305202862
+13305206073
+13305212047
+13305212562
+13305213444
+13305252575
+13305259014
+13305259167
+13305259182
+13305361029
+13305376227
+13305393262
+13305478635
+13305525199
+13305531159
+13305549050
+13305566285
+13305741406
+13305771188
+13306037890
+13306072808
+13306151529
+13306174061
+13306175338
+13306178842
+13306224270
+13306224734
+13306255641
+13306420605
+13306428631
+13306557950
+13306578161
+13306681400
+13306798060
+13306801994
+13306802487
+13306803912
+13306859207
+13306983495
+13307046854
+13307081480
+13307301886
+13307398634
+13307521088
+13307521793
+13307719366
+13307786542
+13307852641
+13307941903
+13308337890
+13308367919
+13308438359
+13308492665
+13308492749
+13308568016
+13308626015
+13308638233
+13308656280
+13308717076
+13308834531
+13308927061
+13308993393
+13309130585
+13309154356
+13309154626
+13309154763
+13309157917
+13309187263
+13309252712
+13309540771
+13309546984
+13309548877
+13309615183
+13309706489
+13309758643
+13309806071
+13312007125
+13312007251
+13312007330
+13312040002
+13312085710
+13312085719
+13312086201
+13312128098
+13312128116
+13312128144
+13312129899
+13312158592
+13312239758
+13312401294
+13312401862
+13312403132
+13312484740
+13312511423
+13312561086
+13312581436
+13312701680
+13312799374
+13312957764
+13313008485
+13313054198
+13313336313
+13314223794
+13314256029
+13314256114
+13314656922
+13314764755
+13317012980
+13317012996
+13317012998
+13317168828
+13317168842
+13317716282
+13318885082
+13319986074
+13322106537
+13322141112
+13322238123
+13322257437
+13322287626
+13322287975
+13322305331
+13322306771
+13322321395
+13322322099
+13322327883
+13322343204
+13322346774
+13322370051
+13322374294
+13322374460
+13322374506
+13322374568
+13322375958
+13322380062
+13322380145
+13322380324
+13322380656
+13322380963
+13322380978
+13322381095
+13322381138
+13322381144
+13322381147
+13322381152
+13322381158
+13322381186
+13322381187
+13322381189
+13322381191
+13322381196
+13322381210
+13322381923
+13322381956
+13322381959
+13322382033
+13322382035
+13322382159
+13322382160
+13322382162
+13322382163
+13322382164
+13322382166
+13322382177
+13322382188
+13322382615
+13322382617
+13322382829
+13322382831
+13322383196
+13322383197
+13322383267
+13322383270
+13322383272
+13322383275
+13322384168
+13322384176
+13322384199
+13322442341
+13322556004
+13322556220
+13322588625
+13322646013
+13322823766
+13322825315
+13322825692
+13323220522
+13323789364
+13324560112
+13326003341
+13326994804
+13328670561
+13328957944
+13329005540
+13332552222
+13342036331
+13342095861
+13342120087
+13342120112
+13342120304
+13342187621
+13342197804
+13342198764
+13342349679
+13342375176
+13342379523
+13342392078
+13342462496
+13342508965
+13342684328
+13342686111
+13342940853
+13343160617
+13343219216
+13343219228
+13343745689
+13343774911
+13343805233
+13343868080
+13343912876
+13343963000
+13344317322
+13344394610
+13344470782
+13344476119
+13344477095
+13344725284
+13344979495
+13345057098
+13345130148
+13345232298
+13345260032
+13345571034
+13345577812
+13345745231
+13345753100
+13345753748
+13345918650
+13346002304
+13346101137
+13346321989
+13346571116
+13346623117
+13346623119
+13346853388
+13346856519
+13346857353
+13347814287
+13347934666
+13347998454
+13348010922
+13348038278
+13348038671
+13348688241
+13349541344
+13362033947
+13362108058
+13362516155
+13362571928
+13362583529
+13362596353
+13362815928
+13362818065
+13362907979
+13362910486
+13362926192
+13362951358
+13363022360
+13363084292
+13363105612
+13363319709
+13363342730
+13363497329
+13363544470
+13363550885
+13363557838
+13363654598
+13363767272
+13363876467
+13363950587
+13364182972
+13364212163
+13364294188
+13364365011
+13364369061
+13364369093
+13364369148
+13364369588
+13364369730
+13364369972
+13364373950
+13364393076
+13364415979
+13364497890
+13364778095
+13364778638
+13364786725
+13364846823
+13365151554
+13365159221
+13365169778
+13365180126
+13365188532
+13365301729
+13365360160
+13365366119
+13365408822
+13365440753
+13365469528
+13365518685
+13365656628
+13365664173
+13365840835
+13365922089
+13365922108
+13366124133
+13366520747
+13366520834
+13366630301
+13366630638
+13366680660
+13366814296
+13366821849
+13366912577
+13367038477
+13367091635
+13367150176
+13367363224
+13367363639
+13367383115
+13367401346
+13367421937
+13367490378
+13367852023
+13368142127
+13368157696
+13368330898
+13368428009
+13368428182
+13368428187
+13368428233
+13368482601
+13368485809
+13368488549
+13368489341
+13368508787
+13368666702
+13368751768
+13368914943
+13368919363
+13368951210
+13369000640
+13369161471
+13369162003
+13369164043
+13369165279
+13369165894
+13369203408
+13369297216
+13369440974
+13369704200
+13369981313
+13372085963
+13372125047
+13372153608
+13372158752
+13372224563
+13372225646
+13372236030
+13372260649
+13372325702
+13372351927
+13372449457
+13372520634
+13372903356
+13372903935
+13372922312
+13372966991
+13373094951
+13373095889
+13373134752
+13373161118
+13373161134
+13373167186
+13373169520
+13373169816
+13373191490
+13373192346
+13373198512
+13373199071
+13373248093
+13373259088
+13373331068
+13373447163
+13373479735
+13373707037
+13373815354
+13373853827
+13373853967
+13373859458
+13373868696
+13374141269
+13374224137
+13374227206
+13374227979
+13374232631
+13374243001
+13374331756
+13374450171
+13374460493
+13374664131
+13374677026
+13374783353
+13374888002
+13375044670
+13375160869
+13375402718
+13375784556
+13376001084
+13376001094
+13376001096
+13376001449
+13377060811
+13377399828
+13377727848
+13377727853
+13377727855
+13378000980
+13379015316
+13379449549
+13388281212
+13392018302
+13392019313
+13392019315
+13392039463
+13392046624
+13392047947
+13392049027
+13392049443
+13392051010
+13392051017
+13392051093
+13392051412
+13392051454
+13392051482
+13392063791
+13392091397
+13392105491
+13392150031
+13392153157
+13392157953
+13392161439
+13392202310
+13392203876
+13392217721
+13392266120
+13392348325
+13392447266
+13392447294
+13392449477
+13392449479
+13392449858
+13392550119
+13392557852
+13393292768
+13393330223
+13393331240
+13393336655
+13393381805
+13393686582
+13393687141
+13393687411
+13394446270
+13394692307
+13394762672
+13394995766
+13394995782
+13396664658
+13396749316
+13397075633
+13397078949
+13397770743
+13398440231
+13399001186
+13399001424
+13402200889
+13402208955
+13404351333
+13412006609
+13412007288
+13418998449
+13434950043
+13437655123
+13442829679
+13456789012
+13459942700
+13462001109
+13462003170
+13462020030
+13462038538
+13462048362
+13462048410
+13462140349
+13462165146
+13462225253
+13462290995
+13462299798
+13462400486
+13462411354
+13463010700
+13463039917
+13463039921
+13463065894
+13463082393
+13463090008
+13463090086
+13463090116
+13463214022
+13463260131
+13463314105
+13463367456
+13463441352
+13463477594
+13463477601
+13463477604
+13463477612
+13463478361
+13463550346
+13463598028
+13463781326
+13463790753
+13463897001
+13464217810
+13464250699
+13464296384
+13464296496
+13464324507
+13464449394
+13464478300
+13464522015
+13464746752
+13464760147
+13464810562
+13464861536
+13465298791
+13465368321
+13465372922
+13465372959
+13465500409
+13465501195
+13465560492
+13465886154
+13465992724
+13466008827
+13466016155
+13466224148
+13466667028
+13467662160
+13468001442
+13468450123
+13469716231
+13469716246
+13469716291
+13469716313
+13469716327
+13469716385
+13469980377
+13469985934
+13472013921
+13472017015
+13472018771
+13472050534
+13472057133
+13472057710
+13472147890
+13472151670
+13472152167
+13472152716
+13472153027
+13472153031
+13472153035
+13472156325
+13472165691
+13472184079
+13472189474
+13472189485
+13472216599
+13472235739
+13472273075
+13472276900
+13472277277
+13472299354
+13472299426
+13472306704
+13472306998
+13472308009
+13472377543
+13472382569
+13472464410
+13472465456
+13472523879
+13472523939
+13472541837
+13472547445
+13472547458
+13472548166
+13472559723
+13472563329
+13472621153
+13472638001
+13472647634
+13472682415
+13472692327
+13472693078
+13472708624
+13472708635
+13472708695
+13472718962
+13472736028
+13472738593
+13472748902
+13472763592
+13472817534
+13472822805
+13472823001
+13472846058
+13472846826
+13472862852
+13472930850
+13472968147
+13472985570
+13472985953
+13472987384
+13473002052
+13473012058
+13473049691
+13473051237
+13473052023
+13473054123
+13473056110
+13473057007
+13473057060
+13473181979
+13473214747
+13473216074
+13473218018
+13473218040
+13473219908
+13473259040
+13473283416
+13473294700
+13473295141
+13473310107
+13473310114
+13473333410
+13473343805
+13473346057
+13473346066
+13473384191
+13473420307
+13473432776
+13473435789
+13473435799
+13473445269
+13473445309
+13473486713
+13473494964
+13473498572
+13473499150
+13473520069
+13473520793
+13473528202
+13473540153
+13473629056
+13473679702
+13473688922
+13473696713
+13473744111
+13473788006
+13473791626
+13473798522
+13473804882
+13473827601
+13473828910
+13473843342
+13473843392
+13473844018
+13473848008
+13473854165
+13473890010
+13473890029
+13473890296
+13473900682
+13473900686
+13473900851
+13473900870
+13473901026
+13473901036
+13473901040
+13473901052
+13473902755
+13473913282
+13473918944
+13473923134
+13473941511
+13473941518
+13473941519
+13473941532
+13473941533
+13473941534
+13473941563
+13473941564
+13473941594
+13473941622
+13473941623
+13473941634
+13473941637
+13473941649
+13473941694
+13473950381
+13473950412
+13473950485
+13473956462
+13474044078
+13474060327
+13474063519
+13474078075
+13474080225
+13474080709
+13474080733
+13474081561
+13474096824
+13474106895
+13474107007
+13474127004
+13474180348
+13474180396
+13474180403
+13474180406
+13474180423
+13474180424
+13474180429
+13474180574
+13474180578
+13474180582
+13474180584
+13474180585
+13474180586
+13474180594
+13474180597
+13474225018
+13474261953
+13474262058
+13474278513
+13474278551
+13474283643
+13474304707
+13474305351
+13474305816
+13474310010
+13474344406
+13474345334
+13474345396
+13474347870
+13474349556
+13474349606
+13474349676
+13474349696
+13474349824
+13474349874
+13474368948
+13474412386
+13474412388
+13474412391
+13474413220
+13474484812
+13474485447
+13474488192
+13474573158
+13474620369
+13474645388
+13474659863
+13474670971
+13474671109
+13474671176
+13474671194
+13474671218
+13474674617
+13474676191
+13474682020
+13474688440
+13474731512
+13474740010
+13474740463
+13474743186
+13474743195
+13474743213
+13474743215
+13474743264
+13474749429
+13474785055
+13474785845
+13474801394
+13474801544
+13474801721
+13474856800
+13474914832
+13475022525
+13475022674
+13475022817
+13475026682
+13475069031
+13475147822
+13475156527
+13475158871
+13475175533
+13475181046
+13475181048
+13475181448
+13475181701
+13475181775
+13475234022
+13475235553
+13475274400
+13475275304
+13475279084
+13475341114
+13475350602
+13475351218
+13475354852
+13475375793
+13475394213
+13475394266
+13475394269
+13475394270
+13475394414
+13475394541
+13475410256
+13475428902
+13475457414
+13475546622
+13475589509
+13475603957
+13475605191
+13475605212
+13475605213
+13475605216
+13475605230
+13475605286
+13475605299
+13475605677
+13475605761
+13475605770
+13475605772
+13475605773
+13475605774
+13475605777
+13475605780
+13475605849
+13475670000
+13475672167
+13475675927
+13475719020
+13475719286
+13475802652
+13475812881
+13475848738
+13475848747
+13475848794
+13475848795
+13475848853
+13475848854
+13475848879
+13475938761
+13476019737
+13476022231
+13476031825
+13476095265
+13476131828
+13476152372
+13476259092
+13476309825
+13476321151
+13476321846
+13476328620
+13476376193
+13476376194
+13476376410
+13476502113
+13476502129
+13476502841
+13476502986
+13476503899
+13476622126
+13476622497
+13476695232
+13476710466
+13476710479
+13476743984
+13476836143
+13476947846
+13476954819
+13476960086
+13476963899
+13476967314
+13476974007
+13477040827
+13477043611
+13477043613
+13477043743
+13477043744
+13477043796
+13477043831
+13477043832
+13477045556
+13477045823
+13477046553
+13477046554
+13477046555
+13477058272
+13477077430
+13477077435
+13477077478
+13477077629
+13477080070
+13477081451
+13477081454
+13477081628
+13477081865
+13477095937
+13477097904
+13477123699
+13477147807
+13477153142
+13477267125
+13477323129
+13477355869
+13477355962
+13477358982
+13477418228
+13477418288
+13477539404
+13477539447
+13477539517
+13477545217
+13477589174
+13477622167
+13477674513
+13477676364
+13477721617
+13477733216
+13477734598
+13477734600
+13477734606
+13477734612
+13477744040
+13477782045
+13477782454
+13477880982
+13477900951
+13477948386
+13477964299
+13477964398
+13477964405
+13477964423
+13478000000
+13478025197
+13478095330
+13478095370
+13478095453
+13478095928
+13478096326
+13478096338
+13478171466
+13478177659
+13478213124
+13478289629
+13478289692
+13478289783
+13478307355
+13478322356
+13478349368
+13478364909
+13478374960
+13478384397
+13478420180
+13478421697
+13478517110
+13478517156
+13478540427
+13478556229
+13478557994
+13478665580
+13478686322
+13478756989
+13478857994
+13478924950
+13478964185
+13478970811
+13478970815
+13478975249
+13478975415
+13478994282
+13478994283
+13479014514
+13479035896
+13479068602
+13479068612
+13479068613
+13479068614
+13479068615
+13479068617
+13479068620
+13479068622
+13479068623
+13479068642
+13479068661
+13479068666
+13479153996
+13479163376
+13479163605
+13479239538
+13479267113
+13479267311
+13479267725
+13479267736
+13479278986
+13479336001
+13479349029
+13479379951
+13479415820
+13479433856
+13479441193
+13479604515
+13479604787
+13479606497
+13479606509
+13479798040
+13479799320
+13479807018
+13479807026
+13479807350
+13479807561
+13479807680
+13479807907
+13479820872
+13479827989
+13479830706
+13479896288
+13479902484
+13479902541
+13479910619
+13479918531
+13486067431
+13489756987
+13502000774
+13512005979
+13512020352
+13512021815
+13512021816
+13512050054
+13512050323
+13512050377
+13512050388
+13512050449
+13512050474
+13512070728
+13512078010
+13512078013
+13512078015
+13512079249
+13512121848
+13512144175
+13512219452
+13512222420
+13512223365
+13512228087
+13512472827
+13512772504
+13513002123
+13517778627
+13518880858
+13522001168
+13522002578
+13522002698
+13522011273
+13522030804
+13522244331
+13522318304
+13522334525
+13522356800
+13522373611
+13522477398
+13522510285
+13522511676
+13522572282
+13522580318
+13522582919
+13522588480
+13522589406
+13522616701
+13522641414
+13522660304
+13522664588
+13522668187
+13522669569
+13522670633
+13522671997
+13522674281
+13522674296
+13522674851
+13522679693
+13522684969
+13522691999
+13522745850
+13522755134
+13522755686
+13522775233
+13522775901
+13522795276
+13522798576
+13522803457
+13522830665
+13522845105
+13522860043
+13522860734
+13523020256
+13523021779
+13523023472
+13523029080
+13523031972
+13523037380
+13523037693
+13523047041
+13523107346
+13523163480
+13523210670
+13523253191
+13523257809
+13523258296
+13523424083
+13523428524
+13523482633
+13523533221
+13523535020
+13523535026
+13523565872
+13523587175
+13523607875
+13523608347
+13523614708
+13523660160
+13523688283
+13523727890
+13523750086
+13523911309
+13523931442
+13523994581
+13524030868
+13524045810
+13524051345
+13524091268
+13524192473
+13524246135
+13524413329
+13524438293
+13524438805
+13524481180
+13524504305
+13524506919
+13524531081
+13524535738
+13524535753
+13524585027
+13524585532
+13524585533
+13524585535
+13524646013
+13524646035
+13524766274
+13524783001
+13524808362
+13524843315
+13524858535
+13524941047
+13524945363
+13524946551
+13524969943
+13525040528
+13525162512
+13525166508
+13525289510
+13525292699
+13525471391
+13525471676
+13525511338
+13525519657
+13525519878
+13525612042
+13525612050
+13525620392
+13525700695
+13525722163
+13525722590
+13525723797
+13525727438
+13525729899
+13525770364
+13525779631
+13525779639
+13525779641
+13525784429
+13525851708
+13525879708
+13525906601
+13525937055
+13526003040
+13526006440
+13526053276
+13526064701
+13526072629
+13526174877
+13526230643
+13526235928
+13526236097
+13526284220
+13526360957
+13526363612
+13526390031
+13526410982
+13526480402
+13526480481
+13526552123
+13526585831
+13526586532
+13526641510
+13526882648
+13526891394
+13526932227
+13526938347
+13527025814
+13527071019
+13527264868
+13527456884
+13528574816
+13528758786
+13528897040
+13529002564
+13602000891
+13602000964
+13602000966
+13602000993
+13602001725
+13602004069
+13602004078
+13602004175
+13602004434
+13602004562
+13602004621
+13602004645
+13602005655
+13602005665
+13602006819
+13602006820
+13602006829
+13602006831
+13602030008
+13602030010
+13602030016
+13602030017
+13602030018
+13602030019
+13602030020
+13602030022
+13602030023
+13602030024
+13602030028
+13602030029
+13602030031
+13602030032
+13602030997
+13602031825
+13602031828
+13602031829
+13602031830
+13602033277
+13602033905
+13602053567
+13602053728
+13602055368
+13602057066
+13602057104
+13602062785
+13602070774
+13602070792
+13602070918
+13602070962
+13602071176
+13602071321
+13602080347
+13602080783
+13602080785
+13602080787
+13602080826
+13602080827
+13602080828
+13602080829
+13602080863
+13602080864
+13602080901
+13602080902
+13602081056
+13602082903
+13602088549
+13602090504
+13602090505
+13602090527
+13602095612
+13602095873
+13602097891
+13602098103
+13602098907
+13602143477
+13602143593
+13602143595
+13602143601
+13602143607
+13602157319
+13602157321
+13602157339
+13602157356
+13602157375
+13602157398
+13602157401
+13602157402
+13602157411
+13602160295
+13602161833
+13602161834
+13602161908
+13602187941
+13602229955
+13602261667
+13602277540
+13602297143
+13602297154
+13602297794
+13602297803
+13602297831
+13602326447
+13602354785
+13602359088
+13602426054
+13602444240
+13602444261
+13602444264
+13602444268
+13602484593
+13602489985
+13602557375
+13602580936
+13602616028
+13602616633
+13602626019
+13602626046
+13602626174
+13602626392
+13602626395
+13602626401
+13602626414
+13602626424
+13602626428
+13602626451
+13602626457
+13602626474
+13602688118
+13602705119
+13602835246
+13602844863
+13602844865
+13602844869
+13602844872
+13602844884
+13602844893
+13602853488
+13602853577
+13602867678
+13602918329
+13602919260
+13603004578
+13603024743
+13603025481
+13603136995
+13603137216
+13603214779
+13603221124
+13603224859
+13603224870
+13603224959
+13603226166
+13603226179
+13603226802
+13603226804
+13603226806
+13603247407
+13603262629
+13603266355
+13603294901
+13603305089
+13603311000
+13603353091
+13603353122
+13603353137
+13603394345
+13603394826
+13603411000
+13603451185
+13603451188
+13603451190
+13603451195
+13603451197
+13603451199
+13603451204
+13603469366
+13603469651
+13603471790
+13603471806
+13603501097
+13603534067
+13603553505
+13603558135
+13603558650
+13603558731
+13603561015
+13603582824
+13603597706
+13603597723
+13603624254
+13603624505
+13603624581
+13603624692
+13603624719
+13603625278
+13603625919
+13603625925
+13603655550
+13603692712
+13603694015
+13603694057
+13603694186
+13603694581
+13603696016
+13603696231
+13603696305
+13603856366
+13603867361
+13603867362
+13603883070
+13603883103
+13603920935
+13604064648
+13604064679
+13604172062
+13604195804
+13604196915
+13604422923
+13604500205
+13604500602
+13604500699
+13604504354
+13604505227
+13604592176
+13604592180
+13604592182
+13604592189
+13604626299
+13604641123
+13604641418
+13604644862
+13604649943
+13604707077
+13604743278
+13604743296
+13604743351
+13604744240
+13604744244
+13604744687
+13604744713
+13604818777
+13604876117
+13604896074
+13604919515
+13604992808
+13604992958
+13605040024
+13605048083
+13605048731
+13605157853
+13605194912
+13605232556
+13605249018
+13605252034
+13605253218
+13605259474
+13605290744
+13605290935
+13605294890
+13605369207
+13605445666
+13605476032
+13605495704
+13605509784
+13605509921
+13605591653
+13605629014
+13605633227
+13605655147
+13605662212
+13605662850
+13605662902
+13605694401
+13605726212
+13605895244
+13605895258
+13605895261
+13605895263
+13605917081
+13605917135
+13605917144
+13605917202
+13606026998
+13606126384
+13606272338
+13606286290
+13606333119
+13606333122
+13606338962
+13606338990
+13606339274
+13606339313
+13606339314
+13606339325
+13606339505
+13606339624
+13606339635
+13606339636
+13606355561
+13606374717
+13606374899
+13606376073
+13606376557
+13606376804
+13606376809
+13606376838
+13606378283
+13606393337
+13606396973
+13606544959
+13606601014
+13606634445
+13606634447
+13606634460
+13606639001
+13606673191
+13606673554
+13606673555
+13606675836
+13606675950
+13606676094
+13606676096
+13606676097
+13606676098
+13606776227
+13606798134
+13606801236
+13606823386
+13606857867
+13606875133
+13606889786
+13606956292
+13607109246
+13607183004
+13607189117
+13607189951
+13607189987
+13607225408
+13607278058
+13607462558
+13607462871
+13607496235
+13607611155
+13607611562
+13607631908
+13607633346
+13607679337
+13607683600
+13607711576
+13607752537
+13607761002
+13607803095
+13607803796
+13607803810
+13607872989
+13607879125
+13607957855
+13607978535
+13607993787
+13607994255
+13607994382
+13607998978
+13608075207
+13608075350
+13608075355
+13608075358
+13608075517
+13608075520
+13608075524
+13608088697
+13608106206
+13608106235
+13608108063
+13608139086
+13608191122
+13608191124
+13608191141
+13608365631
+13608368011
+13608370024
+13608392495
+13608428030
+13608432006
+13608432011
+13608511347
+13608511350
+13608511351
+13608511356
+13608511662
+13608511710
+13608511726
+13608511764
+13608514125
+13608514693
+13608514704
+13608514709
+13608514835
+13608532692
+13608614105
+13608614109
+13608614114
+13608614116
+13608614117
+13608614613
+13608614623
+13608654988
+13608673362
+13608684585
+13608686062
+13608774052
+13608863303
+13608897040
+13608968907
+13609000110
+13609170470
+13609211727
+13609240249
+13609243022
+13609243028
+13609286071
+13609286073
+13609286239
+13609297890
+13609306362
+13609344887
+13609366688
+13609462975
+13609491417
+13609491622
+13609491624
+13609491673
+13609517687
+13609535604
+13609668553
+13609674323
+13609674363
+13609674389
+13609674409
+13609674418
+13609674506
+13609674511
+13609674543
+13609674545
+13609674548
+13609675058
+13609737008
+13609783366
+13609891438
+13609950021
+13609968387
+13612010070
+13612046316
+13612097053
+13612097865
+13612108300
+13612130116
+13612131416
+13612147019
+13612173188
+13612176458
+13612295733
+13612297052
+13612323911
+13612330124
+13612373259
+13612374896
+13612409886
+13612553286
+13612620068
+13612658999
+13612660070
+13612714848
+13612714868
+13612714950
+13612714999
+13612882191
+13612883069
+13613151470
+13613173027
+13613173211
+13613173217
+13613173227
+13613173232
+13613173250
+13613173252
+13613173253
+13613173257
+13613173258
+13613173260
+13613173266
+13613173281
+13613173282
+13613173290
+13613173637
+13613173762
+13613261489
+13613372991
+13613604016
+13613604567
+13613702000
+13613714719
+13613852919
+13613856523
+13614001007
+13614003192
+13614360219
+13614360874
+13614362074
+13614362236
+13614503136
+13614912165
+13614913402
+13615167762
+13615343292
+13615343322
+13615622438
+13615868874
+13615898053
+13616365977
+13616522404
+13616580832
+13616581875
+13616782548
+13616872680
+13616872852
+13617230827
+13617394716
+13617560250
+13617662737
+13617662978
+13617792711
+13617865272
+13618494297
+13618650022
+13619922143
+13619923540
+13619927890
+13619989372
+13619989450
+13619989459
+13619989463
+13623772759
+13625251457
+13642008613
+13642084336
+13658788458
+13672549739
+13674688440
+13683006771
+13687259932
+13692587410
+13695213695
+13698774588
+13706210098
+13706501341
+13706506583
+13706506584
+13706506585
+13706810576
+13706810690
+13786459124
+13802031825
+13802045811
+13802049036
+13802091928
+13802105978
+13802171037
+13802172723
+13802199436
+13802239920
+13802273649
+13802295465
+13803900141
+13804445743
+13808002459
+13808880984
+13809836708
+13852005584
+13852020988
+13852021804
+13852037419
+13852037938
+13852038241
+13852046885
+13852063826
+13852072137
+13852077137
+13852121091
+13852126577
+13852132476
+13852134998
+13852135003
+13852139149
+13852170450
+13852183021
+13852183036
+13852183054
+13852183075
+13852183951
+13852186059
+13852202248
+13852206160
+13852206973
+13852251292
+13852293036
+13852293041
+13852293106
+13852293199
+13852293203
+13852293204
+13852293228
+13852293335
+13852327228
+13852339652
+13852356724
+13852357363
+13852432004
+13852436121
+13852436369
+13852460505
+13852462092
+13852491209
+13852491221
+13852491294
+13852491323
+13852491347
+13852491350
+13852491799
+13852491870
+13852491893
+13852586748
+13852617118
+13852617141
+13852617166
+13852745299
+13852752550
+13852754099
+13852756610
+13852756886
+13852885685
+13852921579
+13852931685
+13853144429
+13853239063
+13853256085
+13853256121
+13853257414
+13853550304
+13853644453
+13853644509
+13853756060
+13853830007
+13853830016
+13853830022
+13853888005
+13853888703
+13853993344
+13853994633
+13854095449
+13854291396
+13854443144
+13854443189
+13854465475
+13854469706
+13854494416
+13854496023
+13854897059
+13854985134
+13855296745
+13857152260
+13857157275
+13857860811
+13857868757
+13858312667
+13858870703
+13858870705
+13858870980
+13858870995
+13858870996
+13859401370
+13859882022
+13862009289
+13862023079
+13862024622
+13862040839
+13862040846
+13862047890
+13862064465
+13862066374
+13862101999
+13862138701
+13862138704
+13862138719
+13862138722
+13862179302
+13862182466
+13862182695
+13862191021
+13862191270
+13862332906
+13862342850
+13862346089
+13862439204
+13862440918
+13862497890
+13862545797
+13862547574
+13862569079
+13862593471
+13862612034
+13862613943
+13862690863
+13862694536
+13862697536
+13862714371
+13862714378
+13862763282
+13862774261
+13863062662
+13863086186
+13863127889
+13863138051
+13863195950
+13863813555
+13864015102
+13864027333
+13864056825
+13864147417
+13864381866
+13864381870
+13864530264
+13864566622
+13864571697
+13864571698
+13864571745
+13864571755
+13864571790
+13864571894
+13864708796
+13864784344
+13864784463
+13864791408
+13864908983
+13865068152
+13865164839
+13865164918
+13865180053
+13865180158
+13865182777
+13865182856
+13865183004
+13865183103
+13865183547
+13865279951
+13865470793
+13865479611
+13865580964
+13865648082
+13865662466
+13865667096
+13865667902
+13865692937
+13865759695
+13865901477
+13865902223
+13865909199
+13866232615
+13866233536
+13866270182
+13866396244
+13866631830
+13866751042
+13867786542
+13867892232
+13868042589
+13868044398
+13868044850
+13868489662
+13868511289
+13868543004
+13868549575
+13868680650
+13868682839
+13868685338
+13868724904
+13869168541
+13869315315
+13869316779
+13869319581
+13869578061
+13869681765
+13888637786
+13892752539
+13949539495
+14012006040
+14012008550
+14012008645
+14012008667
+14012008767
+14012008891
+14012038037
+14012038038
+14012057019
+14012138072
+14012141237
+14012141508
+14012142609
+14012146053
+14012161735
+14012161755
+14012161788
+14012178508
+14012233264
+14012251166
+14012252069
+14012289697
+14012308943
+14012341572
+14012342971
+14012343279
+14012343762
+14012346289
+14012349291
+14012392872
+14012398579
+14012419214
+14012503802
+14012508199
+14012576643
+14012593758
+14012714709
+14012796402
+14012817106
+14012837980
+14012883684
+14012932294
+14012982523
+14012982532
+14012982540
+14012982544
+14013000946
+14013005313
+14013123409
+14013248650
+14013293887
+14013313895
+14013402035
+14013439764
+14013469543
+14013525853
+14013541712
+14013696501
+14013730135
+14013754657
+14013792070
+14013862086
+14013962331
+14014062631
+14014064974
+14014065709
+14014083454
+14014159859
+14014245060
+14014337875
+14014337979
+14014375578
+14014375581
+14014664365
+14014666082
+14014666093
+14014669512
+14014685599
+14014845489
+14014987913
+14015151515
+14015225060
+14015294451
+14015339400
+14015502210
+14015620198
+14015620812
+14015667037
+14015833565
+14015834565
+14015940952
+14015976381
+14015993432
+14016184214
+14016431093
+14016482902
+14016486754
+14016486836
+14016489484
+14016663702
+14016940156
+14017093451
+14017093452
+14017093454
+14017094740
+14017102103
+14017327890
+14017347630
+14017358281
+14017579047
+14017683328
+14018590293
+14018591816
+14018684083
+14019211997
+14019229552
+14019257315
+14019419070
+14019928810
+14022005018
+14022012155
+14022012839
+14022040540
+14022050670
+14022053017
+14022060187
+14022060944
+14022060950
+14022062227
+14022075393
+14022184292
+14022201100
+14022205573
+14022351437
+14022356354
+14022374127
+14022468547
+14022476535
+14022492909
+14022521074
+14022530157
+14022530507
+14022564501
+14022565440
+14022570579
+14022654295
+14022654320
+14022794528
+14022811081
+14022898228
+14022951165
+14023017903
+14023028524
+14023075145
+14023136324
+14023160817
+14023164043
+14023175121
+14023360018
+14023477143
+14023477159
+14023513922
+14023622492
+14023749650
+14023821530
+14023827040
+14023827091
+14023827093
+14023827149
+14023827159
+14023827827
+14023827932
+14023873049
+14023873080
+14023895121
+14023897072
+14023912571
+14023964472
+14023978855
+14024024023
+14024030068
+14024030881
+14024036740
+14024087134
+14024088310
+14024136732
+14024144191
+14024180290
+14024308364
+14024325148
+14024347622
+14024547290
+14024732627
+14024912800
+14025001028
+14025001681
+14025001708
+14025002840
+14025061694
+14025074629
+14025095055
+14025096267
+14025121238
+14025125183
+14025125249
+14025125264
+14025136634
+14025582828
+14025851286
+14025937107
+14026015236
+14026017132
+14026018718
+14026095287
+14026095398
+14026095706
+14026174642
+14026317119
+14026331233
+14026669332
+14026695879
+14026954639
+14026954866
+14026955262
+14027044014
+14027188836
+14027535767
+14027692395
+14027692398
+14027692428
+14027692434
+14027709632
+14027797672
+14027797724
+14027797835
+14027797837
+14027797840
+14027797841
+14027928989
+14027944025
+14028001973
+14028172309
+14028177797
+14028177842
+14028177856
+14028299104
+14028299107
+14028299108
+14028341823
+14028356280
+14028363870
+14028364486
+14028387314
+14028417797
+14028555169
+14028559678
+14028852482
+14028924989
+14029357733
+14029380300
+14029382050
+14029426706
+14029442882
+14029524444
+14029731299
+14029731440
+14029881139
+14029881276
+14029890174
+14029985021
+14038093447
+14042012836
+14042016957
+14042104692
+14042207215
+14042208752
+14042209037
+14042209068
+14042209637
+14042209772
+14042241886
+14042260895
+14042308080
+14042366069
+14042600992
+14042601436
+14042663250
+14042671423
+14042676200
+14042701882
+14042732464
+14042750414
+14042753150
+14042756473
+14042759254
+14042762568
+14042774796
+14042821840
+14042822736
+14042872531
+14042878718
+14043036612
+14043150507
+14043165563
+14043340712
+14043344099
+14043344101
+14043344103
+14043344104
+14043344105
+14043344106
+14043344159
+14043410045
+14043410093
+14043410173
+14043410184
+14043410212
+14043410292
+14043410362
+14043415805
+14043415984
+14043419227
+14043419228
+14043419546
+14043419547
+14043419548
+14043419549
+14043650966
+14043691703
+14043695250
+14043734637
+14043748628
+14043811115
+14043820158
+14043826759
+14043827363
+14043829515
+14043829570
+14044001125
+14044001652
+14044002668
+14044003358
+14044003610
+14044003635
+14044003726
+14044003921
+14044005495
+14044006634
+14044006662
+14044007380
+14044007601
+14044007756
+14044055373
+14044068882
+14044102939
+14044103420
+14044103535
+14044103595
+14044184401
+14044184651
+14044185137
+14044186621
+14044187196
+14044187205
+14044196614
+14044197801
+14044254035
+14044277813
+14044278026
+14044334019
+14044376312
+14044376510
+14044410340
+14044452923
+14044454620
+14044455724
+14044456521
+14044461410
+14044482250
+14044531984
+14044559111
+14044580009
+14044581624
+14044581662
+14044581663
+14044588337
+14044624401
+14044653447
+14044751025
+14044752686
+14044756611
+14044763553
+14044766141
+14044801360
+14044813000
+14044817254
+14044917274
+14044957322
+14044967006
+14045008672
+14045076390
+14045181800
+14045199133
+14045371391
+14045373150
+14045483565
+14045583675
+14045610175
+14045665428
+14045667714
+14045667767
+14045668003
+14045668972
+14045669884
+14045744857
+14045785697
+14045926394
+14045945010
+14045945052
+14045945196
+14045945550
+14045959819
+14045968068
+14045974034
+14045975608
+14045976536
+14046019001
+14046022086
+14046125100
+14046131260
+14046203710
+14046205532
+14046227070
+14046302548
+14046372227
+14046474323
+14046490855
+14046495267
+14046562881
+14046590116
+14046664197
+14046665341
+14046675501
+14046799000
+14046894495
+14046925707
+14046927691
+14046927811
+14046927855
+14046949022
+14046965146
+14047154725
+14047211874
+14047248961
+14047256295
+14047336089
+14047376402
+14047718343
+14047773121
+14047936327
+14047936529
+14047957664
+14048002021
+14048004814
+14048006419
+14048009231
+14048060742
+14048064811
+14048064812
+14048092195
+14048128908
+14048199498
+14048255943
+14048261730
+14048266196
+14048275347
+14048292824
+14048355477
+14048360098
+14048383112
+14048408229
+14048457879
+14048507121
+14048507353
+14048560999
+14048638033
+14048653247
+14048678858
+14048688153
+14048688283
+14048787811
+14048894138
+14048898269
+14048910508
+14048910529
+14048911085
+14048911262
+14048915030
+14048915163
+14048915223
+14048915238
+14048915295
+14048915588
+14048915623
+14048915625
+14048915982
+14048919012
+14048948286
+14049007972
+14049010486
+14049025256
+14049026905
+14049092444
+14049092566
+14049208417
+14049244536
+14049252490
+14049263085
+14049338568
+14049347046
+14049363498
+14049368517
+14049375005
+14049477479
+14049485233
+14049486987
+14049535826
+14049620498
+14049639379
+14049644191
+14049754444
+14049788978
+14049842313
+14049878915
+14049899889
+14049903007
+14049922679
+14049960002
+14049960396
+14049985221
+14049985222
+14049985667
+14052207119
+14052220229
+14052220504
+14052253437
+14052253762
+14052310281
+14052316313
+14052333652
+14052338587
+14052376811
+14052451313
+14052470266
+14052519281
+14052519594
+14052534124
+14052561042
+14052561468
+14052561639
+14052618091
+14052662353
+14052667570
+14052670531
+14052679015
+14052765016
+14052873905
+14052934914
+14052938500
+14052966026
+14052966028
+14053004733
+14053005713
+14053008360
+14053084474
+14053100241
+14053100848
+14053225742
+14053363512
+14053366066
+14053390018
+14053390020
+14053423522
+14053477421
+14053515041
+14053519346
+14053534030
+14053673784
+14053675722
+14053694019
+14053834428
+14053846430
+14053857658
+14053897803
+14054000715
+14054000926
+14054067739
+14054093008
+14054105974
+14054131092
+14054150375
+14054151990
+14054171636
+14054171830
+14054172388
+14054204004
+14054210318
+14054210331
+14054210790
+14054210879
+14054219214
+14054220286
+14054284128
+14054370238
+14054371167
+14054451817
+14054455329
+14054469418
+14054488535
+14054587301
+14054618380
+14054673464
+14054709006
+14054715800
+14054869567
+14054936259
+14054941953
+14055001003
+14055038940
+14055066912
+14055144921
+14055299000
+14055376536
+14055432682
+14055464975
+14055482251
+14055637498
+14055710651
+14055771694
+14055871609
+14055884525
+14056007973
+14056079907
+14056138179
+14056238115
+14056484149
+14056484711
+14056485228
+14056486207
+14056496090
+14056509206
+14056531719
+14056669459
+14056735800
+14056957002
+14056957089
+14056983512
+14057039620
+14057303099
+14057305494
+14057308962
+14057423538
+14057446523
+14057514865
+14057553131
+14057590266
+14057603429
+14057667695
+14057676600
+14057749425
+14057781869
+14057794396
+14057794537
+14057990266
+14058160013
+14058244798
+14058368521
+14058426115
+14058476175
+14058750308
+14058750317
+14058764058
+14058967992
+14058980798
+14059223699
+14059303049
+14059904787
+14062013072
+14062019156
+14062033902
+14062042199
+14062042206
+14062045019
+14062151111
+14062195491
+14062223109
+14062331150
+14062420336
+14062572694
+14062628849
+14062648998
+14062664910
+14062704252
+14062716615
+14062721476
+14062721863
+14062721989
+14062724680
+14062728763
+14062841489
+14062876037
+14062876486
+14062942090
+14063037226
+14063060254
+14063068438
+14063223221
+14063223324
+14063344501
+14063441237
+14063451648
+14063510456
+14063612158
+14063696109
+14063712132
+14064120887
+14064203025
+14064203048
+14064433189
+14064856734
+14065308354
+14065340009
+14065345840
+14065401243
+14065526300
+14065590719
+14065593010
+14065593073
+14065593076
+14065593116
+14065593117
+14065593259
+14065771228
+14065778154
+14066013001
+14066621139
+14066861177
+14066861817
+14066869677
+14067031157
+14067031334
+14067262272
+14067943414
+14067975192
+14067975275
+14068123148
+14068123150
+14068123154
+14068133672
+14068135945
+14068465465
+14068481612
+14068689990
+14068932166
+14069249583
+14069271001
+14069273835
+14069394350
+14069411790
+14069411854
+14069441800
+14069510256
+14069510401
+14069510402
+14069510416
+14069571453
+14069667523
+14069910330
+14069917915
+14069925810
+14072004450
+14072038843
+14072038844
+14072050172
+14072050761
+14072051062
+14072051064
+14072051452
+14072051883
+14072057122
+14072073272
+14072093750
+14072140109
+14072141525
+14072142422
+14072168434
+14072168438
+14072173011
+14072251414
+14072327166
+14072357387
+14072357388
+14072357391
+14072357393
+14072357395
+14072357443
+14072357448
+14072401242
+14072428495
+14072555670
+14072655521
+14072686688
+14072700537
+14072702850
+14072749059
+14072781302
+14072782067
+14072837702
+14073070902
+14073080091
+14073080094
+14073080699
+14073187207
+14073189015
+14073262108
+14073264231
+14073269425
+14073290676
+14073297461
+14073332020
+14073342521
+14073370067
+14073370072
+14073370167
+14073370363
+14073370389
+14073375444
+14073388871
+14073455205
+14073476311
+14073513878
+14073525551
+14073570187
+14073583806
+14073586232
+14073586498
+14073586681
+14073659965
+14073687860
+14073687865
+14073687867
+14073687869
+14073687870
+14073731703
+14073746906
+14073748639
+14073760921
+14073770190
+14073780060
+14073780071
+14073780339
+14073783729
+14073785331
+14073800844
+14073832863
+14073922704
+14073923142
+14073929574
+14073929590
+14073931683
+14073941498
+14073941989
+14074027481
+14074047356
+14074047358
+14074047359
+14074047361
+14074047362
+14074108699
+14074108772
+14074109101
+14074123021
+14074139429
+14074307962
+14074328609
+14074362131
+14074390239
+14074390326
+14074390395
+14074421456
+14074421471
+14074457016
+14074485589
+14074487645
+14074487877
+14074535282
+14074546734
+14074549113
+14074565645
+14074578598
+14074597092
+14074623407
+14074638905
+14074670181
+14074674048
+14074674918
+14074675031
+14074677127
+14074687620
+14074695100
+14074760972
+14074760973
+14074760975
+14074760983
+14074769542
+14074837843
+14074921333
+14074943283
+14074952006
+14074952404
+14074952433
+14074990364
+14074990997
+14074994053
+14074994545
+14074998222
+14075019779
+14075023998
+14075025086
+14075025902
+14075026004
+14075091261
+14075097602
+14075134180
+14075152416
+14075152822
+14075164867
+14075191035
+14075191114
+14075191303
+14075191305
+14075192022
+14075265314
+14075300051
+14075300403
+14075300404
+14075300422
+14075300423
+14075301725
+14075301726
+14075301761
+14075301837
+14075301839
+14075301850
+14075301853
+14075301869
+14075301875
+14075301966
+14075301974
+14075301984
+14075378652
+14075410804
+14075416743
+14075429891
+14075430333
+14075452124
+14075452521
+14075454069
+14075454071
+14075457432
+14075471001
+14075471438
+14075480057
+14075490959
+14075491693
+14075510404
+14075533077
+14075545491
+14075548661
+14075570199
+14075575963
+14075631020
+14075631890
+14075668080
+14075670064
+14075670066
+14075670188
+14075690386
+14075713296
+14075719901
+14075733595
+14075735085
+14075747295
+14075792103
+14075880775
+14075881689
+14075889744
+14075893333
+14075927354
+14075943937
+14075947818
+14075980593
+14075986684
+14076006986
+14076026010
+14076026016
+14076027219
+14076039530
+14076056310
+14076056625
+14076085461
+14076085655
+14076101078
+14076127991
+14076132960
+14076147638
+14076148103
+14076188942
+14076271213
+14076303569
+14076309276
+14076365788
+14076414651
+14076415993
+14076536268
+14076642612
+14076649954
+14076701460
+14076727018
+14076801004
+14077036279
+14077069225
+14077093247
+14077102703
+14077109297
+14077109696
+14077166008
+14077207864
+14077209140
+14077223517
+14077223529
+14077223531
+14077223532
+14077223533
+14077223560
+14077223569
+14077223891
+14077226023
+14077322414
+14077322415
+14077322416
+14077341993
+14077343042
+14077343053
+14077384114
+14077384134
+14077491042
+14077491786
+14077496440
+14077534499
+14077534820
+14077580620
+14077588494
+14077663983
+14077681702
+14077681705
+14077709232
+14077754354
+14077761001
+14077835708
+14077835794
+14077922320
+14077922336
+14077925897
+14077962905
+14078010636
+14078010779
+14078011067
+14078014789
+14078017550
+14078038009
+14078051116
+14078093118
+14078095070
+14078111282
+14078123541
+14078154151
+14078198219
+14078301565
+14078322964
+14078325715
+14078328245
+14078329254
+14078379800
+14078421505
+14078424113
+14078428725
+14078459174
+14078459175
+14078459386
+14078528483
+14078547180
+14078583600
+14078636179
+14078639429
+14078709870
+14078713242
+14078741110
+14078741118
+14078741140
+14078872855
+14078875647
+14079002000
+14079009793
+14079013900
+14079036100
+14079036130
+14079040439
+14079041254
+14079044024
+14079061604
+14079062847
+14079065961
+14079068644
+14079089748
+14079171116
+14079172890
+14079218199
+14079282372
+14079314579
+14079324395
+14079335314
+14079342519
+14079343753
+14079343821
+14079345791
+14079346724
+14079347349
+14079349177
+14079352354
+14079359954
+14079362469
+14079466251
+14079466258
+14079466259
+14079471930
+14079474097
+14079475820
+14079476782
+14079488315
+14079488562
+14079489884
+14079521020
+14079548546
+14079555004
+14079559124
+14079586548
+14079661588
+14079666246
+14079674715
+14079701151
+14079714528
+14079719632
+14079786269
+14079804450
+14079821980
+14079825510
+14079825571
+14079827740
+14079827947
+14079861460
+14079865439
+14079881036
+14079881283
+14079881591
+14079898421
+14079944630
+14082113111
+14082125063
+14082224545
+14082235639
+14082235693
+14082253296
+14082284486
+14082457826
+14082463335
+14082516311
+14082516315
+14082560700
+14082561958
+14082569856
+14082642636
+14082642757
+14082642763
+14082643036
+14082643106
+14082643173
+14082643227
+14082745698
+14082891171
+14082906920
+14082906931
+14082906934
+14082906940
+14082906942
+14082906944
+14082906953
+14082906954
+14082908253
+14083171111
+14083380099
+14083386009
+14083472871
+14083512849
+14083516619
+14083597443
+14083629787
+14083722195
+14083725343
+14083727009
+14083767400
+14083852555
+14083852640
+14083852717
+14083852749
+14083852783
+14083859371
+14083870397
+14083891645
+14083893739
+14083902675
+14083906545
+14083957360
+14083993880
+14084019522
+14084042210
+14084091324
+14084120324
+14084120325
+14084130276
+14084132608
+14084145294
+14084180072
+14084180205
+14084180213
+14084180214
+14084180221
+14084180224
+14084180249
+14084199241
+14084264638
+14084268544
+14084289860
+14084292075
+14084317867
+14084464647
+14084521144
+14084532464
+14084545940
+14084546387
+14084567855
+14084596189
+14084621996
+14084703087
+14084716352
+14084716694
+14084740436
+14084776262
+14084782051
+14084783774
+14084785155
+14084819281
+14084998726
+14085048579
+14085086339
+14085194412
+14085207303
+14085398976
+14085414191
+14085501628
+14085512150
+14085563362
+14085574441
+14085600339
+14085601694
+14085613616
+14085658216
+14085663562
+14085695500
+14085800139
+14085855163
+14085923032
+14085926414
+14085929112
+14085967119
+14085974463
+14086003747
+14086012177
+14086019870
+14086052178
+14086062034
+14086065775
+14086080157
+14086095812
+14086104900
+14086107144
+14086140185
+14086185114
+14086185223
+14086270461
+14086276222
+14086286007
+14086292941
+14086482230
+14086482720
+14086494536
+14086544446
+14086584946
+14086594283
+14086598234
+14086653722
+14086738481
+14086748108
+14086755479
+14086755716
+14086764876
+14086772937
+14086774795
+14086840367
+14086840734
+14086871115
+14086872891
+14086877224
+14086885162
+14086890022
+14086895222
+14086912787
+14086988028
+14087035861
+14087092557
+14087132906
+14087136601
+14087151268
+14087406599
+14087523352
+14087545577
+14087559012
+14087623852
+14087625630
+14087663911
+14087672676
+14087692965
+14087692967
+14087704909
+14087706525
+14087712126
+14087755509
+14087789911
+14087801601
+14087804608
+14087850215
+14087865880
+14087898645
+14087963014
+14087977832
+14087992818
+14088093447
+14088099791
+14088099892
+14088119735
+14088192688
+14088195207
+14088199153
+14088199171
+14088199455
+14088199778
+14088199781
+14088224141
+14088241520
+14088277118
+14088280859
+14088337006
+14088488000
+14088511000
+14088544445
+14088546611
+14088665822
+14088693401
+14088728360
+14088748326
+14088808617
+14088808671
+14088995914
+14089050068
+14089109536
+14089144847
+14089189994
+14089241204
+14089445272
+14089514283
+14089600110
+14089611560
+14089621025
+14089630029
+14089630813
+14089700000
+14089876292
+14089876304
+14089876330
+14089961010
+14092026599
+14092060857
+14092061014
+14092094243
+14092232733
+14092308600
+14092320155
+14092390914
+14092400763
+14092546513
+14092844821
+14092846928
+14092915844
+14092915864
+14092918161
+14092993560
+14092996019
+14093168019
+14093168152
+14093335467
+14093477430
+14093478071
+14093566076
+14093599934
+14093774320
+14093792138
+14094220008
+14094228093
+14094228102
+14094228107
+14094228108
+14094295504
+14094403350
+14094894383
+14095474805
+14095711605
+14096008079
+14096329068
+14096839380
+14096842264
+14096842303
+14097109327
+14097376010
+14097376011
+14097507101
+14097507723
+14097611529
+14098952388
+14099040630
+14099083085
+14099083134
+14099083162
+14099968547
+14102005020
+14102005050
+14102022143
+14102022796
+14102042821
+14102042903
+14102049010
+14102087386
+14102088158
+14102133008
+14102133795
+14102140271
+14102149248
+14102154328
+14102160435
+14102164550
+14102200436
+14102200443
+14102201712
+14102204028
+14102205396
+14102205779
+14102242347
+14102264422
+14102264442
+14102317074
+14102317075
+14102317076
+14102317078
+14102317116
+14102317117
+14102376792
+14102377373
+14102378260
+14102460117
+14102464629
+14102465455
+14102486752
+14102525457
+14102542478
+14102673864
+14102683310
+14102714897
+14102771012
+14102771016
+14102771020
+14102865185
+14102900220
+14102919216
+14102981700
+14103093600
+14103128222
+14103153262
+14103178504
+14103188001
+14103192847
+14103275904
+14103357890
+14103390604
+14103442125
+14103447256
+14103465812
+14103488068
+14103500033
+14103524015
+14103564304
+14103641895
+14103658451
+14103810254
+14103877544
+14103901453
+14103904140
+14103904175
+14103944921
+14104010216
+14104010446
+14104018780
+14104030298
+14104030962
+14104153681
+14104175770
+14104224872
+14104224882
+14104231801
+14104240355
+14104270360
+14104292001
+14104494457
+14104527448
+14104573078
+14104655299
+14104655962
+14104691634
+14104691635
+14104691726
+14104698980
+14104698984
+14104762463
+14104965490
+14104984023
+14104986102
+14105004512
+14105015273
+14105015735
+14105089016
+14105089632
+14105105049
+14105142414
+14105146093
+14105155609
+14105300300
+14105364205
+14105396464
+14105458120
+14105467890
+14105483817
+14105568691
+14105644950
+14105715658
+14105805777
+14105885937
+14105892711
+14106001093
+14106093096
+14106180343
+14106181400
+14106184151
+14106251972
+14106301960
+14106307011
+14106327119
+14106355035
+14106355102
+14106380926
+14106452938
+14106456029
+14106456041
+14106456049
+14106480362
+14106484260
+14106566088
+14106568079
+14106574933
+14106575245
+14106602502
+14106673963
+14106705280
+14106715201
+14106794678
+14106802270
+14106806213
+14106965937
+14106975485
+14106976294
+14106988386
+14106988402
+14107024049
+14107059983
+14107261031
+14107441950
+14107533059
+14107557974
+14107644777
+14107650342
+14107676774
+14107710000
+14107744186
+14107746437
+14107767466
+14107775005
+14107778965
+14107820130
+14107823098
+14107934279
+14107937581
+14108008358
+14108073056
+14108073863
+14108344758
+14108374436
+14108387456
+14108426096
+14108440019
+14108440079
+14108443404
+14108443556
+14108444161
+14108445747
+14108446747
+14108448865
+14108466118
+14108494033
+14108494034
+14108584305
+14108624743
+14108628673
+14108629200
+14108643074
+14108730002
+14108737179
+14108744728
+14108745194
+14108776274
+14108776933
+14108921918
+14108961900
+14109001658
+14109001700
+14109001704
+14109001709
+14109001710
+14109001714
+14109001716
+14109043061
+14109100690
+14109148646
+14109199250
+14109199345
+14109280063
+14109287349
+14109297676
+14109310244
+14109341331
+14109347919
+14109390298
+14109432168
+14109437116
+14109452775
+14109555000
+14109584286
+14109651234
+14109667190
+14109723290
+14109733181
+14109826222
+14109845695
+14109856570
+14109884111
+14109884503
+14109896707
+14109899861
+14122001971
+14122010026
+14122056989
+14122128735
+14122129022
+14122147270
+14122183251
+14122194489
+14122233244
+14122260279
+14122260305
+14122263083
+14122264542
+14122268245
+14122298134
+14122403152
+14122464327
+14122468092
+14122586497
+14122616400
+14122740935
+14122751012
+14122751482
+14122752505
+14122787014
+14122823070
+14122921498
+14122924912
+14123013885
+14123081970
+14123135047
+14123148293
+14123162460
+14123180656
+14123188979
+14123189158
+14123296256
+14123298343
+14123322219
+14123368632
+14123453850
+14123453897
+14123461345
+14123461349
+14123461399
+14123462785
+14123512888
+14123519232
+14123560114
+14123572876
+14123762095
+14123764521
+14123852844
+14123852898
+14123860259
+14123937100
+14124076405
+14124139990
+14124190533
+14124190537
+14124190540
+14124191604
+14124300217
+14124300277
+14124303876
+14124303880
+14124305688
+14124403171
+14124407752
+14124414053
+14124448029
+14124468059
+14124520785
+14124525043
+14124536713
+14124578943
+14124597975
+14124609644
+14124609647
+14124609893
+14124651107
+14124651108
+14124651127
+14124651129
+14124651132
+14124651133
+14124651997
+14125034375
+14125069620
+14125121438
+14125169774
+14125208411
+14125330300
+14125330463
+14125339157
+14125471673
+14125471965
+14125498112
+14125620900
+14125674600
+14125678040
+14125679346
+14125850077
+14125950077
+14125950078
+14125950081
+14125958592
+14126047010
+14126122611
+14126227386
+14126468330
+14126468341
+14126468350
+14126468357
+14126468375
+14126548101
+14126627386
+14126886386
+14126936336
+14127017968
+14127137169
+14127198046
+14127448791
+14127450195
+14127481610
+14127613307
+14127636137
+14127663940
+14127664677
+14127700822
+14127701422
+14127710575
+14127933344
+14128000480
+14128039151
+14128249532
+14128475582
+14128475934
+14128503434
+14128508047
+14128574870
+14128858434
+14128881510
+14129068764
+14129233947
+14129246175
+14129248155
+14129391568
+14129420745
+14129451144
+14129604410
+14129907421
+14132078968
+14132079043
+14132132464
+14132137106
+14132147491
+14132147679
+14132147847
+14132321488
+14132321504
+14132321537
+14132421506
+14132426169
+14132484021
+14132525071
+14132594693
+14132665043
+14132780618
+14132830281
+14132842816
+14132998420
+14133009705
+14133010889
+14133073784
+14133078946
+14133180191
+14133393791
+14133432915
+14133440466
+14133465447
+14133465464
+14133465472
+14133465473
+14133465476
+14133465477
+14133465486
+14133465487
+14133468778
+14133773053
+14133883832
+14133885249
+14133900311
+14133915802
+14134181019
+14134236847
+14134243742
+14134250082
+14134395326
+14134609252
+14134612998
+14134619036
+14134752168
+14134891602
+14134933878
+14135254887
+14135530444
+14135701396
+14135978014
+14135994400
+14136101514
+14136102054
+14136102056
+14136102060
+14136131892
+14136332663
+14136445016
+14136628519
+14136922675
+14137078650
+14137282769
+14137327111
+14137363111
+14137495506
+14137523653
+14137835597
+14137954555
+14138343229
+14138354033
+14138459196
+14138484693
+14138627087
+14138810012
+14139302025
+14139313050
+14139624543
+14139926967
+14142039929
+14142062610
+14142078914
+14142080999
+14142091970
+14142094903
+14142125429
+14142125840
+14142190007
+14142299951
+14142330023
+14142351388
+14142380242
+14142401400
+14142468389
+14142491158
+14142508173
+14142530835
+14142532302
+14142537948
+14142539115
+14142572339
+14142609826
+14142609843
+14142612333
+14142690601
+14142696579
+14142698109
+14142698874
+14142767282
+14142790372
+14142829300
+14142855709
+14143067742
+14143075028
+14143100588
+14143125159
+14143232719
+14143245617
+14143328767
+14143489455
+14143694010
+14143696066
+14143696609
+14143696644
+14143696647
+14143696670
+14143696671
+14143750631
+14143750967
+14143768595
+14143865748
+14143866525
+14143868595
+14144093941
+14144099274
+14144141839
+14144319095
+14144340744
+14144359131
+14144362034
+14144391589
+14144486355
+14144486492
+14144486493
+14144486509
+14144486904
+14144550047
+14144629911
+14145012914
+14145091425
+14145091426
+14145091503
+14145091572
+14145091577
+14145100977
+14145260325
+14145264325
+14145290856
+14145316331
+14145399910
+14145511634
+14145518802
+14146356925
+14146779545
+14147104866
+14147518792
+14147590887
+14147632762
+14147639396
+14147885214
+14147938055
+14147973415
+14148002549
+14148002986
+14148002987
+14148103412
+14148553980
+14148553993
+14148770003
+14148770103
+14148771026
+14148775471
+14148775475
+14148775571
+14148822165
+14148884171
+14149288486
+14149305086
+14149307670
+14149446917
+14149465707
+14149773410
+14149796534
+14149994245
+14152000045
+14152000570
+14152000596
+14152000751
+14152000971
+14152001184
+14152001186
+14152001204
+14152001209
+14152001213
+14152001243
+14152001273
+14152001294
+14152001316
+14152001381
+14152001424
+14152001432
+14152001514
+14152001538
+14152001748
+14152001763
+14152001797
+14152001843
+14152001866
+14152001909
+14152002504
+14152003171
+14152008139
+14152124459
+14152129641
+14152149892
+14152210110
+14152220000
+14152230433
+14152302287
+14152302951
+14152304297
+14152310332
+14152313772
+14152313773
+14152315439
+14152315599
+14152338501
+14152340491
+14152349490
+14152349604
+14152349645
+14152349647
+14152349651
+14152349654
+14152349703
+14152349729
+14152349730
+14152349735
+14152349742
+14152349863
+14152363637
+14152363638
+14152364010
+14152364423
+14152367642
+14152377018
+14152521288
+14152660188
+14152663370
+14152694288
+14152739569
+14152741474
+14152753127
+14152756518
+14152876000
+14152876010
+14152892262
+14152899306
+14152946388
+14152948799
+14152954764
+14152996080
+14152996347
+14153007282
+14153014873
+14153015535
+14153083150
+14153160381
+14153160420
+14153160424
+14153197006
+14153221196
+14153221198
+14153221199
+14153238546
+14153248783
+14153290180
+14153290339
+14153290345
+14153290477
+14153296676
+14153430013
+14153495352
+14153526719
+14153580611
+14153581276
+14153581647
+14153584862
+14153630164
+14153635644
+14153639581
+14153639604
+14153639680
+14153660188
+14153660276
+14153660716
+14153660718
+14153662542
+14153665588
+14153665700
+14153666442
+14153666575
+14153666646
+14153668041
+14153668459
+14153668500
+14153750956
+14153761448
+14153761458
+14153785323
+14153788034
+14154013576
+14154040435
+14154048430
+14154066521
+14154098933
+14154131338
+14154133497
+14154137954
+14154139120
+14154229907
+14154267050
+14154291002
+14154297851
+14154469289
+14154651007
+14154651385
+14154697583
+14154752247
+14154814004
+14154830019
+14154830032
+14154831534
+14154831613
+14154834567
+14154834931
+14154844451
+14154844494
+14154864800
+14154964482
+14154981500
+14155006970
+14155006979
+14155043131
+14155061284
+14155061327
+14155062409
+14155062416
+14155067764
+14155084326
+14155084600
+14155201195
+14155203587
+14155207631
+14155211877
+14155237023
+14155237116
+14155247847
+14155267516
+14155273471
+14155273472
+14155273705
+14155273707
+14155286177
+14155286201
+14155294633
+14155295360
+14155328646
+14155343534
+14155349643
+14155484275
+14155486181
+14155486225
+14155486228
+14155486229
+14155487049
+14155489373
+14155489384
+14155490696
+14155564862
+14155697583
+14155704872
+14155712780
+14155785940
+14155789066
+14155790709
+14155992464
+14155992994
+14156062477
+14156105110
+14156107830
+14156122727
+14156129754
+14156147382
+14156195520
+14156308409
+14156340418
+14156340421
+14156385002
+14156385033
+14156445313
+14156551958
+14156599170
+14156599639
+14156599991
+14156695685
+14156714147
+14156719584
+14156777880
+14156814796
+14156849580
+14156853244
+14156858904
+14156870622
+14156870709
+14156886201
+14156891349
+14156901228
+14156901514
+14156902079
+14156902098
+14156902582
+14156914135
+14156914761
+14156918036
+14156918835
+14156920444
+14156925393
+14157027794
+14157040363
+14157041203
+14157041783
+14157041785
+14157078394
+14157232497
+14157232690
+14157232706
+14157232714
+14157232726
+14157232776
+14157262712
+14157357107
+14157357128
+14157427561
+14157428232
+14157428829
+14157466086
+14157466961
+14157469546
+14157526922
+14157552820
+14157636830
+14157675797
+14157957448
+14157957468
+14157957593
+14157957595
+14157957667
+14157959992
+14157995934
+14157997360
+14157997869
+14157998333
+14157998686
+14157999609
+14158001446
+14158003082
+14158004078
+14158004180
+14158004380
+14158022956
+14158022960
+14158022992
+14158022996
+14158133643
+14158139687
+14158189051
+14158299429
+14158306651
+14158332000
+14158349328
+14158408970
+14158408971
+14158408972
+14158422807
+14158423069
+14158423078
+14158429158
+14158484445
+14158510084
+14158524469
+14158525900
+14158550446
+14158610104
+14158702862
+14158706820
+14158765309
+14158768484
+14158783753
+14158785272
+14158863596
+14158896488
+14158916410
+14158950593
+14158977417
+14158983941
+14159073322
+14159079619
+14159141879
+14159141900
+14159150747
+14159151137
+14159264147
+14159313712
+14159328044
+14159350724
+14159353912
+14159436740
+14159438196
+14159439199
+14159439322
+14159439323
+14159442722
+14159465707
+14159465710
+14159465717
+14159513263
+14159603523
+14159634773
+14159642785
+14159675181
+14159676340
+14159683111
+14159694588
+14159914997
+14159917603
+14159917604
+14159926057
+14159934119
+14162010704
+14162330047
+14163641111
+14163641115
+14164785000
+14166403489
+14169151479
+14172004021
+14172024473
+14172026800
+14172028410
+14172028534
+14172028569
+14172041111
+14172045238
+14172124408
+14172126325
+14172128642
+14172128644
+14172128650
+14172128895
+14172150325
+14172152656
+14172152669
+14172152671
+14172152674
+14172152680
+14172155874
+14172183241
+14172183267
+14172183271
+14172183277
+14172183278
+14172183319
+14172183348
+14172183504
+14172183614
+14172193774
+14172202893
+14172330956
+14172331315
+14172384146
+14172634929
+14172953112
+14173084145
+14173130544
+14173191811
+14173197022
+14173233066
+14173530460
+14173695714
+14173881603
+14173931084
+14173963116
+14173983557
+14174292980
+14174292983
+14174299168
+14174301690
+14174594911
+14174836045
+14174960385
+14175354555
+14175476251
+14175537745
+14175674342
+14176051233
+14176485247
+14176783449
+14176934446
+14177170274
+14177201256
+14177204730
+14177264088
+14177270888
+14177510342
+14177715817
+14178002895
+14178002897
+14178126141
+14178126637
+14178126640
+14178338296
+14178338424
+14178524042
+14178552070
+14178659506
+14178664690
+14178948385
+14178948569
+14178949404
+14179227913
+14179421272
+14179421693
+14179861036
+14179870943
+14184113911
+14189257632
+14192034719
+14192087750
+14192087961
+14192087987
+14192087988
+14192108354
+14192163670
+14192169197
+14192169301
+14192169302
+14192169309
+14192169669
+14192169670
+14192208338
+14192238953
+14192239113
+14192763242
+14192850504
+14192880249
+14193030521
+14193159169
+14193172083
+14193181300
+14193436966
+14193594586
+14193653047
+14193653050
+14193656757
+14193710476
+14193919123
+14193929503
+14193929601
+14194057265
+14194057710
+14194248806
+14194420936
+14194654605
+14194729401
+14194734250
+14194821369
+14194962837
+14194969836
+14195000882
+14195068003
+14195090381
+14195090680
+14195094392
+14195132237
+14195570978
+14195580135
+14195583841
+14195584261
+14195592226
+14195592626
+14195664821
+14195705649
+14195880026
+14196600074
+14196707552
+14196874525
+14196887001
+14196887006
+14197156409
+14197248900
+14197310199
+14197412041
+14197496946
+14197502388
+14197561364
+14197779334
+14197802457
+14197826253
+14197872889
+14198105173
+14198747932
+14199150005
+14199304150
+14199304891
+14199306176
+14199572508
+14215515332
+14232003370
+14232051342
+14232056243
+14232104382
+14232129706
+14232141522
+14232178956
+14232201009
+14232256835
+14232377421
+14232396798
+14232444451
+14232482450
+14232564130
+14232644774
+14232743856
+14232789888
+14233015357
+14233146222
+14233148948
+14233281807
+14233408798
+14233422480
+14233424324
+14233438161
+14233809063
+14233916995
+14233916996
+14234051028
+14234051193
+14234051202
+14234051204
+14234142535
+14234147270
+14234195013
+14234214692
+14234350278
+14234379986
+14234499118
+14234499467
+14234499513
+14234499738
+14234564343
+14234581351
+14234632490
+14234647326
+14234664210
+14234676123
+14234676125
+14234676190
+14234676460
+14235015605
+14235015749
+14235090163
+14235098745
+14235355600
+14235376006
+14235431752
+14235444685
+14235467328
+14235509051
+14235522424
+14235549855
+14235930664
+14235958153
+14235959277
+14236009794
+14236047352
+14236194674
+14236484908
+14236750713
+14236768941
+14237030727
+14237049203
+14237173208
+14237274754
+14237341157
+14237341406
+14237585126
+14237714043
+14237741155
+14237775497
+14237778082
+14237786542
+14237810831
+14237902556
+14237911531
+14237913967
+14237914131
+14237933181
+14237933385
+14237942982
+14237945317
+14238187327
+14238187810
+14238222465
+14238230064
+14238291654
+14238439274
+14238439278
+14238457012
+14238630293
+14238950397
+14239002087
+14239200116
+14239205558
+14239309826
+14239730044
+14239970646
+14242024286
+14242036581
+14242044290
+14242044902
+14242045306
+14242071453
+14242157080
+14242175957
+14242175970
+14242175971
+14242177795
+14242177798
+14242181149
+14242181285
+14242260292
+14242260733
+14242260856
+14242263250
+14242264613
+14242264618
+14242281001
+14242281029
+14242288318
+14242308811
+14242312449
+14242315282
+14242345724
+14242347349
+14242353976
+14242354890
+14242355862
+14242355908
+14242360085
+14242365823
+14242369207
+14242373024
+14242383442
+14242393880
+14242395093
+14242395373
+14242407413
+14242408926
+14242439481
+14242452220
+14242456943
+14242458148
+14242458236
+14242500740
+14242519691
+14242537004
+14242578175
+14242608844
+14242614790
+14242694567
+14242719189
+14242735001
+14242756882
+14242763337
+14242803668
+14242810251
+14242813863
+14242828513
+14242828868
+14242842050
+14242848146
+14242874247
+14242874798
+14242875302
+14242918599
+14242925323
+14242925466
+14242931102
+14242937615
+14242940298
+14242941736
+14242942432
+14242944944
+14242971257
+14242972216
+14242974818
+14243025128
+14243025213
+14243032230
+14243055092
+14243058536
+14243058546
+14243058552
+14243058555
+14243122798
+14243123209
+14243137968
+14243176212
+14243208457
+14243227224
+14243268140
+14243273684
+14243323379
+14243325300
+14243434669
+14243438298
+14243439289
+14243491505
+14243520874
+14243520884
+14243544130
+14243544271
+14243552780
+14243562495
+14243562551
+14243562554
+14243562707
+14243626806
+14243631279
+14243631291
+14243637308
+14243670339
+14243672733
+14243685854
+14243699085
+14243699087
+14243730873
+14243730921
+14243836469
+14243850597
+14243910362
+14243918987
+14243926725
+14243966919
+14244002706
+14244146276
+14244219164
+14244224242
+14244438917
+14244440110
+14244512035
+14244518019
+14244605204
+14244880542
+14244880565
+14245007128
+14245007131
+14245007132
+14245114521
+14245121322
+14245122594
+14245368850
+14245430298
+14245515007
+14245582466
+14246103004
+14246220761
+14246662289
+14246997332
+14247042181
+14247044830
+14247318181
+14247320464
+14247322564
+14247380676
+14247380841
+14247385899
+14247385989
+14247812025
+14248003511
+14248887973
+14249038419
+14249038599
+14252006711
+14252017423
+14252065126
+14252065635
+14252068546
+14252071287
+14252074259
+14252074268
+14252074276
+14252074289
+14252090318
+14252091166
+14252091207
+14252171821
+14252175868
+14252234885
+14252302409
+14252417064
+14252425190
+14252455042
+14252473057
+14252482893
+14252567412
+14252749173
+14252762481
+14252768682
+14252785664
+14252795179
+14252847916
+14252849177
+14252875361
+14252876073
+14252907502
+14252921033
+14252952113
+14252952856
+14252960873
+14252961450
+14252963141
+14252989721
+14253052171
+14253101216
+14253109912
+14253127268
+14253127307
+14253203990
+14253204801
+14253205082
+14253205292
+14253221875
+14253298669
+14253301128
+14253345708
+14253368425
+14253368427
+14253368430
+14253368439
+14253376267
+14253530495
+14253566781
+14253567501
+14253585986
+14253647224
+14253650361
+14253650613
+14253659666
+14253670420
+14253675040
+14253697187
+14253697276
+14253721535
+14253725310
+14253725320
+14253741278
+14253744176
+14253744480
+14253867935
+14253958018
+14253968956
+14254069170
+14254069412
+14254069544
+14254069662
+14254069663
+14254069683
+14254069684
+14254069685
+14254093645
+14254122539
+14254122559
+14254122612
+14254128010
+14254128201
+14254128388
+14254128510
+14254128553
+14254202848
+14254262554
+14254362438
+14254405142
+14254413002
+14254419328
+14254419471
+14254434079
+14254484470
+14254484490
+14254544911
+14254547012
+14254583090
+14254623017
+14254647657
+14254741266
+14254789953
+14254850085
+14254945690
+14255026616
+14255026679
+14255190080
+14255229955
+14255237003
+14255264079
+14255289725
+14255295287
+14255532163
+14255532185
+14255597732
+14255599907
+14255599908
+14255846157
+14255984281
+14256156783
+14256200685
+14256299286
+14256352970
+14256368122
+14256432613
+14256471913
+14256545313
+14256545322
+14256571001
+14256573030
+14256575110
+14256593880
+14256783621
+14256783622
+14256783679
+14256789965
+14256876362
+14256890814
+14256895631
+14256895768
+14256897888
+14257323247
+14257453339
+14257777190
+14257785684
+14257890123
+14258218358
+14258253882
+14258369992
+14258739508
+14258769154
+14258800072
+14258800693
+14258805857
+14258809731
+14258809767
+14258824800
+14258976363
+14259211560
+14259274816
+14259439144
+14259479075
+14259479919
+14259531851
+14259545298
+14259797248
+14259797850
+14259865321
+14259980547
+14296748756
+14302223081
+14302240813
+14302521212
+14302559628
+14302592499
+14303428024
+14305821736
+14308030538
+14322000239
+14322000404
+14322034101
+14322035386
+14322036182
+14322073210
+14322142759
+14322148269
+14322185400
+14322428983
+14322518037
+14322965501
+14323073353
+14323604955
+14324263532
+14324668339
+14324669253
+14325257961
+14325353346
+14325383374
+14325869589
+14326983474
+14328035917
+14328169441
+14328222465
+14328278038
+14328483015
+14329231704
+14329233976
+14332287022
+14342051510
+14342053190
+14342053699
+14342053966
+14342070443
+14342072147
+14342140090
+14342169233
+14342174877
+14342184876
+14342188206
+14342262096
+14342264613
+14342265634
+14342274069
+14342340092
+14342341098
+14342411023
+14342420093
+14342483484
+14342532058
+14342570268
+14342580528
+14342596518
+14342645349
+14342702217
+14342753461
+14342880113
+14342900488
+14342901073
+14342901078
+14343220009
+14343245963
+14343260058
+14343270032
+14343297599
+14343310500
+14343337499
+14343337515
+14343375777
+14343389832
+14343634558
+14343811673
+14343814485
+14343844031
+14344213099
+14344234098
+14344241054
+14344306793
+14344714014
+14344714025
+14344714050
+14344714075
+14344714077
+14344714096
+14345094454
+14345291035
+14345320366
+14345332079
+14345332094
+14345339028
+14345352066
+14345353121
+14345353163
+14345633543
+14345924309
+14346452891
+14346454590
+14346580194
+14346580402
+14346582263
+14346582362
+14346616092
+14346616194
+14347351361
+14347382737
+14348180430
+14348223399
+14348293968
+14348515382
+14348516625
+14348659117
+14348763232
+14348789989
+14349222275
+14349959407
+14352001421
+14352002158
+14352009152
+14352009171
+14352140662
+14352140699
+14352141188
+14352207968
+14352222003
+14352260357
+14352260358
+14352284029
+14352363644
+14352382183
+14352383452
+14352387768
+14352437356
+14352437677
+14352437789
+14352437845
+14352444673
+14352451229
+14352482916
+14352523037
+14352523845
+14352537864
+14352547162
+14352547169
+14352547171
+14352547172
+14352551188
+14352551211
+14352551219
+14352551565
+14352553830
+14352556590
+14352556594
+14352556601
+14352556605
+14352557332
+14352557561
+14352557661
+14352605777
+14352606497
+14352606510
+14352613250
+14352614355
+14352642479
+14352647697
+14352651903
+14352658084
+14352664798
+14352683779
+14352717797
+14352717798
+14352717801
+14352717802
+14352804011
+14352804246
+14352875288
+14352924880
+14352928965
+14352955940
+14352955961
+14353102833
+14353148086
+14353400112
+14353444550
+14353744952
+14353744993
+14353834463
+14353835517
+14353836822
+14354148377
+14354149320
+14354415455
+14355275127
+14355592661
+14355624163
+14355632123
+14355654078
+14355727501
+14355808308
+14355925429
+14356091447
+14356126312
+14356250120
+14356278057
+14356702137
+14356885508
+14357482512
+14357504933
+14357527890
+14357752431
+14357785632
+14357872680
+14357878555
+14358469869
+14358504244
+14358569618
+14358809856
+14359894589
+14372623942
+14378873451
+14378879894
+14379991577
+14384486879
+14385584979
+14389780055
+14402012588
+14402017221
+14402017618
+14402045868
+14402079332
+14402093002
+14402104146
+14402109405
+14402190172
+14402190298
+14402205792
+14402206323
+14402219406
+14402268257
+14402360960
+14402362248
+14402437433
+14402497851
+14402529577
+14402529580
+14402529587
+14402530801
+14402875529
+14402875594
+14402885592
+14402901634
+14402904558
+14402912200
+14402918036
+14402972160
+14402972670
+14402998614
+14403056564
+14403057095
+14403057161
+14403057168
+14403057291
+14403058105
+14403058112
+14403058115
+14403066504
+14403067830
+14403160777
+14403164593
+14403193060
+14403193346
+14403250954
+14403250968
+14403327071
+14403355182
+14403361674
+14403362781
+14403364291
+14403368090
+14403368207
+14403630635
+14403636613
+14403680839
+14403719517
+14403721983
+14403818230
+14403818232
+14403818233
+14403818239
+14403818242
+14403818244
+14403820777
+14404097917
+14404245637
+14404314287
+14404449999
+14404470051
+14404550542
+14404553120
+14404557214
+14404686905
+14404853434
+14405196713
+14405196716
+14405196720
+14405281348
+14405296190
+14405380990
+14405578997
+14405655435
+14405694052
+14405740006
+14405740007
+14405740008
+14405817647
+14405906521
+14405965815
+14405987068
+14406000747
+14406175641
+14406270165
+14406385278
+14406385676
+14406713923
+14406733473
+14406733475
+14406733596
+14406788938
+14406835733
+14406900274
+14407445588
+14407691977
+14407872486
+14407882800
+14407996584
+14407996676
+14408217924
+14408478522
+14409514190
+14409518844
+14409676697
+14409738240
+14409846333
+14409998019
+14416789888
+14422006083
+14422006227
+14422065132
+14422101814
+14422230065
+14422230066
+14422260704
+14422293644
+14422340091
+14422429630
+14422429631
+14422435046
+14422435052
+14422435059
+14422435073
+14422435074
+14422435077
+14422435080
+14422435480
+14422435485
+14422447763
+14422464001
+14422498732
+14422546003
+14422585065
+14422585584
+14422585899
+14422716895
+14422786241
+14422850797
+14422859196
+14423151154
+14423470090
+14423474127
+14426002655
+14428672081
+14429002029
+14429002458
+14432010010
+14432010011
+14432010012
+14432010015
+14432010081
+14432010401
+14432010406
+14432010482
+14432010504
+14432031055
+14432035167
+14432035415
+14432038837
+14432051574
+14432051577
+14432051578
+14432054323
+14432104435
+14432140966
+14432169864
+14432190765
+14432190777
+14432190785
+14432212057
+14432228110
+14432229832
+14432270756
+14432287022
+14432287050
+14432292217
+14432305532
+14432320601
+14432322288
+14432336281
+14432336509
+14432424077
+14432470803
+14432497005
+14432497055
+14432518197
+14432528244
+14432528245
+14432528301
+14432528303
+14432589328
+14432589530
+14432610359
+14432610822
+14432610876
+14432669370
+14432680303
+14432680461
+14432680467
+14432680851
+14432850200
+14432901012
+14432903115
+14432948011
+14432948420
+14432977311
+14433001856
+14433028507
+14433032411
+14433032687
+14433198135
+14433280869
+14433280871
+14433280872
+14433334891
+14433335549
+14433338061
+14433358732
+14433359836
+14433381263
+14433389507
+14433431034
+14433431035
+14433432693
+14433440348
+14433440449
+14433452574
+14433452602
+14433452603
+14433452605
+14433452607
+14433455056
+14433455153
+14433459474
+14433476817
+14433549334
+14433600137
+14433748238
+14433766858
+14433840186
+14433860285
+14433888202
+14433890768
+14433999139
+14434199207
+14434199921
+14434325919
+14434381322
+14434381945
+14434451777
+14434514410
+14434514467
+14434514468
+14434514469
+14434514471
+14434514479
+14434518940
+14434560286
+14434591825
+14434657397
+14434667820
+14434784433
+14434918846
+14434922746
+14434922800
+14434922801
+14434922802
+14434922803
+14434925669
+14434925913
+14434925935
+14435073147
+14435073148
+14435073158
+14435073159
+14435073243
+14435131863
+14435134202
+14435136212
+14435136397
+14435366537
+14435525640
+14435581099
+14435698010
+14435698016
+14435698218
+14435730805
+14435784521
+14435829921
+14435956236
+14435998703
+14436329065
+14436379571
+14436609300
+14436733399
+14436877742
+14436925455
+14437063627
+14437068370
+14437132366
+14437132628
+14437146775
+14437146779
+14437146921
+14437146923
+14437146925
+14437146926
+14437146928
+14437207032
+14437253555
+14437259925
+14437259938
+14437316274
+14437340166
+14437350566
+14437352937
+14437359213
+14437359718
+14437432176
+14437651487
+14437666858
+14437691745
+14437752903
+14437753101
+14437753103
+14437753120
+14437753121
+14437753132
+14437873796
+14437873798
+14437995816
+14438020323
+14438282302
+14438406488
+14438424917
+14438429922
+14438472950
+14438536898
+14438731528
+14438732511
+14438781891
+14438781893
+14438781907
+14438781909
+14439066211
+14439107747
+14439187389
+14439207834
+14439313118
+14439430103
+14439430108
+14439474878
+14439493452
+14439569479
+14439574587
+14439607707
+14439612510
+14439612550
+14439622400
+14439632237
+14439694954
+14439737130
+14439799663
+14439862469
+14439924918
+14439926099
+14444444444
+14457774913
+14484446013
+14516175878
+14516375888
+14546446454
+14562887012
+14564654654
+14567890000
+14575610916
+14582002121
+14582010029
+14582010085
+14582010530
+14582011156
+14582011210
+14582011356
+14582011358
+14582011361
+14582011419
+14582011433
+14582011434
+14582011446
+14582011736
+14582011740
+14582011746
+14582012021
+14582012329
+14582012341
+14582020850
+14582021135
+14582028961
+14582033668
+14582067301
+14582067324
+14582067343
+14582092126
+14582092599
+14582143348
+14582156001
+14582274030
+14582284409
+14582289811
+14582305375
+14582414186
+14582739618
+14582921078
+14583009137
+14585001234
+14588880116
+14588889129
+14589992991
+14632030507
+14632050071
+14632172608
+14632173973
+14632190069
+14632190292
+14632339116
+14632910713
+14634263161
+14642370199
+14642370873
+14645642499
+14647779178
+14652947431
+14673759879
+14675594364
+14675639823
+14687251493
+14692004698
+14692004914
+14692009999
+14692056798
+14692064414
+14692064686
+14692069301
+14692080437
+14692080438
+14692089268
+14692089506
+14692099149
+14692107360
+14692109139
+14692109257
+14692121692
+14692137530
+14692140186
+14692144006
+14692148171
+14692149886
+14692234338
+14692255735
+14692373038
+14692470689
+14692475149
+14692484184
+14692493526
+14692522827
+14692522829
+14692570348
+14692592947
+14692622040
+14692653074
+14692653076
+14692701839
+14692705651
+14692706499
+14692706810
+14692706811
+14692707011
+14692707046
+14692707068
+14692707095
+14692709011
+14692777276
+14692787433
+14692811052
+14692830108
+14692830177
+14692832989
+14692845752
+14692899887
+14692907205
+14692908364
+14692919001
+14692919408
+14692943841
+14692943890
+14692948104
+14692972483
+14692972732
+14692983611
+14692998188
+14693049196
+14693122767
+14693148112
+14693170679
+14693170741
+14693183470
+14693184121
+14693187599
+14693191104
+14693191121
+14693200228
+14693209816
+14693337006
+14693352900
+14693364026
+14693404006
+14693415853
+14693417737
+14693420489
+14693440268
+14693446269
+14693511873
+14693513450
+14693513968
+14693515029
+14693515033
+14693517852
+14693529121
+14693531391
+14693614425
+14693750784
+14693847172
+14693880881
+14693939404
+14693939406
+14693939410
+14693956459
+14693960025
+14693992274
+14694098977
+14694103206
+14694200253
+14694214950
+14694216040
+14694217250
+14694242165
+14694242173
+14694242174
+14694242189
+14694243033
+14694256649
+14694256706
+14694256732
+14694309670
+14694330250
+14694330263
+14694368921
+14694369331
+14694409971
+14694478325
+14694479748
+14694490074
+14694498671
+14694499786
+14694530350
+14694542822
+14694570420
+14694576378
+14694576516
+14694581201
+14694581202
+14694581204
+14694581207
+14694581227
+14694587695
+14694645087
+14694668101
+14694668203
+14694700992
+14694700998
+14694700999
+14694804100
+14694817971
+14694847093
+14695060667
+14695130846
+14695136374
+14695174473
+14695174483
+14695174484
+14695174494
+14695174495
+14695174497
+14695174499
+14695174574
+14695174575
+14695174582
+14695174584
+14695174792
+14695174793
+14695174794
+14695180029
+14695188816
+14695189266
+14695189269
+14695210102
+14695238325
+14695268005
+14695290615
+14695291192
+14695320294
+14695374629
+14695436309
+14695640073
+14695640115
+14695779740
+14695896572
+14695963730
+14696060684
+14696074300
+14696074695
+14696074813
+14696087583
+14696087602
+14696088363
+14696088677
+14696091493
+14696158471
+14696191143
+14696191197
+14696193720
+14696196420
+14696196470
+14696200220
+14696216525
+14696230137
+14696283208
+14696286568
+14696400219
+14696464005
+14696464010
+14696464401
+14696464406
+14696464434
+14696464477
+14696464490
+14696464491
+14696464492
+14696492116
+14696493906
+14696494360
+14696494691
+14696495342
+14696496936
+14696568418
+14696568423
+14696568497
+14696669957
+14696683139
+14696683410
+14696712724
+14696765514
+14696938940
+14696947084
+14696977084
+14697010053
+14697068919
+14697068924
+14697127178
+14697166528
+14697187238
+14697200938
+14697216027
+14697294883
+14697294905
+14697295791
+14697296680
+14697309692
+14697509068
+14697572467
+14697578641
+14697583868
+14697808879
+14697824068
+14697824706
+14697975166
+14697975171
+14697975231
+14697975320
+14697975331
+14697975460
+14697975653
+14697975747
+14697976193
+14697976368
+14697976396
+14697976413
+14697976422
+14697976441
+14697976479
+14697976483
+14697976508
+14697976518
+14698020205
+14698023998
+14698052134
+14698120011
+14698123761
+14698135020
+14698148529
+14698161614
+14698282114
+14698345361
+14698383791
+14698387703
+14698445151
+14698524320
+14698531081
+14698539445
+14698544335
+14698544859
+14698749866
+14698871073
+14698871301
+14698902115
+14698987794
+14698990780
+14698999692
+14699046863
+14699046878
+14699046907
+14699056195
+14699062489
+14699080939
+14699086025
+14699086052
+14699147211
+14699148330
+14699368969
+14699415952
+14699423877
+14699496817
+14699622786
+14699625701
+14699625705
+14699654563
+14699778962
+14699825000
+14699825001
+14699825002
+14699825003
+14699829999
+14699917050
+14699958405
+14699980946
+14699989151
+14699989173
+14699989918
+14702000082
+14702000588
+14702000611
+14702000612
+14702029019
+14702029077
+14702040007
+14702040120
+14702040274
+14702043053
+14702046013
+14702046015
+14702046810
+14702046826
+14702046827
+14702054014
+14702055802
+14702060949
+14702061088
+14702061618
+14702087115
+14702087860
+14702175871
+14702198204
+14702211008
+14702271485
+14702281677
+14702310889
+14702314426
+14702314431
+14702314722
+14702320630
+14702320881
+14702337847
+14702358604
+14702382031
+14702396891
+14702439132
+14702459998
+14702527219
+14702569515
+14702736093
+14702808988
+14702871633
+14702871634
+14702893132
+14702906375
+14702919995
+14702966086
+14702966354
+14702967198
+14702983002
+14702983038
+14702983055
+14702983358
+14702997615
+14703000460
+14703002849
+14703046916
+14703194110
+14703195128
+14703330096
+14703337026
+14703359700
+14703391140
+14703440909
+14703441183
+14703443657
+14703446748
+14703578825
+14703655086
+14703677992
+14703778681
+14703909474
+14703975724
+14703980750
+14703981920
+14704010218
+14704013104
+14704109008
+14704146084
+14704249650
+14704265793
+14704270506
+14704270556
+14704270574
+14704288156
+14704289937
+14704314623
+14704374262
+14704477890
+14704477891
+14704510121
+14704813235
+14704815350
+14704815352
+14704997000
+14705136889
+14705290467
+14705753241
+14705883846
+14705950000
+14706105753
+14706192416
+14706251350
+14706251516
+14706338554
+14706340404
+14706340462
+14706459308
+14706508166
+14706541515
+14706581408
+14706651779
+14706685299
+14706824350
+14706891197
+14706953389
+14706962431
+14707272498
+14707291661
+14707293131
+14707318725
+14707434013
+14707446398
+14707567637
+14707650078
+14707750251
+14707750259
+14707860396
+14707920424
+14708090356
+14708160552
+14708193930
+14708193980
+14708231350
+14708287856
+14708543266
+14708676631
+14708676637
+14708697106
+14708750012
+14708818771
+14709073624
+14709101309
+14709180030
+14709236041
+14709443990
+14709460987
+14752000010
+14752000452
+14752004237
+14752009899
+14752021986
+14752122727
+14752192002
+14752210268
+14752214312
+14752217100
+14752220246
+14752230276
+14752230304
+14752230335
+14752231040
+14752231057
+14752279812
+14752281701
+14752340537
+14752342718
+14752425908
+14752430060
+14752430166
+14752441047
+14752757240
+14752758919
+14752825901
+14752852670
+14752913759
+14752914446
+14753027278
+14754227147
+14754227165
+14754227290
+14754411875
+14754412357
+14754717367
+14756894634
+14758000924
+14758488854
+14759095111
+14759990204
+14763528539
+14773256846
+14776376194
+14782018357
+14782027117
+14782104434
+14782114199
+14782131515
+14782154189
+14782154379
+14782160484
+14782169145
+14782172861
+14782215627
+14782217691
+14782234512
+14782260603
+14782281903
+14782389853
+14782389857
+14782389864
+14782389868
+14782390015
+14782420409
+14782461255
+14782467442
+14782473153
+14782476101
+14782476643
+14782500497
+14782533086
+14782567298
+14782663138
+14782764011
+14782796891
+14782799016
+14782881122
+14782882604
+14782885303
+14782910125
+14782984357
+14783020949
+14783134041
+14783134049
+14783134111
+14783148487
+14783370449
+14783451718
+14783511436
+14783745959
+14783753046
+14784014604
+14784198001
+14784470005
+14784473088
+14784742820
+14786721430
+14786721646
+14787145950
+14787147842
+14787214143
+14787723063
+14788085468
+14788454304
+14788637744
+14789106517
+14789654580
+14789997436
+14792087651
+14792219041
+14792352972
+14792424415
+14792442243
+14792622650
+14792632838
+14792897115
+14793080556
+14793107815
+14793195503
+14793243077
+14793586193
+14793632356
+14793856668
+14793945211
+14794227656
+14794262183
+14794378021
+14794378026
+14794378795
+14794378796
+14794390458
+14794622141
+14794676130
+14794690153
+14795799121
+14796161921
+14796512874
+14796652549
+14796852315
+14797179839
+14797186170
+14797504272
+14798024640
+14802035939
+14802071234
+14802075631
+14802100329
+14802102360
+14802102558
+14802104577
+14802104968
+14802178927
+14802191036
+14802252975
+14802317506
+14802357203
+14802361404
+14802398237
+14802438511
+14802455324
+14802472667
+14802488500
+14802495952
+14802539977
+14802557041
+14802568610
+14802574116
+14802634005
+14802634100
+14802693933
+14802697984
+14802708191
+14802717347
+14802727237
+14802797425
+14802811850
+14802811921
+14802852000
+14802873584
+14802874713
+14802906349
+14802928909
+14802970165
+14802970167
+14802970168
+14803023224
+14803043600
+14803050618
+14803050623
+14803050917
+14803089722
+14803231023
+14803276740
+14803312047
+14803390310
+14803460500
+14803507037
+14803510106
+14803594017
+14803594018
+14803594382
+14803600240
+14803603557
+14803604550
+14803604650
+14803618117
+14803668477
+14803699339
+14803760983
+14803762271
+14803767953
+14803767959
+14803767963
+14803768264
+14803768591
+14803768604
+14803768606
+14803768607
+14803768641
+14803768643
+14803768684
+14803768947
+14803768958
+14803786668
+14803820494
+14803832290
+14803836933
+14803854225
+14803854240
+14803860357
+14803870397
+14803890344
+14803891055
+14803892215
+14803893026
+14803893132
+14803914600
+14803914620
+14803920935
+14803970831
+14803993611
+14804007363
+14804007866
+14804010707
+14804013863
+14804032144
+14804059119
+14804059122
+14804072813
+14804076981
+14804090028
+14804090079
+14804090138
+14804090165
+14804091961
+14804094623
+14804098023
+14804144830
+14804220984
+14804238909
+14804267588
+14804274157
+14804288032
+14804288362
+14804288964
+14804300536
+14804366381
+14804390125
+14804390195
+14804390861
+14804481613
+14804483777
+14804483778
+14804484700
+14804508249
+14804541981
+14804543991
+14804547284
+14804547372
+14804549315
+14804601160
+14804638826
+14804700203
+14804709940
+14804780045
+14804784601
+14804802928
+14804827794
+14804853257
+14804855183
+14804982640
+14804983232
+14804983496
+14804983533
+14804983536
+14804988727
+14804988739
+14804990436
+14805006657
+14805007112
+14805041842
+14805052282
+14805058859
+14805243957
+14805269129
+14805270722
+14805300013
+14805300014
+14805300015
+14805300016
+14805300336
+14805300746
+14805353812
+14805407036
+14805421069
+14805448374
+14805468788
+14805503202
+14805503210
+14805503240
+14805503256
+14805503277
+14805512700
+14805598163
+14805628521
+14805656190
+14805657334
+14805669986
+14805669987
+14805669989
+14805677620
+14805685319
+14805685335
+14805697683
+14805710142
+14805712564
+14805719065
+14805730981
+14805764429
+14805767692
+14805818773
+14805819192
+14805819315
+14805880199
+14805881335
+14805919109
+14806052227
+14806147999
+14806183051
+14806275501
+14806346298
+14806363900
+14806419262
+14806451436
+14806482029
+14806490961
+14806580316
+14806586443
+14806613843
+14806621844
+14806661488
+14806667014
+14806668277
+14806683598
+14806741350
+14806745810
+14806802579
+14806804452
+14806807384
+14806811050
+14806849898
+14806858061
+14806859689
+14806905661
+14806906539
+14806907296
+14806913595
+14806966078
+14806966354
+14806966390
+14806967472
+14806975610
+14806998239
+14807124405
+14807175031
+14807188045
+14807198033
+14807218710
+14807390011
+14807390343
+14807390923
+14807390931
+14807390937
+14807390940
+14807392988
+14807399025
+14807399041
+14807399171
+14807399372
+14807399393
+14807399484
+14807418091
+14807457852
+14807464074
+14807507877
+14807573495
+14807578438
+14807592015
+14807696941
+14807702315
+14807794846
+14807809756
+14807841514
+14807923164
+14807954527
+14807957692
+14807996702
+14808055522
+14808060389
+14808164281
+14808175268
+14808315281
+14808379771
+14808430366
+14808484456
+14808568507
+14808652327
+14808661012
+14808661043
+14808675283
+14808682112
+14808701713
+14808736475
+14808779586
+14808790834
+14809008271
+14809008644
+14809077530
+14809239842
+14809293000
+14809302247
+14809336309
+14809370257
+14809372094
+14809550974
+14809585093
+14809677195
+14809804356
+14809823626
+14809842802
+14809859417
+14809879870
+14809995605
+14824589112
+14832952729
+14842008785
+14842020926
+14842070728
+14842070773
+14842070795
+14842121394
+14842121395
+14842121428
+14842121670
+14842179974
+14842182329
+14842206690
+14842225048
+14842231873
+14842233323
+14842233324
+14842233380
+14842233420
+14842233468
+14842233753
+14842233855
+14842233958
+14842321795
+14842325782
+14842325785
+14842325787
+14842330109
+14842379377
+14842379538
+14842404013
+14842439048
+14842439053
+14842439096
+14842439169
+14842439171
+14842467282
+14842468923
+14842490138
+14842495565
+14842604012
+14842674093
+14842732920
+14842820740
+14842979311
+14843012468
+14843098363
+14843121069
+14843141227
+14843203121
+14843203146
+14843242781
+14843252128
+14843360349
+14843425205
+14843490112
+14843561308
+14843739498
+14843797373
+14843797669
+14843805051
+14843831843
+14843834670
+14844006105
+14844102101
+14844169587
+14844182558
+14844216424
+14844246749
+14844249127
+14844450790
+14844605990
+14844613048
+14844613249
+14844617220
+14844662615
+14844825388
+14844831911
+14844940767
+14845079493
+14845079499
+14845101064
+14845190154
+14845230141
+14845412299
+14845415584
+14845419417
+14845419419
+14845419421
+14845419541
+14845466229
+14845480258
+14845507918
+14845738235
+14845890263
+14845895678
+14846339777
+14846365090
+14846451763
+14846530631
+14846614832
+14846641805
+14846642896
+14846664095
+14846672079
+14846672099
+14846672100
+14846681366
+14846798044
+14847052032
+14847092846
+14847197153
+14847199742
+14847233947
+14847256164
+14847266352
+14847490711
+14847873145
+14847873164
+14847950704
+14848134120
+14848216785
+14848519429
+14848628817
+14848668483
+14848706331
+14848911722
+14848911778
+14848915633
+14849388231
+14849714866
+14849716374
+14849863038
+14849992076
+14852722972
+14875214564
+14897854475
+14932626262
+14937994561
+14957510804
+15012097440
+15012149189
+15012295000
+15012394283
+15012400309
+15012474485
+15012546006
+15012546316
+15012607288
+15012664066
+15012740454
+15012832138
+15012950099
+15012950156
+15012950189
+15013069269
+15013106031
+15013130505
+15013134262
+15013164357
+15013317890
+15013400002
+15013563928
+15013583731
+15013779920
+15013869598
+15013911150
+15013941427
+15014060004
+15014060008
+15014062045
+15014068794
+15014084352
+15014173000
+15014255156
+15014364820
+15014366017
+15014510251
+15014510264
+15014739285
+15014753270
+15014753610
+15014753895
+15014761035
+15014765109
+15014909397
+15014929398
+15015047883
+15015070888
+15015157201
+15015661234
+15015661532
+15015751623
+15015842584
+15015895719
+15016000817
+15016204340
+15016289449
+15016289474
+15016450237
+15016517054
+15016695219
+15017030616
+15017084322
+15017124852
+15017251857
+15017661071
+15017674843
+15017812427
+15017813513
+15018215130
+15018218353
+15018389795
+15018813202
+15019040030
+15019048932
+15019101440
+15019227890
+15019607395
+15019618159
+15019618485
+15022009703
+15022030254
+15022030711
+15022031361
+15022031403
+15022052805
+15022055967
+15022059740
+15022059814
+15022069297
+15022069312
+15022080885
+15022081678
+15022094490
+15022094594
+15022099804
+15022102612
+15022132798
+15022155404
+15022155920
+15022192400
+15022277601
+15022277741
+15022277879
+15022306374
+15022334429
+15022334484
+15022337014
+15022349101
+15022349107
+15022349137
+15022349173
+15022373161
+15022373922
+15022374174
+15022374203
+15022420892
+15022420895
+15022420896
+15022420990
+15022420991
+15022421082
+15022421084
+15022421086
+15022421088
+15022421331
+15022421771
+15022421883
+15022422091
+15022422092
+15022422093
+15022422094
+15022422584
+15022422696
+15022445282
+15022484381
+15022511483
+15022518731
+15022521934
+15022526317
+15022552433
+15022570064
+15022578201
+15022648842
+15022677522
+15022693115
+15022760786
+15022760900
+15022763480
+15022767684
+15022866425
+15022869535
+15022871007
+15022896124
+15022940321
+15023011970
+15023011989
+15023050068
+15023050430
+15023051524
+15023055790
+15023057597
+15023166563
+15023166623
+15023233083
+15023233395
+15023233646
+15023234883
+15023244304
+15023276041
+15023373655
+15023532060
+15023534486
+15023534489
+15023578513
+15023585644
+15023622352
+15023693491
+15023697214
+15023697216
+15023792598
+15023834017
+15023836483
+15023852852
+15023853188
+15023853653
+15023989400
+15023994511
+15024058021
+15024090566
+15024104198
+15024104469
+15024140480
+15024140625
+15024158293
+15024199278
+15024303670
+15024355807
+15024421963
+15024422998
+15024476191
+15024530904
+15024655397
+15024658067
+15024808055
+15024919789
+15024960111
+15024961527
+15024962044
+15024969018
+15024969207
+15024988588
+15025009760
+15025036636
+15025036672
+15025079343
+15025090014
+15025090983
+15025133975
+15025133978
+15025168622
+15025169245
+15025170196
+15025193069
+15025193089
+15025194073
+15025194488
+15025210604
+15025210775
+15025286038
+15025763034
+15025827194
+15025891444
+15025983235
+15025983354
+15025983402
+15026010028
+15026010041
+15026010072
+15026101943
+15026123175
+15026129018
+15026129568
+15026172050
+15026172518
+15026283585
+15026284805
+15026313268
+15026382224
+15026382238
+15026390338
+15026390885
+15026393069
+15026399149
+15026438038
+15026537090
+15026620400
+15026640260
+15026641723
+15026642497
+15026770046
+15026848118
+15026885077
+15026885255
+15026885297
+15026885441
+15026885468
+15026885469
+15026885482
+15026887212
+15026888215
+15026888232
+15026888615
+15026935926
+15026949373
+15026953946
+15027028261
+15027060643
+15027104766
+15027138079
+15027225414
+15027350193
+15027350198
+15027559429
+15027580830
+15027583002
+15027589609
+15027589658
+15027713882
+15027741700
+15027786542
+15027805899
+15027918741
+15027929718
+15027929720
+15028374018
+15028377603
+15028611226
+15028713596
+15028835336
+15028901659
+15028907305
+15029015314
+15029017677
+15029169269
+15029187078
+15029305066
+15029642411
+15029667002
+15029774034
+15029968651
+15032006445
+15032050703
+15032072810
+15032074741
+15032074749
+15032105136
+15032105477
+15032136245
+15032140769
+15032183365
+15032198422
+15032346219
+15032409104
+15032580518
+15032652010
+15032726413
+15032830344
+15032841791
+15032900500
+15032984985
+15033084106
+15033275889
+15033342898
+15033343650
+15033391771
+15033429000
+15033488277
+15033585691
+15033600050
+15033600474
+15033704530
+15033704532
+15033740127
+15033766501
+15033869494
+15033891507
+15033952822
+15033953393
+15034019991
+15034057818
+15034089177
+15034151492
+15034205272
+15034328556
+15034339129
+15034367151
+15034465936
+15034475313
+15034558015
+15034571197
+15034571198
+15034614677
+15034685336
+15034719907
+15034827531
+15034867047
+15034867086
+15034868075
+15034885564
+15034952080
+15035008540
+15035104519
+15035157697
+15035431025
+15035431029
+15035633742
+15035677938
+15035757964
+15035818592
+15035883839
+15035944280
+15035944295
+15035944296
+15035944303
+15035957321
+15036021292
+15036084115
+15036106405
+15036106421
+15036167573
+15036169357
+15036342579
+15036444034
+15036628706
+15036708400
+15036733168
+15036733212
+15036736944
+15036789502
+15036789968
+15036789969
+15036832981
+15036947903
+15037149192
+15037233825
+15037273124
+15037341900
+15037354023
+15037406581
+15037414037
+15037414212
+15037418183
+15037418453
+15037418457
+15037418904
+15037430648
+15037518454
+15037642066
+15037662279
+15037663430
+15037738125
+15037738883
+15037786542
+15037892897
+15038019768
+15038066382
+15038092815
+15038102020
+15038180071
+15038191592
+15038215297
+15038363839
+15038378428
+15038378430
+15038378518
+15038393981
+15038521574
+15038524044
+15038550326
+15038629519
+15038900724
+15038933132
+15038994066
+15039059127
+15039082757
+15039128574
+15039141370
+15039243320
+15039299938
+15039371929
+15039372034
+15039469024
+15039469568
+15039673241
+15039722309
+15039722393
+15039741327
+15039776714
+15039877948
+15039949640
+15039954081
+15042028710
+15042081862
+15042083935
+15042089024
+15042246410
+15042260253
+15042311420
+15042324222
+15042520944
+15042701034
+15042701990
+15042734507
+15042736343
+15042737718
+15042757809
+15042904172
+15042917505
+15042984160
+15043038314
+15043181068
+15043350031
+15043351943
+15043552116
+15043580387
+15043663351
+15043704867
+15043830480
+15043830492
+15043830493
+15043937552
+15044019094
+15044163780
+15044169061
+15044169276
+15044207497
+15044271281
+15044303428
+15044314090
+15044460035
+15044577599
+15044577604
+15044693879
+15044697341
+15045070520
+15045135798
+15045171062
+15045171070
+15045171173
+15045171269
+15045171286
+15045171368
+15045217185
+15045217186
+15045217188
+15045330083
+15045351500
+15045355920
+15045355923
+15045562569
+15045562878
+15045657959
+15045772694
+15045782800
+15045846941
+15046037546
+15046104584
+15046135254
+15046210444
+15046669798
+15046844661
+15046893187
+15047105559
+15047991678
+15048228293
+15048301400
+15048312911
+15049044838
+15052047185
+15052047186
+15052047393
+15052073060
+15052075872
+15052098565
+15052107262
+15052107610
+15052107846
+15052131227
+15052192778
+15052215912
+15052237578
+15052347514
+15052357890
+15052473762
+15052530585
+15052530591
+15052530592
+15052574154
+15052735352
+15052736257
+15052737553
+15052779866
+15052785382
+15052787230
+15052867715
+15052951109
+15052967356
+15052983662
+15053029643
+15053063816
+15053181001
+15053342414
+15053373707
+15053402972
+15053466415
+15053550116
+15053570034
+15053587609
+15053587624
+15053587630
+15053587635
+15053587653
+15053596498
+15053596537
+15053596558
+15053732005
+15053732048
+15053754477
+15053892240
+15053892692
+15053892698
+15053931753
+15053952210
+15053986649
+15054049573
+15054049785
+15054056890
+15054073107
+15054078138
+15054079548
+15054200614
+15054214369
+15054335359
+15054431997
+15054510811
+15054850080
+15054928484
+15054957862
+15055108406
+15055108973
+15055331670
+15055445255
+15055572741
+15055573970
+15055652995
+15055691045
+15055708292
+15055917000
+15055941096
+15055943731
+15055960442
+15056007193
+15056062360
+15056336738
+15056337610
+15056345079
+15056527548
+15057155096
+15057156655
+15057380442
+15057380443
+15057380495
+15057380496
+15057380498
+15057380499
+15057381950
+15057509938
+15057584783
+15057870453
+15057964057
+15057966853
+15058014438
+15058063029
+15058146732
+15058147128
+15058352531
+15058376480
+15058597860
+15058625064
+15059003524
+15059062011
+15059089424
+15059177742
+15059197039
+15059468101
+15063002072
+15065659620
+15072001827
+15072002918
+15072008725
+15072065595
+15072169936
+15072169949
+15072622285
+15072622386
+15072623098
+15072627852
+15072646186
+15072698560
+15072994501
+15072994507
+15072994509
+15072994510
+15072994587
+15073582293
+15073725883
+15073980786
+15074052235
+15074145231
+15074163102
+15074734143
+15074835185
+15074874054
+15075121803
+15075131175
+15075160527
+15075288275
+15075320188
+15075400076
+15075742698
+15075747860
+15075818936
+15075850186
+15075935384
+15076328998
+15076649057
+15076775518
+15078396437
+15078581910
+15078581913
+15078581963
+15082021158
+15082021270
+15082034038
+15082052416
+15082068385
+15082105058
+15082160095
+15082174086
+15082174455
+15082274856
+15082314276
+15082319006
+15082319330
+15082332946
+15082349620
+15082422010
+15082422053
+15082500162
+15082500490
+15082515114
+15082520977
+15082636700
+15082668456
+15082711596
+15082711637
+15082738029
+15082812567
+15082812623
+15082830281
+15082960500
+15083018393
+15083067010
+15083067011
+15083067012
+15083068419
+15083104939
+15083138128
+15083165367
+15083184318
+15083290109
+15083290131
+15083290140
+15083290201
+15083290223
+15083290241
+15083290245
+15083293137
+15083361615
+15083416394
+15083424419
+15083425761
+15083456484
+15083489043
+15083566246
+15083668888
+15083797308
+15083888583
+15084077257
+15084077267
+15084079494
+15084079771
+15084079788
+15084079798
+15084090139
+15084090143
+15084090147
+15084090167
+15084149901
+15084320131
+15084337854
+15084353058
+15084394999
+15084413367
+15084436564
+15084577217
+15084602074
+15084658834
+15084691677
+15084699057
+15084874953
+15085236101
+15085529513
+15085529530
+15085562763
+15085608939
+15085669877
+15085765193
+15085765618
+15085869576
+15085930616
+15085980493
+15085993648
+15086031577
+15086190124
+15086232182
+15086441156
+15086448077
+15086595239
+15086598196
+15086651811
+15086693829
+15086725894
+15086871159
+15086909112
+15087150004
+15087289500
+15087307654
+15087501483
+15087611221
+15087617097
+15087624372
+15087648691
+15087749885
+15087757890
+15088039910
+15088129667
+15088152335
+15088350468
+15088480572
+15088480673
+15088580065
+15088580110
+15088580944
+15088634812
+15088657717
+15088762432
+15088818573
+15088827130
+15088829665
+15088975500
+15089032800
+15089040633
+15089194508
+15089198051
+15089214205
+15089224203
+15089284560
+15089389430
+15089416282
+15089417000
+15089454503
+15089640141
+15089703358
+15089748864
+15092019865
+15092034928
+15092041430
+15092042463
+15092048048
+15092049326
+15092070338
+15092074032
+15092074047
+15092074069
+15092074098
+15092074156
+15092074163
+15092074167
+15092074425
+15092074630
+15092074646
+15092074767
+15092132120
+15092142209
+15092151178
+15092157988
+15092159866
+15092165471
+15092280838
+15092283169
+15092283260
+15092283276
+15092283279
+15092283442
+15092283506
+15092288274
+15092288303
+15092288659
+15092288735
+15092318921
+15092334021
+15092334022
+15092334023
+15092334064
+15092334065
+15092334086
+15092334089
+15092334090
+15092334137
+15092334141
+15092334152
+15092334153
+15092334154
+15092334521
+15092366589
+15092377271
+15092409224
+15092520143
+15092520799
+15092520805
+15092520869
+15092520896
+15092558549
+15092582036
+15092582038
+15092584535
+15092585390
+15092587366
+15092588862
+15092604619
+15092622611
+15092626110
+15092626211
+15092626301
+15092638615
+15092755864
+15092848007
+15092851349
+15092884620
+15092884622
+15092884623
+15092884624
+15092884633
+15092884639
+15092884640
+15092884641
+15092884645
+15092884646
+15092884649
+15092884651
+15092884652
+15092884654
+15092884661
+15092884982
+15092884987
+15092884988
+15092884990
+15092934352
+15092935520
+15092935991
+15092937707
+15092939666
+15092954470
+15092954718
+15092956030
+15092956447
+15092956453
+15092956454
+15092956462
+15092956809
+15092956812
+15092956815
+15093086414
+15093097715
+15093098176
+15093151185
+15093152649
+15093153010
+15093153012
+15093153020
+15093179856
+15093179860
+15093180426
+15093192175
+15093192176
+15093204037
+15093204043
+15093204171
+15093204199
+15093204205
+15093204231
+15093204236
+15093204239
+15093204244
+15093254808
+15093296126
+15093315114
+15093315213
+15093315220
+15093315232
+15093315233
+15093315555
+15093376217
+15093384675
+15093399039
+15093466038
+15093466046
+15093466059
+15093505100
+15093505102
+15093517651
+15093611010
+15093611014
+15093687081
+15093687167
+15093695425
+15093809079
+15093810890
+15093811626
+15093827880
+15093834065
+15093834068
+15093834373
+15093834526
+15093834535
+15093834536
+15093874040
+15093925105
+15093926377
+15093926380
+15093966801
+15093966879
+15093988440
+15094081421
+15094130132
+15094130133
+15094130134
+15094130195
+15094130199
+15094250518
+15094263902
+15094282146
+15094282147
+15094282481
+15094282483
+15094282495
+15094588080
+15094602649
+15094694486
+15094742796
+15094923236
+15094923428
+15094923465
+15094923558
+15094923664
+15094923682
+15094923853
+15094925018
+15094925553
+15094970612
+15094973148
+15094977242
+15094977249
+15094979600
+15095249482
+15095280540
+15095314708
+15095370491
+15095370492
+15095426609
+15095598525
+15095604096
+15095604207
+15095604463
+15095604504
+15095634171
+15095634343
+15095634347
+15095634382
+15095634641
+15095637137
+15095638442
+15095663419
+15095674820
+15095697253
+15095701738
+15095701780
+15095701820
+15095701839
+15095701884
+15095701889
+15095701907
+15095701925
+15095701926
+15095701967
+15095701969
+15095705114
+15095705118
+15095705123
+15095873082
+15095873092
+15095873103
+15095873249
+15095873291
+15095873608
+15095873640
+15095873643
+15095873702
+15095873703
+15095874585
+15095881417
+15095881426
+15095881437
+15095881438
+15095887031
+15095887036
+15095887165
+15095887216
+15095887285
+15095887291
+15095887292
+15095887293
+15095887308
+15095887315
+15095887318
+15095887350
+15095887355
+15095887380
+15095887382
+15095887383
+15095887386
+15095887406
+15095887410
+15095887454
+15095887561
+15095887563
+15095887564
+15095887570
+15095887572
+15095900116
+15095901395
+15095902186
+15095902218
+15095902354
+15095902358
+15095902812
+15095910877
+15095914654
+15095924918
+15095924931
+15095931969
+15096319131
+15096342315
+15096393024
+15096393173
+15096434318
+15096434359
+15096434386
+15096434411
+15096434427
+15096434428
+15096434435
+15096434439
+15096434452
+15096434477
+15096434482
+15096434539
+15096434701
+15096434704
+15096443505
+15096467188
+15096515092
+15096718574
+15096720039
+15096744018
+15096766577
+15096813392
+15096842593
+15097035188
+15097035273
+15097078966
+15097131120
+15097230306
+15097289500
+15097289506
+15097452856
+15097738263
+15097741228
+15097745184
+15097760007
+15097784623
+15097784660
+15097784907
+15097792083
+15097792303
+15097792304
+15097792310
+15097792480
+15097800001
+15097800357
+15097900043
+15097900337
+15097900339
+15097900348
+15097900354
+15097900539
+15097900551
+15097900556
+15097900563
+15097900581
+15097900592
+15097900593
+15097900597
+15097900609
+15097960968
+15098503341
+15098503393
+15098503476
+15098503482
+15098554898
+15098554916
+15098557456
+15098687519
+15098725226
+15098725240
+15098725404
+15098725503
+15098725507
+15098783591
+15098783621
+15098787115
+15098901373
+15098925869
+15099006355
+15099316834
+15099351007
+15099608343
+15099722089
+15099780288
+15099780590
+15099824532
+15099834037
+15102010058
+15102010061
+15102010068
+15102010128
+15102015587
+15102015632
+15102019212
+15102019429
+15102057948
+15102071744
+15102096487
+15102100439
+15102108016
+15102108297
+15102108828
+15102109282
+15102204228
+15102216042
+15102300880
+15102311923
+15102326856
+15102401371
+15102409320
+15102413685
+15102468283
+15102468553
+15102480701
+15102536981
+15102560361
+15102560366
+15102560367
+15102560374
+15102560375
+15102565250
+15102565596
+15102565705
+15102568852
+15102572596
+15102602408
+15102602409
+15102647564
+15102699233
+15102700188
+15102750116
+15102750120
+15102750414
+15102760166
+15102771212
+15102793226
+15102882141
+15102954935
+15102969551
+15102981896
+15102983228
+15102983708
+15103036796
+15103064001
+15103127766
+15103152550
+15103230231
+15103249442
+15103249626
+15103277903
+15103304060
+15103389137
+15103409418
+15103433502
+15103435211
+15103502400
+15103558136
+15103560043
+15103565746
+15103701870
+15103701871
+15103701873
+15103701876
+15103706872
+15103767852
+15103817425
+15103982663
+15103982664
+15103994442
+15104008791
+15104040604
+15104073094
+15104220300
+15104236235
+15104266430
+15104419978
+15104430044
+15104471854
+15104554353
+15104555820
+15104555830
+15104555872
+15104556620
+15104570647
+15104650236
+15104705539
+15104734385
+15104741002
+15104745441
+15104753270
+15104832648
+15104880876
+15104884639
+15105095824
+15105136767
+15105136849
+15105192500
+15105260551
+15105366967
+15105454122
+15105470207
+15105547793
+15105565158
+15105565176
+15105565225
+15105928026
+15105983780
+15106155012
+15106297119
+15106301947
+15106335469
+15106421886
+15106428159
+15106561574
+15106573500
+15106575141
+15106575957
+15106613148
+15106681951
+15106710711
+15106718247
+15106718254
+15106718280
+15106718303
+15106718305
+15106757013
+15106757015
+15106757018
+15106757020
+15106782589
+15106791789
+15106791980
+15106796755
+15106812918
+15106812919
+15106812921
+15106812935
+15106824342
+15106841842
+15106913924
+15107032300
+15107221037
+15107225900
+15107225902
+15107225912
+15107266552
+15107418254
+15107521190
+15107544965
+15107603804
+15107707709
+15107711156
+15107750767
+15107787856
+15107796229
+15107796234
+15107796245
+15107852368
+15107956397
+15108037115
+15108086626
+15108151470
+15108248909
+15108301097
+15108301098
+15108301358
+15108301362
+15108448166
+15108457331
+15108471630
+15108595287
+15108632872
+15108881000
+15108952950
+15108952975
+15108975404
+15108983341
+15109000540
+15109015576
+15109021860
+15109062266
+15109131886
+15109279082
+15109317877
+15109458807
+15109528228
+15109572234
+15109623565
+15109624321
+15109624561
+15109624562
+15109624565
+15109634024
+15109643804
+15109646784
+15109781757
+15109814590
+15109820781
+15109836547
+15109924230
+15122034810
+15122040000
+15122124031
+15122127109
+15122129850
+15122187700
+15122221704
+15122290039
+15122290300
+15122290764
+15122291609
+15122336063
+15122336087
+15122344034
+15122359841
+15122377324
+15122377342
+15122393020
+15122406504
+15122406641
+15122406781
+15122406843
+15122406880
+15122532179
+15122567758
+15122568239
+15122568244
+15122568246
+15122657230
+15122657738
+15122690018
+15122690494
+15122701237
+15122701852
+15122709366
+15122766442
+15122983982
+15123083754
+15123095008
+15123098045
+15123145261
+15123234212
+15123239180
+15123298015
+15123340340
+15123371152
+15123378009
+15123378095
+15123428008
+15123430111
+15123444900
+15123453534
+15123456789
+15123514907
+15123541444
+15123542096
+15123550172
+15123551269
+15123597818
+15123611354
+15123678047
+15123687136
+15123699870
+15123717143
+15123776220
+15123779776
+15123790198
+15123795290
+15123797243
+15123843919
+15123847583
+15123872513
+15123873922
+15123948709
+15123992263
+15123992418
+15123995657
+15124156283
+15124226523
+15124264254
+15124301111
+15124301784
+15124376218
+15124416094
+15124433336
+15124511556
+15124520386
+15124539341
+15124539416
+15124623637
+15124631551
+15124736218
+15124817328
+15124877990
+15124899012
+15124899022
+15124959128
+15124981028
+15124987538
+15125033288
+15125037097
+15125039147
+15125174232
+15125184607
+15125200155
+15125208957
+15125213187
+15125213240
+15125235917
+15125258097
+15125283661
+15125290077
+15125315000
+15125328633
+15125379346
+15125434196
+15125456765
+15125463659
+15125463662
+15125466741
+15125510141
+15125510202
+15125514480
+15125526349
+15125535507
+15125535603
+15125543212
+15125720025
+15125752635
+15125752668
+15125818950
+15125885786
+15125888153
+15125908544
+15125934436
+15125950659
+15125960285
+15125960679
+15125988001
+15125999139
+15126016015
+15126016018
+15126016020
+15126016021
+15126016033
+15126016039
+15126016041
+15126016044
+15126016046
+15126016048
+15126016049
+15126016051
+15126016053
+15126016061
+15126016063
+15126016065
+15126016067
+15126016068
+15126016069
+15126016070
+15126016071
+15126016223
+15126074458
+15126077417
+15126236795
+15126294050
+15126294667
+15126307980
+15126314161
+15126340520
+15126410854
+15126410884
+15126428969
+15126430189
+15126437809
+15126437814
+15126438521
+15126454207
+15126461124
+15126462012
+15126462244
+15126462503
+15126462659
+15126463830
+15126511922
+15126598660
+15126711187
+15126736927
+15126742000
+15126755352
+15126757006
+15126757561
+15126877855
+15126914800
+15126993829
+15127098451
+15127105370
+15127144063
+15127148545
+15127170132
+15127174432
+15127175666
+15127176283
+15127176649
+15127178944
+15127179210
+15127302800
+15127461950
+15127467016
+15127482081
+15127484140
+15127485974
+15127508333
+15127578111
+15127578161
+15127578187
+15127687055
+15127689020
+15127689053
+15127689054
+15127689055
+15127724292
+15127724420
+15127739793
+15127745846
+15127770195
+15127820800
+15127824546
+15127863181
+15127917175
+15127922948
+15127980115
+15127996627
+15128012957
+15128060572
+15128067575
+15128070140
+15128137263
+15128137267
+15128137280
+15128137286
+15128137293
+15128137299
+15128137343
+15128137359
+15128137375
+15128137381
+15128137384
+15128137397
+15128137435
+15128174191
+15128315441
+15128383294
+15128424017
+15128426291
+15128430353
+15128440286
+15128449392
+15128469023
+15128518688
+15128593173
+15128593923
+15128612354
+15128614093
+15128621046
+15128656668
+15128697723
+15128708455
+15128796768
+15128824204
+15128845022
+15128874536
+15128889351
+15129063892
+15129063895
+15129095733
+15129160420
+15129201432
+15129206973
+15129363863
+15129385698
+15129425267
+15129549337
+15129549652
+15129553163
+15129553215
+15129553271
+15129618514
+15129781510
+15129918977
+15129943434
+15129943442
+15129943447
+15129943452
+15129943522
+15129943524
+15129957034
+15129993301
+15129997040
+15129997201
+15129997211
+15129997231
+15129997243
+15129997263
+15129997267
+15132025179
+15132168511
+15132179448
+15132269097
+15132278710
+15132299267
+15132299279
+15132303105
+15132303113
+15132303209
+15132345408
+15132354220
+15132360547
+15132365862
+15132384253
+15132534400
+15132572125
+15132582348
+15132582600
+15132593560
+15132643564
+15132680939
+15132681310
+15132683943
+15132753023
+15132804092
+15132808193
+15132823380
+15132864910
+15132864982
+15132866345
+15132967109
+15132986103
+15133092889
+15133221639
+15133241280
+15133247486
+15133293184
+15133348036
+15133351089
+15133422139
+15133424885
+15133535565
+15133703945
+15133733457
+15133734157
+15133734188
+15133734202
+15133780365
+15133791705
+15133860163
+15133860346
+15133860349
+15133860350
+15134015525
+15134017324
+15134017631
+15134028609
+15134046494
+15134288382
+15134400668
+15134400726
+15134402822
+15134404479
+15134404480
+15134495999
+15134496591
+15134519284
+15134528173
+15134548236
+15134577234
+15134577603
+15134732239
+15134931616
+15134974266
+15135082382
+15135172242
+15135418000
+15135477514
+15135495912
+15135621300
+15135657380
+15135719225
+15135723459
+15135737978
+15135738028
+15135738038
+15135738717
+15135738831
+15135765761
+15135807442
+15135809123
+15135988810
+15135997464
+15136211384
+15136229634
+15136571318
+15136772979
+15136899047
+15136961920
+15136996636
+15137029836
+15137066125
+15137066329
+15137128687
+15137171168
+15137250502
+15137250858
+15137250967
+15137251667
+15137549822
+15137549837
+15137549841
+15137549863
+15137549874
+15137701289
+15137816503
+15137887360
+15137950404
+15137958906
+15137965647
+15138137884
+15138248272
+15138263620
+15138277935
+15138287025
+15138312600
+15138400870
+15138470089
+15138541249
+15138550008
+15138601163
+15138655309
+15138765494
+15138780987
+15138893139
+15138965118
+15138982070
+15138989377
+15139046573
+15139064908
+15139104478
+15139105788
+15139108761
+15139134596
+15139144302
+15139165031
+15139227973
+15139325552
+15139528120
+15139724674
+15139731075
+15139883427
+15139935071
+15142880420
+15143004271
+15143047142
+15143074621
+15143200874
+15143201147
+15143217624
+15144475293
+15145378704
+15146008372
+15146985474
+15147324157
+15147863241
+15152001181
+15152007970
+15152042852
+15152073384
+15152123547
+15152165490
+15152165498
+15152181985
+15152182204
+15152182325
+15152182398
+15152233560
+15152247552
+15152299707
+15152386713
+15152405819
+15152420292
+15152430785
+15152487685
+15152501604
+15152577610
+15152597260
+15152677922
+15152977772
+15152986407
+15152986477
+15153011125
+15153011187
+15153011240
+15153011836
+15153030185
+15153052987
+15153053068
+15153208180
+15153297940
+15153299776
+15153303461
+15153355346
+15153463911
+15153617659
+15153634549
+15153721587
+15153782001
+15153798062
+15153935484
+15153935536
+15154123301
+15154200600
+15154230628
+15154409900
+15154417592
+15154444451
+15154462381
+15154462383
+15154462396
+15154462404
+15154602739
+15154605930
+15154686243
+15154746195
+15154783203
+15154783457
+15154783606
+15154787047
+15154787129
+15154787233
+15154787249
+15154800697
+15154978246
+15155057240
+15155121019
+15155121177
+15155121303
+15155181931
+15155197238
+15155207631
+15155208171
+15155287947
+15155287958
+15155287959
+15155287960
+15155287962
+15155287963
+15155287965
+15155287966
+15155287968
+15155287969
+15155754703
+15155759351
+15155759353
+15155759358
+15155759689
+15155771137
+15156050342
+15156060111
+15156069088
+15156087169
+15156087506
+15156087517
+15156351660
+15156502290
+15156508111
+15156508745
+15156792883
+15157216250
+15157240495
+15157247550
+15157353234
+15157584004
+15157753395
+15157783538
+15157786845
+15157788053
+15157789585
+15157791914
+15158024670
+15158097196
+15158386523
+15158640809
+15158652479
+15158685220
+15158826458
+15159577986
+15159755276
+15159816561
+15159965780
+15162015171
+15162028058
+15162037003
+15162037559
+15162049069
+15162061092
+15162061113
+15162061114
+15162061115
+15162061764
+15162062561
+15162064075
+15162066498
+15162066598
+15162066821
+15162066825
+15162069010
+15162069011
+15162069012
+15162069013
+15162069021
+15162069023
+15162069037
+15162071209
+15162100398
+15162100399
+15162104300
+15162105436
+15162111398
+15162176705
+15162179705
+15162179809
+15162187999
+15162188046
+15162188793
+15162188797
+15162188848
+15162190969
+15162215989
+15162267215
+15162310112
+15162310148
+15162310173
+15162310656
+15162310946
+15162310948
+15162310983
+15162311686
+15162311936
+15162315297
+15162428793
+15162431115
+15162431919
+15162437364
+15162462813
+15162467003
+15162468015
+15162468028
+15162468128
+15162482383
+15162485612
+15162488530
+15162556710
+15162590023
+15162590975
+15162593113
+15162593141
+15162615417
+15162625219
+15162683666
+15162737058
+15162737074
+15162737142
+15162737867
+15162737868
+15162778422
+15162778425
+15162859894
+15162996310
+15162997007
+15162997013
+15163031512
+15163038237
+15163038238
+15163038240
+15163038245
+15163038249
+15163038250
+15163038253
+15163038256
+15163038263
+15163038264
+15163038287
+15163142588
+15163147880
+15163178430
+15163189128
+15163206151
+15163210590
+15163211015
+15163214073
+15163231388
+15163232300
+15163310463
+15163313215
+15163403224
+15163403832
+15163411671
+15163441156
+15163458544
+15163525100
+15163538556
+15163601697
+15163609275
+15163609628
+15163648400
+15163704118
+15163704252
+15163730050
+15163742418
+15163815502
+15163824721
+15163860416
+15163860447
+15163860474
+15163946189
+15164002810
+15164007198
+15164032307
+15164078986
+15164199100
+15164221033
+15164229344
+15164229422
+15164261452
+15164288880
+15164302391
+15164303709
+15164305200
+15164305211
+15164350983
+15164419476
+15164429811
+15164429978
+15164479144
+15164535516
+15164535648
+15164536886
+15164536887
+15164536968
+15164609491
+15164615360
+15164616991
+15164627271
+15164627471
+15164627560
+15164627730
+15164627935
+15164627936
+15164628167
+15164628981
+15164713200
+15164729052
+15164741104
+15164746086
+15164752131
+15164811220
+15164923380
+15164956032
+15164996271
+15164996316
+15164999209
+15165007844
+15165067171
+15165174571
+15165317941
+15165406525
+15165433272
+15165450895
+15165505825
+15165549441
+15165593367
+15165596891
+15165639748
+15165703840
+15165709227
+15165709267
+15165709315
+15165835579
+15165888437
+15165901783
+15165950357
+15165951803
+15165958197
+15165958233
+15165958326
+15165962159
+15165968269
+15165977001
+15166052667
+15166053519
+15166060807
+15166065666
+15166130225
+15166130485
+15166223100
+15166236000
+15166352019
+15166352356
+15166354085
+15166355888
+15166564193
+15166658565
+15166668101
+15166695615
+15166763142
+15166802186
+15166840060
+15166909110
+15166916645
+15166920000
+15166938143
+15167013805
+15167135465
+15167165187
+15167197452
+15167238460
+15167247844
+15167262213
+15167263008
+15167309965
+15167340880
+15167340884
+15167340886
+15167342420
+15167393494
+15167398540
+15167415171
+15167621814
+15167785014
+15167785511
+15167803278
+15167853195
+15167859767
+15167862933
+15167895291
+15167952411
+15168001800
+15168065676
+15168178948
+15168186563
+15168237020
+15168285191
+15168352356
+15168443684
+15168462468
+15168467519
+15168492374
+15168527689
+15168567373
+15168584016
+15168584218
+15168585007
+15168587434
+15168592728
+15168639199
+15168718810
+15168746336
+15168746780
+15168750002
+15168806951
+15168831471
+15168831472
+15168838475
+15168881732
+15168887129
+15168998999
+15169005821
+15169007263
+15169138506
+15169262307
+15169267911
+15169277612
+15169335422
+15169337890
+15169453121
+15169459137
+15169459214
+15169487915
+15169510907
+15169621271
+15169626868
+15169672597
+15169800751
+15169814717
+15169866288
+15169866401
+15169909988
+15169924639
+15169939626
+15169959070
+15169968036
+15169982031
+15172011794
+15172077034
+15172080302
+15172080392
+15172089314
+15172102172
+15172191107
+15172244721
+15172245246
+15172245507
+15172256596
+15172331302
+15172355494
+15172528296
+15172587649
+15172713557
+15172948530
+15172950715
+15172958547
+15173039649
+15173120154
+15173172518
+15173192389
+15173195624
+15173340002
+15173433111
+15173433114
+15173433115
+15173433116
+15173467444
+15173480484
+15173580747
+15173664097
+15173664217
+15173731758
+15173744920
+15173765025
+15173952132
+15173953213
+15174402764
+15174557445
+15174653027
+15174841427
+15174927456
+15175260008
+15175805300
+15176007869
+15176102693
+15176415328
+15176738243
+15176760481
+15176943958
+15177012446
+15177053049
+15177436130
+15177436134
+15177436141
+15177436143
+15177595557
+15177683092
+15177809075
+15177899321
+15177971401
+15177983413
+15177983615
+15178160121
+15178165907
+15178274862
+15178524042
+15178589930
+15179131112
+15179174175
+15179379967
+15179995724
+15182016622
+15182100603
+15182100977
+15182172193
+15182176179
+15182185899
+15182185966
+15182241862
+15182248590
+15182278926
+15182351744
+15182390177
+15182407019
+15182448415
+15182448590
+15182448592
+15182448599
+15182453377
+15182465046
+15182495030
+15182503607
+15182507515
+15182520251
+15182520389
+15182610640
+15182659200
+15182671792
+15182671793
+15182824839
+15182850961
+15182872040
+15182872041
+15182872047
+15182872061
+15182872065
+15182872070
+15182872071
+15182872072
+15182872075
+15182872080
+15182885015
+15182890758
+15182934207
+15182999295
+15183001183
+15183001322
+15183003797
+15183041908
+15183124890
+15183124897
+15183124906
+15183124935
+15183124937
+15183138012
+15183138013
+15183138017
+15183138030
+15183138062
+15183140037
+15183146091
+15183239156
+15183286196
+15183289178
+15183299667
+15183453568
+15183456620
+15183456621
+15183534000
+15183535421
+15183542134
+15183642310
+15183752072
+15183752201
+15183752202
+15183753373
+15183802151
+15183802162
+15183802397
+15183806354
+15183890140
+15183932946
+15183940484
+15183943567
+15184009095
+15184031857
+15184124141
+15184171162
+15184171644
+15184171692
+15184174541
+15184174571
+15184174849
+15184187003
+15184187004
+15184187931
+15184196242
+15184196362
+15184196597
+15184258191
+15184384632
+15184400012
+15184668452
+15184743817
+15184782354
+15184782357
+15184782376
+15184782382
+15184782384
+15184782610
+15184845690
+15184861375
+15185040613
+15185120190
+15185170892
+15185350005
+15185365642
+15185393000
+15185453008
+15185457988
+15185536373
+15185702352
+15185725742
+15185766018
+15185775722
+15185778953
+15185946118
+15185946285
+15185950080
+15185954045
+15185966052
+15186156698
+15186156704
+15186157971
+15186157993
+15186159614
+15186180946
+15186184673
+15186184675
+15186206425
+15186268586
+15186312842
+15186328360
+15186331546
+15186364297
+15186366025
+15186366587
+15186366596
+15186366841
+15186366844
+15186366870
+15186366945
+15186367698
+15186367718
+15186367721
+15186367735
+15186367752
+15186384390
+15186396404
+15186402030
+15186444320
+15186502026
+15186502044
+15186520130
+15186626137
+15186635331
+15186723158
+15186733427
+15186782394
+15186831033
+15186963637
+15187088499
+15187088531
+15187132452
+15187176542
+15187207598
+15187300595
+15187300655
+15187301561
+15187321533
+15187353585
+15187383520
+15187383531
+15187543307
+15187554020
+15187571437
+15187572716
+15187630116
+15187630117
+15187700231
+15187701730
+15187706675
+15187720017
+15187720025
+15187720341
+15187720544
+15187721162
+15187721198
+15187721454
+15187722320
+15187725042
+15187726281
+15187738937
+15187761044
+15187826808
+15187956694
+15188004007
+15188008136
+15188063911
+15188196007
+15188297845
+15188358017
+15188358409
+15188358711
+15188358836
+15188358916
+15188545097
+15188563002
+15188619598
+15188744722
+15188754400
+15188823749
+15188859403
+15188888381
+15189074051
+15189133309
+15189168100
+15189351020
+15189351027
+15189351041
+15189352694
+15189516013
+15189523397
+15189523871
+15189824829
+15189824832
+15189881831
+15189923279
+15192533972
+15193158813
+15197432452
+15198458544
+15202000327
+15202082258
+15202086931
+15202097440
+15202100161
+15202100162
+15202100163
+15202100610
+15202100654
+15202104088
+15202107106
+15202107129
+15202109132
+15202109550
+15202138314
+15202138427
+15202149851
+15202165296
+15202169563
+15202171152
+15202177025
+15202200761
+15202227905
+15202228448
+15202234836
+15202261098
+15202264407
+15202308379
+15202308400
+15202308437
+15202310050
+15202313062
+15202541070
+15202574985
+15202630091
+15202655400
+15202655439
+15202658774
+15202658778
+15202658782
+15202658783
+15202739668
+15202742117
+15202773011
+15202777205
+15202903741
+15202960788
+15203057384
+15203057633
+15203066892
+15203121922
+15203145698
+15203145824
+15203170627
+15203177250
+15203240585
+15203331016
+15203336637
+15203341081
+15203353544
+15203375410
+15203482679
+15203509887
+15203530103
+15203530105
+15203533004
+15203533040
+15203534155
+15203534239
+15203534723
+15203534842
+15203538016
+15203555982
+15203570223
+15203631123
+15203631605
+15203633727
+15203658988
+15203663885
+15203668062
+15203715160
+15203715162
+15203715187
+15203715192
+15203715474
+15203761270
+15203775410
+15203797946
+15203800659
+15203811267
+15203826554
+15203855661
+15203856262
+15203861914
+15203885058
+15203916030
+15203917980
+15203946761
+15203997833
+15204025502
+15204123451
+15204130960
+15204131267
+15204134769
+15204152573
+15204153126
+15204159121
+15204222220
+15204222357
+15204224166
+15204226566
+15204226759
+15204235323
+15204280184
+15204284727
+15204422731
+15204426140
+15204474665
+15204478656
+15204480310
+15204480317
+15204480319
+15204484896
+15204575371
+15204576150
+15204627048
+15204633684
+15204634133
+15204680228
+15204706979
+15204873983
+15204904978
+15204943580
+15205022199
+15205024060
+15205094646
+15205183252
+15205240180
+15205244090
+15205244962
+15205272907
+15205274755
+15205368009
+15205492324
+15205492554
+15205492964
+15205566378
+15205675571
+15205816239
+15205820577
+15205856163
+15205950012
+15206007216
+15206007325
+15206010028
+15206056419
+15206213237
+15206250370
+15206451008
+15206571033
+15206622110
+15206706334
+15206787890
+15206865187
+15206944478
+15207049142
+15207200963
+15207225741
+15207273707
+15207277798
+15207508389
+15207704732
+15207984152
+15208099051
+15208099739
+15208099980
+15208150373
+15208277437
+15208295868
+15208296256
+15208416396
+15208483452
+15208679394
+15208895690
+15208953660
+15209129325
+15209556192
+15209556201
+15209587428
+15217030270
+15223649369
+15234569458
+15255626447
+15264521596
+15282448590
+15285260944
+15288458967
+15302008004
+15302031121
+15302036803
+15302041219
+15302041238
+15302041262
+15302041264
+15302041269
+15302041277
+15302044123
+15302046040
+15302054441
+15302054445
+15302064391
+15302085940
+15302121158
+15302121159
+15302127701
+15302128263
+15302128407
+15302128571
+15302161083
+15302165786
+15302201349
+15302291905
+15302310360
+15302310375
+15302314385
+15302445768
+15302503091
+15302709219
+15302784404
+15302796648
+15302854364
+15302872648
+15302872786
+15302872822
+15302875961
+15302878505
+15302879890
+15302901330
+15302901708
+15302901723
+15302906381
+15302912267
+15302967837
+15302989041
+15302989248
+15302989249
+15303032439
+15303090192
+15303090193
+15303149291
+15303170788
+15303242385
+15303304410
+15303336556
+15303345679
+15303415087
+15303431232
+15303463129
+15303463307
+15303493056
+15303504182
+15303584151
+15303640319
+15303802362
+15303881003
+15303881138
+15303885071
+15303885343
+15303893140
+15303895543
+15303896000
+15303929040
+15303929042
+15303929043
+15303929044
+15303929045
+15303929046
+15303929047
+15303965488
+15303986037
+15304027538
+15304053813
+15304081820
+15304143317
+15304144430
+15304193432
+15304193987
+15304194192
+15304194467
+15304216963
+15304226286
+15304330134
+15304411039
+15304445507
+15304489998
+15304513750
+15304546561
+15304646003
+15304646644
+15304646645
+15304646646
+15304791423
+15304881089
+15304887024
+15304887026
+15304887029
+15304887031
+15304887032
+15305075703
+15305253279
+15305357277
+15305358047
+15305369579
+15305370016
+15305370112
+15305370307
+15305549588
+15305803503
+15305862392
+15305864358
+15305898661
+15306005281
+15306153290
+15306153294
+15306153723
+15306173182
+15306236286
+15306253064
+15306366269
+15306512613
+15306625545
+15306924687
+15306944302
+15306944448
+15306944474
+15306944478
+15306944485
+15306984287
+15307100469
+15307199615
+15307218096
+15307218098
+15307278409
+15307442131
+15307702675
+15307711925
+15307786542
+15307830213
+15307977437
+15308060066
+15308060184
+15308061940
+15308062061
+15308062332
+15308062350
+15308062514
+15308062737
+15308150519
+15308301149
+15308384936
+15308384985
+15308455289
+15308456084
+15308456129
+15308704013
+15308705220
+15308705314
+15308811444
+15309214207
+15312016459
+15312066531
+15312231024
+15312310351
+15312310593
+15313009834
+15332297799
+15342203780
+15344290212
+15344297014
+15362949379
+15392333302
+15393283748
+15393570424
+15393676835
+15394449056
+15396368545
+15396647349
+15396663157
+15398121545
+15399990345
+15399990349
+15402076994
+15402082160
+15402100016
+15402265450
+15402272088
+15402274825
+15402371496
+15402520792
+15402533063
+15402533067
+15402533417
+15402586704
+15402614294
+15402661350
+15402690589
+15402699926
+15402773172
+15402779075
+15402779562
+15402986661
+15403153944
+15403158592
+15403243996
+15403289788
+15403393634
+15403393983
+15403397652
+15403399029
+15403493411
+15403591807
+15403693614
+15403771632
+15404041495
+15404092327
+15404105830
+15404124262
+15404181912
+15404233529
+15404254291
+15404254593
+15404254842
+15404255591
+15404460968
+15404560671
+15404668899
+15404910242
+15404912723
+15404912923
+15405438745
+15405460397
+15405603150
+15405723118
+15406022594
+15406092618
+15406288490
+15406288891
+15406288892
+15406288912
+15406288915
+15406289528
+15406289534
+15406289548
+15406289580
+15406289584
+15406545373
+15406787192
+15406795265
+15406838650
+15406991524
+15406991528
+15406991529
+15406991530
+15406993873
+15407079282
+15407240767
+15407297339
+15407513318
+15407513319
+15407599413
+15407726664
+15407796246
+15408081543
+15408537010
+15408988818
+15409040519
+15409044838
+15409084369
+15409243122
+15409486679
+15409489911
+15409934479
+15412003013
+15412003090
+15412003123
+15412003182
+15412003391
+15412006340
+15412006351
+15412006360
+15412037097
+15412037673
+15412037681
+15412044295
+15412053981
+15412092956
+15412142680
+15412167959
+15412235288
+15412235761
+15412235881
+15412237545
+15412255622
+15412305186
+15412305236
+15412338579
+15412341473
+15412369852
+15412378710
+15412466136
+15412571035
+15412571367
+15412571407
+15412571470
+15412571472
+15412571477
+15412571557
+15412571562
+15412571564
+15412571573
+15412758005
+15412758327
+15413014110
+15413016243
+15413054278
+15413063307
+15413157914
+15413209690
+15413590300
+15413682279
+15413712973
+15413907076
+15413924204
+15413926881
+15413939998
+15414026820
+15414261191
+15414326899
+15414368023
+15414446870
+15414792060
+15415074057
+15415121949
+15415124303
+15415124606
+15415126185
+15415126206
+15415126222
+15415126223
+15415126245
+15415126253
+15415126262
+15415175576
+15415353777
+15415609859
+15415677569
+15415905250
+15416205202
+15416222784
+15416232007
+15416309549
+15416316138
+15416540400
+15416663002
+15416777539
+15416785563
+15416948420
+15417024475
+15417024499
+15417024502
+15417024503
+15417024523
+15417085084
+15417095330
+15417145488
+15417280113
+15417304002
+15417540444
+15417786542
+15417874905
+15417900906
+15417900968
+15417991060
+15418122667
+15418238022
+15418263174
+15418517229
+15418542001
+15418617811
+15418829302
+15419015177
+15419266159
+15419459260
+15419488241
+15419488330
+15419488331
+15419488332
+15419488494
+15419557800
+15419662570
+15419814053
+15419814400
+15419814442
+15419814443
+15423145261
+15432109876
+15435431234
+15436456436
+15474047917
+15476134724
+15478184222
+15478631452
+15482574547
+15483214572
+15487516243
+15487874519
+15494826867
+15512089518
+15512206490
+15512209841
+15512226793
+15512226820
+15512250275
+15512258299
+15512278734
+15512280338
+15512325012
+15512330109
+15512330121
+15512330124
+15512330239
+15512335727
+15512342791
+15512342842
+15512377627
+15512458020
+15512558133
+15512564052
+15512568237
+15512568239
+15512588004
+15512588005
+15512630258
+15512632031
+15512640611
+15512678906
+15512723100
+15512724706
+15512724853
+15512727335
+15512727644
+15512727669
+15512727725
+15512727734
+15512727812
+15512727899
+15512727938
+15512728041
+15512763561
+15512944825
+15512957378
+15512984525
+15512995188
+15512998305
+15514441348
+15514823149
+15514974103
+15514976807
+15514976846
+15515294474
+15516664992
+15516664996
+15518880363
+15518880364
+15568956207
+15592010995
+15592011053
+15592011357
+15592011698
+15592011732
+15592011737
+15592037051
+15592037052
+15592050195
+15592050852
+15592065566
+15592160039
+15592207654
+15592217075
+15592239046
+15592350128
+15592363191
+15592363929
+15592420034
+15592443400
+15592453392
+15592580070
+15592650419
+15592721482
+15592964353
+15593060231
+15593066400
+15593160472
+15593182040
+15593361430
+15593364537
+15593381024
+15593381108
+15593410370
+15593419860
+15593420539
+15593422094
+15593422194
+15593450125
+15593548509
+15593548529
+15593588865
+15593609558
+15593684079
+15593684976
+15593701476
+15593726869
+15593726882
+15593768983
+15593797398
+15593869701
+15593950316
+15593950317
+15593964481
+15593991778
+15594010750
+15594011067
+15594024619
+15594051004
+15594051008
+15594051106
+15594090611
+15594168341
+15594221261
+15594227145
+15594258830
+15594258870
+15594258878
+15594258893
+15594261277
+15594532039
+15594570479
+15594631229
+15594690069
+15594700945
+15594711038
+15594711085
+15594711088
+15594711752
+15594713063
+15594731034
+15594731725
+15594731898
+15594732662
+15594748123
+15594759875
+15594788342
+15594851934
+15595002134
+15595126424
+15595158002
+15595269162
+15595317264
+15595453497
+15595495238
+15595511002
+15595542973
+15595600052
+15595601212
+15595682007
+15595738293
+15595801710
+15595809865
+15595880266
+15595880333
+15595880913
+15595884757
+15595884761
+15595970745
+15595974047
+15596331223
+15596331489
+15596500052
+15596500075
+15596500187
+15596563842
+15596576554
+15596728337
+15596744514
+15596763934
+15596949604
+15597020248
+15597154711
+15597173824
+15597241429
+15597259030
+15597261200
+15597337550
+15597348027
+15597431544
+15597750026
+15597951756
+15598235692
+15598365813
+15598631306
+15598694894
+15598845065
+15599431649
+15603256257
+15608549654
+15612031260
+15612031454
+15612031889
+15612036840
+15612036910
+15612077520
+15612083045
+15612083049
+15612086547
+15612086708
+15612104188
+15612104415
+15612104571
+15612104920
+15612109060
+15612109209
+15612109234
+15612109573
+15612210128
+15612210329
+15612210434
+15612210874
+15612216911
+15612226019
+15612234026
+15612236180
+15612239784
+15612252264
+15612252282
+15612252476
+15612252487
+15612252549
+15612252660
+15612260270
+15612267304
+15612279197
+15612290760
+15612291425
+15612291441
+15612291462
+15612291541
+15612315715
+15612315732
+15612315741
+15612315744
+15612317009
+15612357425
+15612357688
+15612357900
+15612397136
+15612400337
+15612400455
+15612400456
+15612406108
+15612406145
+15612406442
+15612412500
+15612465892
+15612493135
+15612500378
+15612525263
+15612571047
+15612572935
+15612574844
+15612574868
+15612605490
+15612612901
+15612622198
+15612623737
+15612626402
+15612648421
+15612704166
+15612708002
+15612708015
+15612708020
+15612708054
+15612708056
+15612708057
+15612708920
+15612708923
+15612708935
+15612708937
+15612708940
+15612708958
+15612732160
+15612732940
+15612773672
+15612776733
+15612833684
+15612860968
+15612863328
+15612863343
+15612863382
+15612863754
+15612867729
+15612875964
+15612875966
+15612880117
+15612900738
+15612932752
+15612933241
+15612953073
+15612957359
+15613030643
+15613153015
+15613169463
+15613200197
+15613205871
+15613205880
+15613207288
+15613208158
+15613208207
+15613259917
+15613259994
+15613271083
+15613271314
+15613271324
+15613272181
+15613272289
+15613273212
+15613273718
+15613313596
+15613313680
+15613321934
+15613321936
+15613352290
+15613361958
+15613366663
+15613422290
+15613424821
+15613428991
+15613429460
+15613441256
+15613461152
+15613490905
+15613535447
+15613535588
+15613547294
+15613549821
+15613584954
+15613595918
+15613598288
+15613618224
+15613622775
+15613637866
+15613696375
+15613762944
+15613762955
+15613799412
+15613929644
+15613962404
+15614030125
+15614030339
+15614040034
+15614048530
+15614048844
+15614060497
+15614064556
+15614064851
+15614068364
+15614070195
+15614087859
+15614090897
+15614098560
+15614131106
+15614131789
+15614131797
+15614131885
+15614142957
+15614186900
+15614196822
+15614210318
+15614214391
+15614246354
+15614302067
+15614304551
+15614360596
+15614361472
+15614367511
+15614367914
+15614368687
+15614369676
+15614371197
+15614371207
+15614401962
+15614411547
+15614440342
+15614481576
+15614487244
+15614498459
+15614498575
+15614498980
+15614509076
+15614509080
+15614509086
+15614533407
+15614534846
+15614548452
+15614548592
+15614593589
+15614623838
+15614630010
+15614634663
+15614636221
+15614638325
+15614654015
+15614658217
+15614674164
+15614752780
+15614753211
+15614753673
+15614796493
+15614816063
+15614909465
+15615107687
+15615109839
+15615138138
+15615158621
+15615268354
+15615302983
+15615304611
+15615315515
+15615326143
+15615361578
+15615367970
+15615378074
+15615414451
+15615447760
+15615570087
+15615570724
+15615570921
+15615570923
+15615637014
+15615655538
+15615705888
+15615710171
+15615710256
+15615712029
+15615713599
+15615717140
+15615717700
+15615892655
+15615926367
+15615934205
+15615940010
+15615940100
+15616017956
+15616090746
+15616091807
+15616091808
+15616091810
+15616093048
+15616093494
+15616159360
+15616174921
+15616179620
+15616441774
+15616447200
+15616569586
+15616629398
+15616663415
+15616720192
+15616720547
+15616720962
+15616782872
+15616866054
+15616924993
+15616927408
+15616927457
+15616927472
+15616934895
+15616942239
+15617038373
+15617038782
+15617051272
+15617096378
+15617170217
+15617170240
+15617170248
+15617193658
+15617220860
+15617223019
+15617229599
+15617230828
+15617239936
+15617329418
+15617562121
+15617562301
+15617564662
+15617574105
+15617577182
+15617638565
+15617638566
+15617687675
+15617821835
+15617822184
+15617870328
+15618019282
+15618060015
+15618070977
+15618070978
+15618078515
+15618078583
+15618078596
+15618098704
+15618101418
+15618102385
+15618238587
+15618270261
+15618292127
+15618310927
+15618413436
+15618694108
+15618698752
+15618745094
+15618749481
+15618754845
+15618775321
+15618940758
+15618941015
+15618992512
+15618999447
+15619031585
+15619076017
+15619100630
+15619104950
+15619109098
+15619122166
+15619148721
+15619149487
+15619225641
+15619228421
+15619228511
+15619265128
+15619265997
+15619316601
+15619355169
+15619359054
+15619462069
+15619468414
+15619482830
+15619520681
+15619522080
+15619522127
+15619522146
+15619540911
+15619620740
+15619621507
+15619621884
+15619816356
+15619834649
+15619903028
+15619903044
+15622025295
+15622025355
+15622025831
+15622025839
+15622028256
+15622028306
+15622033004
+15622037081
+15622038749
+15622060832
+15622062966
+15622075868
+15622100271
+15622105085
+15622109066
+15622109341
+15622109404
+15622109581
+15622109973
+15622174336
+15622176930
+15622223009
+15622292824
+15622298551
+15622327589
+15622394166
+15622394173
+15622394558
+15622394560
+15622407849
+15622423645
+15622452077
+15622452094
+15622456324
+15622473912
+15622473914
+15622474044
+15622495203
+15622503028
+15622503726
+15622531348
+15622561354
+15622588861
+15622589256
+15622598922
+15622612832
+15622618241
+15622618242
+15622618257
+15622618296
+15622620948
+15622624582
+15622626826
+15622629301
+15622629441
+15622634250
+15622669073
+15622669074
+15622669075
+15622669078
+15622669081
+15622669085
+15622669086
+15622669091
+15622669092
+15622669991
+15622674510
+15622678657
+15622680849
+15622680879
+15622685339
+15622688078
+15622706837
+15622733688
+15622739654
+15622745843
+15622796822
+15622836601
+15622836642
+15622842458
+15622865135
+15622865756
+15622865774
+15622878007
+15622884055
+15622940030
+15622956811
+15622962818
+15622969188
+15623021189
+15623035277
+15623045327
+15623060886
+15623061121
+15623128073
+15623152210
+15623152227
+15623176350
+15623206547
+15623302013
+15623302028
+15623407948
+15623481838
+15623482004
+15623491925
+15623491955
+15623522562
+15623524014
+15623524314
+15623526886
+15623526905
+15623544446
+15623561555
+15623583574
+15623583585
+15623586227
+15623586432
+15623592922
+15623618924
+15623636663
+15623684630
+15623748359
+15623748360
+15623757584
+15623757596
+15623760858
+15623785362
+15623821815
+15623828074
+15623841596
+15623860376
+15623871443
+15623871677
+15623872655
+15623872844
+15623932300
+15623932640
+15623938439
+15623957166
+15623983515
+15624020201
+15624043367
+15624120244
+15624122712
+15624129301
+15624130719
+15624135451
+15624140508
+15624219545
+15624273890
+15624332736
+15624353666
+15624376310
+15624381042
+15624381214
+15624446097
+15624453326
+15624485962
+15624493142
+15624511539
+15624514828
+15624516213
+15624516216
+15624516755
+15624519272
+15624526022
+15624724656
+15624733857
+15624738929
+15624798264
+15624872845
+15624910214
+15625135234
+15625135422
+15625135425
+15625135551
+15625199206
+15625213339
+15625265493
+15625267114
+15625285913
+15625294299
+15625316722
+15625343932
+15625347580
+15625410729
+15625410763
+15625410801
+15625432523
+15625480615
+15625487326
+15625532469
+15625533993
+15625547346
+15625594208
+15625795547
+15625833728
+15625928088
+15626006013
+15626061883
+15626070614
+15626128131
+15626225155
+15626267052
+15626402085
+15626405250
+15626406496
+15626406639
+15626406642
+15626454868
+15626461189
+15626463054
+15626463220
+15626463359
+15626502721
+15626507321
+15626507332
+15626507371
+15626508952
+15626672506
+15626679238
+15626891153
+15626891330
+15626897069
+15626898127
+15626908137
+15626967265
+15627151214
+15627160602
+15627161822
+15627163797
+15627164056
+15627165175
+15627165534
+15627165640
+15627166285
+15627166613
+15627167009
+15627167846
+15627167882
+15627195197
+15627224685
+15627254672
+15627261621
+15627350504
+15627350555
+15627423498
+15627423645
+15627424431
+15627424636
+15627459990
+15627865982
+15628064145
+15628250133
+15628250310
+15628250668
+15628255693
+15628255707
+15628501989
+15628501990
+15628501993
+15628651502
+15628664595
+15628883765
+15629122971
+15629300514
+15629430360
+15629498189
+15629779475
+15632027054
+15632073624
+15632099012
+15632108317
+15632135208
+15632135217
+15632422732
+15632427516
+15632658465
+15632791581
+15632847711
+15632920064
+15632922584
+15633347702
+15633599279
+15633878361
+15634243104
+15634243530
+15634247562
+15634684041
+15634951100
+15635030216
+15635185574
+15635288069
+15635521293
+15635627007
+15635717909
+15635795562
+15635795588
+15635832371
+15635934959
+15636633784
+15637230493
+15637230497
+15638885265
+15639209355
+15642122516
+15648123457
+15652675695
+15654543434
+15672034082
+15672053523
+15672122774
+15672305685
+15672305703
+15672368524
+15672420560
+15672420578
+15672425594
+15672440000
+15672440052
+15672440066
+15672440126
+15672440277
+15672440324
+15672440337
+15672440396
+15672440692
+15672441854
+15672442251
+15672442450
+15672444731
+15672486063
+15672524002
+15672525221
+15672525226
+15672525685
+15672530010
+15672530020
+15672530104
+15672580019
+15672580624
+15672630009
+15672630016
+15672630017
+15672630026
+15672630027
+15672690012
+15672690015
+15672798103
+15672801782
+15672901953
+15672969031
+15672969034
+15672969037
+15672972054
+15673028021
+15673148631
+15673265619
+15673421913
+15673437282
+15673709550
+15675874000
+15676988629
+15677774220
+15678888909
+15679999115
+15683214543
+15684569632
+15688436525
+15697885120
+15697885124
+15698321452
+15702010044
+15702029675
+15702071892
+15702181192
+15702181197
+15702208467
+15702342343
+15702352462
+15702352466
+15702352477
+15702352809
+15702415372
+15702431537
+15702443515
+15702460224
+15702621534
+15702635502
+15702658682
+15702943859
+15702986957
+15703016044
+15703016960
+15703024123
+15703085292
+15703155764
+15703284321
+15703284349
+15703300810
+15703529401
+15703594480
+15703652360
+15703993268
+15704019523
+15704100565
+15704133200
+15704313546
+15704452579
+15704452831
+15704453226
+15704837055
+15704910852
+15704918281
+15704918294
+15704918942
+15705101784
+15705414157
+15705414218
+15705456024
+15705650022
+15705811632
+15705816764
+15705992362
+15706001041
+15706122050
+15706240221
+15706532090
+15706693454
+15706852560
+15707018877
+15707092938
+15707135992
+15707318480
+15707483492
+15707601245
+15707945445
+15708150205
+15708283099
+15708283122
+15708399539
+15708461679
+15708600377
+15708678740
+15708678741
+15708678742
+15708678743
+15708746202
+15709042756
+15709048746
+15709296454
+15709337967
+15709393617
+15709794214
+15709833643
+15709950283
+15712001632
+15712006541
+15712060544
+15712078501
+15712085086
+15712101297
+15712104377
+15712104826
+15712105551
+15712105559
+15712105561
+15712105953
+15712105961
+15712106558
+15712106599
+15712108569
+15712121245
+15712130010
+15712158596
+15712236099
+15712295487
+15712434148
+15712500632
+15712571238
+15712572789
+15712606063
+15712610021
+15712615338
+15712617201
+15712622567
+15712631999
+15712657227
+15712661049
+15712671762
+15712721000
+15712723150
+15712723275
+15712723350
+15712724000
+15712726500
+15712810158
+15712811348
+15712811724
+15712812093
+15712812342
+15712814336
+15712818702
+15712902042
+15712902043
+15712938145
+15712961101
+15712982077
+15712982451
+15712982461
+15712982462
+15712988288
+15712988591
+15712988720
+15712988722
+15712988723
+15713028982
+15713047987
+15713075166
+15713162448
+15713170280
+15713195622
+15713195623
+15713195624
+15713195806
+15713195833
+15713195852
+15713195860
+15713195871
+15713195887
+15713217238
+15713250512
+15713358470
+15713365094
+15713395008
+15713491267
+15713491282
+15713606880
+15713620661
+15713640228
+15713650967
+15713670295
+15713766411
+15713767041
+15713835137
+15713842780
+15713897327
+15713923717
+15713998445
+15714020153
+15714188467
+15714211056
+15714294520
+15714354803
+15714385570
+15714410114
+15714456596
+15714459221
+15714494800
+15714501849
+15714508269
+15714509961
+15714557263
+15714632502
+15714632521
+15714770811
+15714809864
+15714857058
+15714857354
+15714861415
+15714861441
+15714861453
+15715079659
+15715133832
+15715177100
+15715260000
+15715260007
+15715260009
+15715265751
+15715278539
+15715433061
+15715510125
+15715607230
+15715693025
+15715693062
+15715693068
+15715693069
+15715701033
+15715729799
+15715891016
+15715970570
+15716014874
+15716173015
+15716173030
+15716173039
+15716173046
+15716173050
+15716173053
+15716173056
+15716173074
+15716173079
+15716173080
+15716173083
+15716173086
+15716173088
+15716173092
+15716173095
+15716173106
+15716398426
+15716421304
+15716423013
+15716594475
+15716595188
+15716773716
+15716773744
+15716990361
+15716990439
+15717074100
+15717271412
+15717483707
+15717582511
+15717582555
+15717582578
+15717657999
+15717779006
+15717779981
+15717782660
+15717891020
+15718000151
+15718001005
+15718320787
+15718888522
+15718993188
+15718993208
+15719167066
+15719186490
+15719188114
+15719214847
+15719315750
+15719322080
+15719332121
+15719929996
+15722869973
+15725872113
+15732007004
+15732026398
+15732030976
+15732031131
+15732034581
+15732034587
+15732036000
+15732063149
+15732071399
+15732137987
+15732260741
+15732280364
+15732295809
+15732331320
+15732331673
+15732400279
+15732409610
+15732409674
+15732467249
+15732507048
+15732507059
+15732571033
+15732629967
+15732707015
+15732731164
+15732731202
+15732790408
+15732795447
+15732904159
+15733064815
+15733094266
+15733136571
+15733628566
+15733639467
+15733905084
+15734799745
+15735391053
+15735793682
+15735874806
+15736041546
+15736042021
+15736165098
+15736213049
+15736735570
+15737104041
+15737192065
+15737222018
+15737297834
+15737344596
+15737570369
+15737642824
+15737642870
+15737642871
+15737642872
+15737743168
+15738082288
+15738189009
+15738189901
+15738328250
+15738612888
+15738762600
+15742418589
+15742497243
+15742779500
+15743099553
+15743149587
+15743478161
+15743878873
+15743899109
+15744068672
+15744850190
+15744850196
+15744850197
+15744986419
+15745147117
+15745645415
+15745660569
+15745660576
+15745989797
+15745989868
+15748321457
+15748918398
+15749055110
+15752019113
+15752055833
+15752092875
+15752092876
+15752143059
+15752143630
+15752148650
+15752352582
+15752536575
+15753030588
+15753754846
+15753876546
+15753905484
+15754047095
+15754047917
+15754047920
+15754155740
+15754158746
+15754891860
+15754993870
+15755199795
+15755271364
+15755349803
+15755371023
+15755450012
+15755678003
+15755757822
+15756137462
+15756183731
+15756525020
+15756662884
+15756860488
+15757075034
+15757075138
+15757075172
+15757253924
+15757466418
+15759120235
+15759935805
+15762959379
+15784571247
+15785381544
+15802180260
+15802336106
+15802336168
+15802336186
+15802467090
+15802569878
+15802577814
+15802715562
+15802800764
+15802894054
+15802945218
+15803663722
+15804283251
+15804470293
+15804478070
+15804820408
+15805349806
+15805517600
+15805592242
+15805637054
+15805637071
+15805637076
+15805637077
+15806091946
+15806092223
+15806094525
+15806496282
+15806958719
+15807053137
+15807153067
+15807996151
+15808570782
+15808570785
+15808836497
+15809242939
+15809821196
+15817454127
+15822037105
+15832963728
+15835057294
+15842364723
+15852003607
+15852003763
+15852004275
+15852005588
+15852005590
+15852005695
+15852014463
+15852038619
+15852043070
+15852043162
+15852043166
+15852066033
+15852066237
+15852076546
+15852191557
+15852245698
+15852254524
+15852261911
+15852280467
+15852298258
+15852364008
+15852439807
+15852450315
+15852500313
+15852507278
+15852507279
+15852525540
+15852527200
+15852572846
+15852572851
+15852640167
+15852680354
+15852686008
+15852686732
+15852686733
+15852686740
+15852836204
+15852838486
+15852843397
+15852887600
+15852941568
+15853004101
+15853004200
+15853004275
+15853004278
+15853004431
+15853004774
+15853004861
+15853014632
+15853014652
+15853014653
+15853103870
+15853107245
+15853167374
+15853260268
+15853261622
+15853262754
+15853263258
+15853266091
+15853344719
+15853354717
+15853370647
+15853376961
+15853484504
+15853586386
+15853589133
+15853589874
+15853601101
+15853646540
+15853655680
+15853763509
+15853769011
+15853769016
+15853769017
+15853769018
+15853769059
+15853809112
+15853814143
+15853859226
+15853860065
+15853860537
+15853864415
+15853864425
+15853868171
+15853977573
+15854216070
+15854306950
+15854311777
+15854330969
+15854447115
+15854447131
+15854447167
+15854447179
+15854447192
+15854456792
+15854490286
+15854712829
+15854744472
+15854797989
+15854798501
+15854841668
+15854847804
+15854922500
+15854952453
+15854964459
+15854981031
+15855071942
+15855074253
+15855074901
+15855101208
+15855101260
+15855101311
+15855105559
+15855107805
+15855244997
+15855312561
+15855374054
+15855402431
+15855421476
+15855422922
+15855424408
+15855425020
+15855425458
+15855511070
+15855542269
+15855639568
+15855711911
+15855968999
+15855984267
+15855989505
+15855993948
+15856132212
+15856218921
+15856270193
+15856330278
+15856330342
+15856330398
+15856330817
+15856331146
+15856331197
+15856331198
+15856331454
+15856331455
+15856331462
+15856332027
+15856332123
+15856332420
+15856332432
+15856332686
+15856332707
+15856332725
+15856333065
+15856333346
+15856333380
+15856335017
+15856335922
+15856354085
+15856370915
+15856636471
+15856726305
+15856726859
+15856727737
+15856785081
+15856848429
+15857143146
+15857485315
+15857521973
+15857605898
+15857629912
+15857629938
+15857740026
+15857854136
+15857867759
+15857867819
+15857970025
+15857976479
+15858333474
+15858582103
+15858611167
+15858611175
+15858612253
+15858612597
+15858614105
+15858614106
+15858618305
+15858618492
+15858655350
+15858833474
+15859003090
+15859280113
+15859333384
+15859373304
+15859373305
+15859484057
+15859932215
+15859939367
+15862000081
+15862000157
+15862000162
+15862000166
+15862000274
+15862000275
+15862004250
+15862040867
+15862100122
+15862109022
+15862214392
+15862216997
+15862216998
+15862248485
+15862383149
+15862525292
+15862525294
+15862580560
+15862618055
+15862648471
+15862821944
+15862877769
+15863154090
+15863273919
+15863279283
+15863334113
+15863445133
+15863500061
+15863551669
+15863555251
+15863555255
+15863584201
+15863628596
+15863717341
+15864058272
+15864607017
+15864607210
+15864607212
+15864607213
+15864614324
+15864730000
+15864884985
+15864987122
+15865006955
+15865013311
+15865540455
+15865542818
+15865766490
+15866048548
+15866104349
+15866151254
+15866159497
+15866251581
+15866305631
+15866346298
+15866360024
+15866360045
+15866845473
+15866970384
+15866970920
+15867791608
+15868012413
+15868259050
+15868395547
+15868420516
+15868791222
+15868852809
+15869458932
+15869781938
+15869806942
+15877460380
+15878007857
+15878875108
+15889367152
+15892521255
+15897452654
+15897564214
+15897854235
+15985475626
+16012012923
+16012021633
+16012275203
+16012284667
+16012288218
+16012288482
+16012288601
+16012381429
+16012384360
+16012553529
+16012553530
+16012586739
+16012588937
+16012643589
+16012654777
+16012665418
+16012731663
+16012743189
+16012823098
+16012829703
+16012868061
+16012990684
+16012991632
+16012998753
+16013005929
+16013139019
+16013151552
+16013240986
+16013262918
+16013358901
+16013358903
+16013361608
+16013452026
+16013470017
+16013651906
+16013652907
+16013825052
+16013975723
+16014025753
+16014340643
+16014364651
+16014382382
+16014458759
+16014467132
+16014524889
+16014563617
+16014612251
+16014621068
+16014634273
+16014639855
+16015190836
+16015334688
+16015663539
+16015797705
+16015798896
+16016074521
+16016088111
+16016530506
+16016530551
+16016531844
+16016539173
+16016676542
+16017059685
+16017148359
+16017484003
+16017777535
+16017992602
+16018045716
+16018274577
+16018429280
+16018661108
+16018665515
+16018665545
+16018694563
+16018820082
+16018820084
+16018853252
+16018869688
+16019082392
+16019094404
+16019099044
+16019255761
+16019261056
+16019472447
+16019566563
+16019634721
+16019905520
+16019992222
+16022010604
+16022078812
+16022350684
+16022368888
+16022536130
+16022586305
+16022656600
+16022736083
+16022768168
+16022869849
+16023080853
+16023138405
+16023138449
+16023255501
+16023257092
+16023328498
+16023389472
+16023463215
+16023549049
+16023549599
+16023620912
+16023622114
+16023623845
+16023627028
+16023628688
+16023630970
+16023650174
+16023697640
+16023717171
+16023741712
+16023741804
+16023808614
+16023841557
+16023961828
+16024285943
+16024286242
+16024287698
+16024540297
+16024551801
+16024567154
+16024567730
+16024577928
+16024599742
+16024618670
+16024644072
+16024669813
+16024742454
+16024831080
+16024831082
+16024831090
+16024831097
+16024831919
+16024835416
+16024912754
+16024929287
+16024971829
+16025135553
+16025291960
+16025293518
+16025295638
+16025390867
+16025420000
+16025421126
+16025574796
+16025602500
+16025605731
+16025633526
+16025633667
+16025642000
+16025672009
+16025675136
+16025844410
+16025845305
+16025870068
+16025981094
+16025982999
+16025988060
+16026026000
+16026035034
+16026061470
+16026096977
+16026096984
+16026108601
+16026109971
+16026353897
+16026354333
+16026380921
+16026381528
+16026415440
+16026463481
+16026472941
+16026496173
+16026522610
+16026540073
+16026544226
+16026639383
+16026667610
+16026710818
+16026713448
+16026719300
+16026825800
+16026875856
+16026904684
+16026916113
+16026916462
+16026996212
+16027142258
+16027146731
+16027150076
+16027261520
+16027268563
+16027300749
+16027342985
+16027370953
+16027476840
+16027530620
+16027531029
+16027535536
+16027535621
+16027539768
+16027595133
+16027604549
+16027619062
+16027675270
+16027675274
+16027732750
+16027743470
+16027831427
+16027838052
+16027838117
+16027838212
+16027838419
+16027838568
+16027845864
+16027927201
+16027927211
+16028062144
+16028121569
+16028124052
+16028127360
+16028252138
+16028332315
+16028335317
+16028340886
+16028347338
+16028376425
+16028418071
+16028424997
+16028441554
+16028458196
+16028458197
+16028553345
+16028579662
+16028579731
+16028580938
+16028589292
+16028832747
+16028838944
+16028848251
+16028848258
+16028848417
+16028882962
+16028882982
+16028884983
+16028887295
+16028887296
+16028920647
+16028920653
+16028928691
+16028928695
+16028928825
+16028929944
+16028929955
+16029001973
+16029045457
+16029072109
+16029104277
+16029260649
+16029267450
+16029323104
+16029357174
+16029384792
+16029437297
+16029522410
+16029579590
+16029754643
+16032037753
+16032037832
+16032064701
+16032104281
+16032121981
+16032169406
+16032324965
+16032367768
+16032382872
+16032451054
+16032465301
+16032498767
+16032498775
+16032532543
+16032591593
+16032636855
+16032670310
+16032856157
+16032863228
+16032871339
+16032880104
+16032886492
+16032886625
+16032905468
+16032923308
+16033079272
+16033106017
+16033143383
+16033143423
+16033254525
+16033266750
+16033281844
+16033283140
+16033631012
+16033663298
+16033670427
+16033673909
+16033710090
+16033715097
+16033719507
+16033747767
+16033835403
+16033910180
+16034070203
+16034132340
+16034133331
+16034133884
+16034136854
+16034141920
+16034141927
+16034527096
+16034527279
+16034754205
+16034826042
+16034833270
+16034899016
+16034938303
+16035013069
+16035064097
+16035092584
+16035132431
+16035213400
+16035326754
+16035327719
+16035424672
+16035666331
+16035704413
+16035704414
+16035704415
+16035709015
+16035709016
+16035709018
+16035709019
+16035709020
+16035709077
+16035739205
+16035744160
+16035744725
+16036099920
+16036173109
+16036174162
+16036338025
+16036371801
+16036371806
+16036371827
+16036371878
+16036510144
+16036643775
+16036643776
+16036767419
+16036825451
+16036842704
+16037368800
+16037479531
+16037556087
+16037556098
+16037628221
+16037768955
+16037815197
+16037874044
+16037874045
+16037874082
+16037950095
+16037992061
+16038081145
+16038100691
+16038210082
+16038266577
+16038353249
+16038353529
+16038353947
+16038364371
+16038364434
+16038364481
+16038364628
+16038485596
+16038560867
+16038700082
+16038781177
+16039132770
+16039132771
+16039234905
+16039234924
+16039293308
+16039415795
+16039436545
+16039444113
+16039450186
+16039450227
+16039574029
+16039685504
+16039685884
+16042036841
+16042823489
+16044479764
+16044497183
+16045756901
+16052023001
+16052027288
+16052067013
+16052067017
+16052080628
+16052107662
+16052107719
+16052148596
+16052172088
+16052177025
+16052188502
+16052205529
+16052208130
+16052208811
+16052211693
+16052215227
+16052215245
+16052235125
+16052299964
+16052315976
+16052318358
+16052422080
+16052432158
+16052505576
+16052525597
+16052525680
+16052525726
+16052699207
+16052777305
+16052994590
+16052994686
+16053017225
+16053094087
+16053153880
+16053219680
+16053352222
+16053494415
+16053916116
+16054023548
+16054085828
+16054131500
+16054752433
+16054802995
+16054960160
+16054960712
+16054960883
+16055169886
+16055256172
+16055404050
+16055404148
+16055404697
+16055405055
+16055426523
+16055461529
+16055469859
+16055539652
+16055623182
+16055624381
+16055629077
+16055754444
+16055834562
+16055935109
+16056363619
+16056456360
+16056534339
+16056796906
+16057411463
+16057438980
+16057449467
+16057449473
+16058329573
+16058578307
+16058658590
+16058844130
+16058928695
+16059284578
+16059562151
+16059602046
+16059838450
+16062003587
+16062003711
+16062123061
+16062158202
+16062302129
+16062345951
+16062481121
+16062545652
+16062574929
+16062599417
+16062668589
+16062680554
+16062839107
+16062846413
+16063053719
+16063056102
+16063057890
+16063060323
+16063262087
+16063281309
+16063355458
+16063424168
+16063628459
+16063628615
+16063832959
+16063851014
+16063864164
+16063883200
+16064044015
+16064055035
+16064254457
+16064421227
+16064622012
+16064751582
+16064980552
+16065207806
+16065435014
+16065455035
+16065600037
+16065990215
+16066194007
+16066200054
+16066209012
+16066313764
+16066314558
+16066427676
+16066440222
+16066440224
+16066654000
+16066690865
+16066952001
+16066952836
+16067039001
+16067152042
+16067332685
+16067449520
+16067557005
+16067693477
+16067740102
+16067754916
+16067823464
+16067824945
+16067824946
+16067847444
+16068348302
+16068645551
+16069105001
+16069309127
+16069530227
+16072003547
+16072020841
+16072030215
+16072030216
+16072030224
+16072030225
+16072030518
+16072039685
+16072039687
+16072145033
+16072145037
+16072145038
+16072235219
+16072235229
+16072235230
+16072235232
+16072235233
+16072249028
+16072249350
+16072291497
+16072315382
+16072334220
+16072334551
+16072334558
+16072352807
+16072355091
+16072383947
+16072416832
+16072416968
+16072417936
+16072566780
+16072566846
+16072566907
+16072612331
+16072654865
+16072700059
+16072700478
+16072822076
+16072861358
+16072893723
+16072893811
+16072932154
+16072953011
+16072953018
+16073043136
+16073043400
+16073044460
+16073077001
+16073127766
+16073193460
+16073198049
+16073198059
+16073198426
+16073249764
+16073249846
+16073401758
+16073639766
+16073639777
+16073721959
+16073852067
+16073978255
+16073978256
+16074178118
+16074285828
+16074316046
+16074418510
+16074418515
+16074418918
+16074419058
+16074419117
+16075272395
+16075275763
+16075299906
+16075299985
+16075423072
+16075423079
+16075423099
+16075423893
+16075423921
+16075424571
+16075424572
+16075424609
+16075424643
+16075424651
+16075628977
+16075645640
+16075902105
+16075950118
+16075950143
+16075950154
+16075950182
+16075950917
+16075951450
+16075951477
+16075951587
+16075951589
+16075952094
+16075953203
+16075954214
+16075972631
+16076040110
+16076069322
+16076228025
+16076259910
+16076259911
+16076437932
+16076437935
+16076521188
+16076568124
+16076578540
+16076583346
+16076640101
+16076640110
+16076780681
+16076953026
+16077229665
+16077229687
+16077233282
+16077239891
+16077249716
+16077331419
+16077349187
+16077350870
+16077399799
+16077607890
+16077670057
+16077734699
+16077944360
+16077944619
+16077954626
+16077954641
+16078210059
+16078214086
+16078214179
+16078214339
+16078214927
+16078732194
+16079333387
+16079621709
+16082169305
+16082578029
+16082607552
+16082686037
+16082689149
+16082917244
+16082960867
+16082996198
+16082996202
+16083051259
+16083055279
+16083058257
+16083124056
+16083191127
+16083249112
+16083512824
+16083711211
+16083716666
+16083877579
+16083890792
+16084034150
+16084093294
+16084161654
+16084202982
+16084242331
+16084330347
+16084332691
+16084475105
+16084489399
+16084672892
+16084745525
+16084855963
+16084878082
+16084878089
+16084908494
+16084922684
+16084984261
+16085013034
+16085410286
+16085577199
+16085710187
+16085888666
+16086313205
+16086499614
+16086520215
+16086636132
+16087097829
+16087139334
+16087248051
+16087526593
+16087540958
+16087559470
+16087885218
+16088070645
+16088074827
+16088197658
+16088279840
+16088442563
+16088605494
+16088894593
+16088895928
+16089060189
+16089060192
+16089212275
+16092010242
+16092058142
+16092086408
+16092086409
+16092086487
+16092086507
+16092086523
+16092086560
+16092086563
+16092086564
+16092086568
+16092086574
+16092086578
+16092087430
+16092129900
+16092131317
+16092255792
+16092255799
+16092255839
+16092328178
+16092328953
+16092367854
+16092367855
+16092450432
+16092450833
+16092460990
+16092490456
+16092509180
+16092568036
+16092673432
+16092690644
+16092700113
+16092704462
+16092704496
+16092790110
+16092790220
+16092831088
+16092927007
+16092965455
+16092973070
+16092991619
+16092991691
+16092991708
+16092991756
+16092991765
+16092991780
+16093002715
+16093010523
+16093014011
+16093016612
+16093080821
+16093125728
+16093127523
+16093164069
+16093180260
+16093180553
+16093183330
+16093183337
+16093188010
+16093189798
+16093263319
+16093351765
+16093352950
+16093373141
+16093373142
+16093373144
+16093373147
+16093373152
+16093373157
+16093373160
+16093373175
+16093374763
+16093514186
+16093579055
+16093579396
+16093731050
+16093745449
+16093820333
+16093849657
+16093851522
+16093886995
+16093985333
+16094012139
+16094090701
+16094165885
+16094231164
+16094231165
+16094231167
+16094231172
+16094235507
+16094273666
+16094348426
+16094525468
+16094691392
+16094693266
+16094754541
+16094895983
+16094953093
+16095034619
+16095037035
+16095254482
+16095290016
+16095297743
+16095310340
+16095356037
+16095369115
+16095473359
+16095525342
+16095824127
+16095890564
+16095891626
+16095891630
+16095940539
+16095989033
+16096009927
+16096069030
+16096223366
+16096230077
+16096230127
+16096280275
+16096623115
+16096660035
+16096670446
+16096810040
+16096812131
+16096888360
+16096902041
+16096948341
+16096977842
+16097100012
+16097100612
+16097101275
+16097109860
+16097129365
+16097182432
+16097227238
+16097227972
+16097265282
+16097345407
+16097360415
+16097401972
+16097412600
+16097416561
+16097446561
+16097450620
+16097475517
+16097557869
+16097561041
+16097598646
+16097615248
+16097724357
+16097724399
+16097753210
+16097771119
+16097773300
+16097848026
+16097938853
+16097962045
+16097969850
+16098089141
+16098386162
+16098424372
+16098495219
+16098947890
+16099100386
+16099132095
+16099210827
+16099341772
+16099344248
+16099349504
+16099479471
+16099488047
+16099520066
+16099520762
+16099520773
+16099557072
+16099600427
+16099600606
+16099611418
+16099611439
+16099616631
+16099919643
+16099945340
+16099970176
+16099988604
+16099988767
+16102000545
+16102008677
+16102009929
+16102009937
+16102020039
+16102040955
+16102159643
+16102159758
+16102227036
+16102352743
+16102366125
+16102367337
+16102397147
+16102509807
+16102534277
+16102557136
+16102557286
+16102664860
+16102689090
+16102689133
+16102689465
+16102689506
+16102689511
+16102689526
+16102689547
+16102738716
+16102851473
+16102955944
+16103000300
+16103294974
+16103351456
+16103475132
+16103475362
+16103500033
+16103876645
+16103987890
+16104001681
+16104010345
+16104214484
+16104222805
+16104244501
+16104244918
+16104257943
+16104260324
+16104275932
+16104566169
+16104672675
+16104778033
+16104845455
+16104884326
+16104956078
+16105028264
+16105039006
+16105084031
+16105084041
+16105084042
+16105084045
+16105084048
+16105084057
+16105252852
+16105560248
+16105571031
+16105632059
+16105632213
+16105770868
+16105770874
+16105901564
+16105901714
+16105964085
+16106000270
+16106011508
+16106013221
+16106092504
+16106092983
+16106092984
+16106100042
+16106106552
+16106106565
+16106244382
+16106245110
+16106284131
+16106284163
+16106284164
+16106289843
+16106328135
+16106513768
+16106549955
+16106579733
+16106750239
+16106750857
+16106792731
+16106863271
+16106949254
+16106988402
+16107269400
+16107310546
+16107347972
+16107350208
+16107378469
+16107433242
+16107434769
+16107506111
+16107509858
+16107579931
+16108233242
+16108289606
+16108440354
+16108440392
+16108440438
+16108440451
+16108440453
+16108440926
+16108449111
+16108509178
+16108713259
+16108862284
+16108925337
+16109010002
+16109108037
+16109228969
+16109242034
+16109267256
+16109553376
+16109791762
+16109821218
+16109827646
+16109904243
+16109913139
+16109988977
+16122000284
+16122001828
+16122002224
+16122061008
+16122132408
+16122206732
+16122246039
+16122252998
+16122272811
+16122307052
+16122344239
+16122356591
+16122385105
+16122483309
+16122541548
+16122548065
+16122559645
+16122602176
+16122605059
+16122605386
+16122605796
+16122608717
+16122636407
+16122853391
+16122913176
+16122913333
+16123147344
+16123147553
+16123147587
+16123147643
+16123147858
+16123147926
+16123148053
+16123148755
+16123151796
+16123156115
+16123156277
+16123240869
+16123246808
+16123246827
+16123266355
+16123289565
+16123289622
+16123289627
+16123289629
+16123289635
+16123289640
+16123289641
+16123351000
+16123453083
+16123453846
+16123511106
+16123513099
+16123513204
+16123513211
+16123513445
+16123513748
+16123513773
+16123513791
+16123514513
+16123514669
+16123514819
+16123544016
+16123544053
+16123552316
+16123555872
+16123926729
+16124003366
+16124042008
+16124217058
+16124217989
+16124245006
+16124248936
+16124254664
+16124284161
+16124358148
+16124444183
+16124467960
+16124467961
+16124648851
+16124704158
+16124704414
+16124715035
+16124750689
+16124754380
+16124861099
+16124890007
+16124917561
+16124928369
+16125020003
+16125020286
+16125020287
+16125035626
+16125097514
+16125097911
+16125098635
+16125124234
+16125124935
+16125126311
+16125242696
+16125294992
+16125842120
+16125998892
+16126077782
+16126077999
+16126506111
+16126622869
+16126623086
+16126624019
+16126660385
+16126666011
+16126883191
+16126885181
+16126889212
+16127479900
+16127529054
+16127872490
+16128000168
+16128009537
+16128009552
+16128009698
+16128009959
+16128085067
+16128158004
+16128158559
+16128244557
+16128362808
+16128366970
+16128366999
+16128394004
+16128440940
+16128458043
+16128591211
+16128665797
+16128725408
+16129301091
+16129637867
+16129790558
+16129860908
+16129991281
+16132302890
+16133253325
+16134823937
+16134823940
+16135130000
+16136911347
+16136911348
+16137010200
+16137010865
+16139279931
+16142124850
+16142124920
+16142125139
+16142125164
+16142125165
+16142125166
+16142125286
+16142125287
+16142125292
+16142125298
+16142127507
+16142127530
+16142127540
+16142147415
+16142192370
+16142208860
+16142216563
+16142328834
+16142454465
+16142538816
+16142590003
+16142590036
+16142616000
+16142853584
+16142953110
+16143001102
+16143005443
+16143075322
+16143211798
+16143218657
+16143219974
+16143331301
+16143335383
+16143338676
+16143353939
+16143354175
+16143359256
+16143359363
+16143359430
+16143359596
+16143403144
+16143407330
+16143430234
+16143470060
+16143470062
+16143470340
+16143473548
+16143476136
+16143496280
+16143512900
+16143522542
+16143535887
+16143576214
+16143602852
+16143624017
+16143647300
+16143693681
+16143726219
+16143751586
+16143754315
+16143754521
+16143790328
+16143850692
+16143851937
+16143851983
+16143857092
+16143889472
+16143983678
+16143984078
+16143984970
+16144013492
+16144015497
+16144032897
+16144071482
+16144073652
+16144075612
+16144075685
+16144077730
+16144079617
+16144079618
+16144103505
+16144124626
+16144126281
+16144127733
+16144314636
+16144328756
+16144371191
+16144418204
+16144419114
+16144419454
+16144460730
+16144460764
+16144482832
+16144524164
+16144543827
+16144561294
+16144613429
+16144702002
+16144839504
+16144849334
+16144901009
+16144942098
+16144945389
+16145003295
+16145022680
+16145086091
+16145160047
+16145160328
+16145160454
+16145171080
+16145171097
+16145226682
+16145240404
+16145244661
+16145245880
+16145259638
+16145278456
+16145311153
+16145327743
+16145329743
+16145342515
+16145342550
+16145361768
+16145418317
+16145480722
+16145488018
+16145681816
+16145683309
+16145836954
+16145861703
+16145864097
+16145914211
+16145917930
+16145918418
+16145918914
+16145945021
+16146075292
+16146121023
+16146343438
+16146359505
+16146364618
+16146365870
+16146422389
+16146448068
+16146532908
+16146622238
+16146624628
+16146647854
+16146650910
+16146861627
+16146867083
+16146970667
+16146971415
+16146993924
+16146996998
+16147052389
+16147061555
+16147075180
+16147075238
+16147143611
+16147154190
+16147210831
+16147293000
+16147296038
+16147296083
+16147296086
+16147297604
+16147297711
+16147299020
+16147299026
+16147438951
+16147452578
+16147544051
+16147544053
+16147544055
+16147544059
+16147544060
+16147544131
+16147544135
+16147544136
+16147544138
+16147556732
+16147582137
+16147582360
+16147604001
+16147632548
+16147839871
+16148026224
+16148083412
+16148084859
+16148084957
+16148088488
+16148106619
+16148266090
+16148269791
+16148295264
+16148489800
+16148507322
+16148562900
+16148583840
+16148636483
+16148679989
+16148722548
+16148723313
+16148724712
+16148725832
+16148741202
+16148815329
+16148901025
+16148969945
+16149063143
+16149063892
+16149074218
+16149074226
+16149074227
+16149074919
+16149169050
+16149184065
+16149229865
+16149246761
+16149270427
+16149270428
+16149271813
+16149271814
+16149271817
+16149306958
+16149342810
+16149531177
+16149536537
+16149537451
+16149631273
+16149644614
+16149645760
+16149871430
+16149921280
+16149921402
+16149991094
+16149991237
+16149991238
+16149991240
+16149991242
+16149991244
+16149991245
+16149991246
+16149991248
+16152030155
+16152030156
+16152030158
+16152055413
+16152082770
+16152097984
+16152125289
+16152190136
+16152245898
+16152292972
+16152293874
+16152357394
+16152377563
+16152390234
+16152390792
+16152391170
+16152391903
+16152392247
+16152424242
+16152462872
+16152462931
+16152467660
+16152475330
+16152501036
+16152571281
+16152589724
+16152620211
+16152631103
+16152650591
+16152663001
+16152708358
+16152708919
+16152741463
+16152748300
+16152789043
+16152813538
+16152880841
+16152960197
+16153027967
+16153264250
+16153264857
+16153266430
+16153442105
+16153485026
+16153485237
+16153649409
+16153697198
+16153699015
+16153759430
+16153792541
+16153801290
+16153859006
+16153871040
+16153897703
+16153947812
+16153948261
+16153948635
+16154008552
+16154054454
+16154125632
+16154324311
+16154344016
+16154348530
+16154350620
+16154361313
+16154361320
+16154551722
+16154560420
+16154563628
+16154569733
+16154578514
+16154639987
+16154653998
+16154654016
+16154673648
+16154690355
+16154702228
+16154723992
+16154727264
+16154748855
+16154866013
+16154866014
+16154900770
+16154900984
+16155050813
+16155097813
+16155102025
+16155103174
+16155103680
+16155142430
+16155259724
+16155389922
+16155447021
+16155464184
+16155642572
+16155677440
+16155704223
+16155857457
+16155880282
+16156051884
+16156103958
+16156106036
+16156130713
+16156150311
+16156176869
+16156194830
+16156199995
+16156453730
+16156476516
+16156547818
+16156568509
+16156576948
+16156576950
+16156576951
+16156576954
+16156576965
+16156671997
+16156677015
+16156713047
+16156713659
+16156823947
+16156828304
+16156828627
+16156967850
+16157561259
+16157577764
+16157579936
+16157610887
+16157623474
+16157633670
+16157660527
+16157852737
+16157854504
+16157895666
+16157906278
+16157911644
+16157924990
+16158100189
+16158100191
+16158100195
+16158100225
+16158100226
+16158100843
+16158100957
+16158100967
+16158134710
+16158247243
+16158468410
+16158626326
+16158670688
+16158698739
+16158732756
+16159063042
+16159225415
+16159225977
+16159334725
+16159430453
+16159436951
+16159638833
+16159647890
+16159698589
+16159888008
+16159892252
+16159916170
+16159918119
+16159924729
+16162077373
+16162083913
+16162151004
+16162151082
+16162166545
+16162191155
+16162191964
+16162264512
+16162274260
+16162274588
+16162274720
+16162280752
+16162280753
+16162280755
+16162281344
+16162281345
+16162362484
+16162365315
+16162994024
+16163239706
+16163269733
+16163715116
+16164144621
+16164200980
+16164200985
+16164201919
+16164252305
+16164492105
+16165102905
+16165107874
+16165419632
+16166132136
+16166316021
+16166386886
+16166388064
+16166481016
+16166696824
+16166698825
+16166782200
+16167238313
+16167725623
+16167771919
+16167946945
+16168051665
+16168503141
+16168712824
+16169041254
+16169538818
+16169561420
+16169562928
+16169802622
+16169804005
+16169886248
+16172061676
+16172061913
+16172070003
+16172092020
+16172094385
+16172094806
+16172094897
+16172096754
+16172131029
+16172131273
+16172132910
+16172263399
+16172297002
+16172450940
+16172453561
+16172496837
+16172638975
+16172644169
+16172677071
+16172746669
+16172844298
+16172864169
+16172927701
+16172991044
+16173018224
+16173053500
+16173053535
+16173073071
+16173077784
+16173077813
+16173147399
+16173184014
+16173184017
+16173184084
+16173184085
+16173184489
+16173184496
+16173263653
+16173295551
+16173367366
+16173403657
+16173449171
+16173564651
+16173608747
+16173708043
+16173708071
+16173708527
+16173709442
+16173729084
+16173729279
+16173729440
+16173838876
+16173859400
+16173958797
+16174028972
+16174044856
+16174081072
+16174124643
+16174154425
+16174192023
+16174396107
+16174396213
+16174396647
+16174464090
+16174549940
+16174673268
+16174673933
+16174692300
+16174772420
+16174836651
+16174836653
+16174836991
+16174889082
+16175001659
+16175002773
+16175014250
+16175051574
+16175069233
+16175069952
+16175142449
+16175158476
+16175182636
+16175192883
+16175287970
+16175325907
+16175434619
+16175436661
+16175438338
+16175451722
+16175488418
+16175494502
+16175723012
+16175810895
+16175811049
+16175811051
+16175811062
+16175811960
+16175860561
+16175868459
+16175885973
+16175953532
+16176006237
+16176031367
+16176044723
+16176044724
+16176063707
+16176069295
+16176072001
+16176186174
+16176282570
+16176518750
+16176526528
+16176571316
+16176603200
+16176710695
+16176753686
+16176754444
+16176815500
+16176827390
+16176936841
+16176936867
+16176936869
+16176936884
+16176936902
+16176936921
+16176936929
+16176936931
+16176936948
+16176970798
+16177024454
+16177140762
+16177140766
+16177140977
+16177140978
+16177165310
+16177167681
+16177168120
+16177168606
+16177447817
+16177522937
+16177526590
+16177558134
+16177558153
+16177623000
+16177648108
+16177778549
+16177779485
+16177786822
+16177787281
+16177787391
+16177787393
+16177892220
+16178128248
+16178172869
+16178224900
+16178261812
+16178261956
+16178265365
+16178265701
+16178266152
+16178266178
+16178266533
+16178294511
+16178294512
+16178304490
+16178418578
+16178434876
+16178477493
+16178480080
+16178551945
+16178610017
+16178610020
+16178613250
+16178613341
+16178614243
+16178614246
+16178614443
+16178614615
+16178614963
+16178616148
+16178616213
+16178619130
+16178656096
+16178703811
+16178869076
+16178977773
+16179103087
+16179279998
+16179320259
+16179320778
+16179341548
+16179358241
+16179477532
+16179631519
+16179638369
+16179655875
+16179774912
+16179821058
+16179821362
+16179930071
+16179968876
+16179990000
+16182028428
+16182059016
+16182061106
+16182068439
+16182084763
+16182152177
+16182152204
+16182161371
+16182161372
+16182161501
+16182199131
+16182268703
+16182270182
+16182284956
+16182321236
+16182394710
+16182433411
+16182474424
+16182484404
+16182484513
+16182484804
+16182722381
+16182788953
+16182807249
+16182843002
+16182984021
+16183002316
+16183002405
+16183076274
+16183122280
+16183148084
+16183148086
+16183148096
+16183197366
+16183268958
+16183449222
+16183551126
+16183551127
+16183551147
+16183551444
+16183551616
+16183551617
+16183551682
+16183551766
+16183551785
+16183551906
+16183557374
+16183557395
+16183557420
+16183557434
+16183558322
+16183563033
+16183644650
+16183740150
+16183740151
+16183740161
+16183743808
+16183775063
+16183819198
+16183900332
+16183900765
+16184031498
+16184067868
+16184088576
+16184089129
+16184101433
+16184103919
+16184104474
+16184107264
+16184107513
+16184244301
+16184271371
+16184477083
+16184477592
+16184479764
+16184558955
+16184623632
+16184631412
+16184643520
+16184658085
+16184658138
+16185302200
+16185393595
+16185413000
+16185510082
+16185510559
+16185515659
+16185604333
+16185672146
+16185934120
+16186195258
+16186282500
+16186562917
+16186598770
+16186694373
+16186815272
+16186900276
+16186994139
+16187108008
+16187216217
+16187797158
+16187797305
+16187812241
+16188521698
+16188550185
+16188550194
+16189124649
+16189487040
+16189741263
+16189778349
+16189890221
+16192013175
+16192024576
+16192027582
+16192029602
+16192055029
+16192056400
+16192102308
+16192125555
+16192131025
+16192160430
+16192160438
+16192160499
+16192160522
+16192160528
+16192160536
+16192160551
+16192160554
+16192160670
+16192160672
+16192160900
+16192221919
+16192335584
+16192345579
+16192422112
+16192432552
+16192438036
+16192452299
+16192458747
+16192468955
+16192543501
+16192579053
+16192608725
+16192673753
+16192685972
+16192704236
+16192748616
+16192748618
+16192748621
+16192748628
+16192748629
+16192748630
+16192748781
+16192798756
+16192811200
+16192813923
+16192814071
+16192814966
+16192815830
+16192881694
+16193041078
+16193041083
+16193051819
+16193063020
+16193091460
+16193091779
+16193091968
+16193119781
+16193124785
+16193134512
+16193144299
+16193146857
+16193160725
+16193168114
+16193230917
+16193230926
+16193235127
+16193244312
+16193244339
+16193244655
+16193244656
+16193292355
+16193295515
+16193301897
+16193312110
+16193314116
+16193330370
+16193395266
+16193400199
+16193427715
+16193427996
+16193451548
+16193496424
+16193500998
+16193501006
+16193501551
+16193503874
+16193543011
+16193543874
+16193544301
+16193545891
+16193545935
+16193546304
+16193546305
+16193548245
+16193566801
+16193592426
+16193598297
+16193611698
+16193611724
+16193617265
+16193636271
+16193638915
+16193639123
+16193639128
+16193639132
+16193639143
+16193639151
+16193639160
+16193639179
+16193639180
+16193639182
+16193639185
+16193639188
+16193639199
+16193639217
+16193659251
+16193665378
+16193677813
+16193691731
+16193698848
+16193709656
+16193713902
+16193730394
+16193738415
+16193745407
+16193746406
+16193759750
+16193762881
+16193766534
+16193777303
+16193779326
+16193780051
+16193781021
+16193781058
+16193781994
+16193781998
+16193781999
+16193782786
+16193783199
+16193784032
+16193831846
+16193833010
+16193910570
+16193914256
+16193962311
+16193992172
+16194119990
+16194130818
+16194225174
+16194241213
+16194312286
+16194340383
+16194390002
+16194426887
+16194522846
+16194523224
+16194523449
+16194523450
+16194523468
+16194673708
+16194684783
+16194697440
+16194784483
+16194786154
+16194786955
+16194787051
+16194787528
+16194850860
+16194861434
+16194880131
+16194885608
+16194890071
+16194890077
+16194890084
+16194890089
+16194890093
+16194890102
+16194892403
+16194897046
+16194897164
+16194904382
+16195031141
+16195031679
+16195031683
+16195037074
+16195037075
+16195037085
+16195037088
+16195050081
+16195115654
+16195300839
+16195357760
+16195357768
+16195357769
+16195357772
+16195357773
+16195357774
+16195357779
+16195357780
+16195357781
+16195357782
+16195357784
+16195357785
+16195357786
+16195377322
+16195417048
+16195462114
+16195470200
+16195592985
+16195605641
+16195675729
+16195676371
+16195676911
+16195682400
+16195682404
+16195682414
+16195682418
+16195686489
+16195840093
+16195950036
+16196124191
+16196124192
+16196211618
+16196255639
+16196279327
+16196289177
+16196300554
+16196300599
+16196314144
+16196319592
+16196325995
+16196391599
+16196397982
+16196488129
+16196498747
+16196498749
+16196500388
+16196561422
+16196580697
+16196585322
+16196587113
+16196632661
+16196652661
+16196776024
+16196823477
+16196846950
+16196931204
+16196952788
+16196969363
+16197028483
+16197043082
+16197137623
+16197202024
+16197276991
+16197283245
+16197284193
+16197289764
+16197300199
+16197302296
+16197320504
+16197364063
+16197373972
+16197454371
+16197454391
+16197454402
+16197454828
+16197529342
+16197580821
+16197620865
+16197626400
+16197626904
+16197626932
+16197710854
+16197711868
+16197753305
+16197760324
+16197767762
+16197778022
+16197811132
+16197895138
+16197907967
+16197921823
+16197988293
+16197989835
+16198007328
+16198018060
+16198026032
+16198109495
+16198109496
+16198178205
+16198192825
+16198197076
+16198222296
+16198245110
+16198249997
+16198328578
+16198377663
+16198407262
+16198411790
+16198417259
+16198542566
+16198601736
+16198647660
+16198660622
+16198660732
+16198663082
+16198723983
+16198788155
+16198807777
+16199000005
+16199190306
+16199240073
+16199240122
+16199240148
+16199240160
+16199271680
+16199290520
+16199649275
+16199664477
+16199724561
+16199725970
+16199961251
+16202071556
+16202076781
+16202444133
+16202572244
+16202633546
+16202661198
+16202688812
+16203042298
+16203079468
+16203098565
+16203223166
+16203700223
+16203806020
+16203930172
+16204130177
+16204809474
+16206368531
+16206477600
+16206590708
+16207084671
+16207502128
+16207502182
+16207843071
+16207881017
+16208429483
+16208604849
+16208697074
+16209268779
+16209515092
+16209576701
+16209799014
+16215570936
+16222553743
+16232079314
+16232084953
+16232085136
+16232085177
+16232159750
+16232235564
+16232239852
+16232270674
+16232320231
+16232330675
+16232348037
+16232350007
+16232391690
+16232391694
+16232391726
+16232425056
+16232425079
+16232531844
+16232535243
+16232574096
+16232591231
+16232656546
+16232670179
+16232693683
+16232812124
+16232832811
+16232891228
+16232912079
+16232939950
+16232952427
+16232998272
+16233002532
+16233002533
+16233033856
+16233035367
+16233038608
+16233043197
+16233088000
+16233213855
+16233214605
+16233214625
+16233232159
+16233367611
+16233493845
+16233631445
+16233885985
+16234008988
+16234011520
+16234277216
+16234281118
+16234325772
+16234328053
+16234328056
+16234328058
+16234328062
+16234328065
+16234328066
+16234557777
+16234567890
+16234715159
+16234717713
+16234760455
+16234924206
+16234988720
+16234999004
+16235004168
+16235265952
+16235333439
+16235371594
+16235371600
+16235371602
+16235371607
+16235468875
+16235474713
+16235524008
+16236245929
+16236320425
+16236337112
+16236946545
+16236963783
+16236964986
+16237072860
+16237283767
+16237382953
+16237450992
+16237451824
+16237451841
+16237451844
+16237453827
+16237457021
+16237457824
+16237459982
+16237485016
+16237487839
+16238151222
+16238463655
+16238501745
+16238665384
+16238670204
+16238756994
+16238795100
+16238826234
+16238826341
+16238858728
+16238860528
+16238872028
+16238872032
+16238875039
+16239001989
+16239001990
+16239006228
+16239074716
+16239077193
+16262059014
+16262059619
+16262059624
+16262072470
+16262091491
+16262098595
+16262102183
+16262130368
+16262252494
+16262253144
+16262338261
+16262397265
+16262397356
+16262397451
+16262397452
+16262397492
+16262431154
+16262431771
+16262437403
+16262447581
+16262478167
+16262490222
+16262548786
+16262631501
+16262634036
+16262644479
+16262653732
+16262655359
+16262655534
+16262680075
+16262886284
+16262892936
+16262988496
+16263130901
+16263131078
+16263194386
+16263219656
+16263328276
+16263336138
+16263336658
+16263388932
+16263410822
+16263492528
+16263640570
+16263640571
+16263738475
+16263750846
+16263839169
+16263874897
+16263879214
+16264072687
+16264190058
+16264259568
+16264259586
+16264297783
+16264363694
+16264373216
+16264375730
+16264379897
+16264619214
+16264636223
+16264657906
+16264710968
+16264743617
+16264871942
+16264959031
+16264959223
+16264974793
+16264975683
+16265092937
+16265210108
+16265210111
+16265215518
+16265242869
+16265249202
+16265257214
+16265386144
+16265386894
+16265440024
+16265445378
+16265445386
+16265445520
+16265445643
+16265445660
+16265449080
+16265450051
+16265487205
+16265504098
+16265513392
+16265547050
+16265563488
+16265567030
+16265614688
+16265636401
+16265695996
+16265714951
+16265749227
+16265831370
+16265878657
+16265907658
+16265920994
+16265944101
+16266022838
+16266127829
+16266127915
+16266184707
+16266267935
+16266289628
+16266312212
+16266315046
+16266616121
+16266686612
+16266711452
+16266788044
+16266917184
+16266919090
+16266994567
+16266994572
+16266994574
+16266994577
+16266994587
+16266998784
+16267094617
+16267179295
+16267233678
+16267233679
+16267233680
+16267346031
+16267346115
+16267393024
+16267703947
+16267889442
+16267927646
+16267997000
+16268041942
+16268123016
+16268400242
+16268407811
+16268407926
+16268407951
+16268693189
+16268737894
+16268737921
+16268737938
+16269239741
+16269603280
+16269636356
+16269782398
+16269782555
+16269880395
+16269886729
+16269951794
+16282010275
+16282035192
+16282037562
+16282044929
+16282122492
+16282137340
+16282200003
+16282202213
+16282226244
+16282262194
+16282322071
+16282322072
+16282322094
+16282322095
+16282390412
+16282422490
+16282422498
+16282567329
+16282590386
+16282591044
+16282596791
+16282615396
+16282615397
+16282682795
+16283001801
+16283001827
+16283336285
+16283336321
+16283336409
+16283336412
+16283336428
+16283336430
+16283336432
+16283336436
+16283336445
+16283336450
+16283336456
+16283336458
+16283336459
+16283336475
+16283336476
+16283336481
+16283336484
+16283336497
+16283881012
+16284323512
+16284323547
+16284323577
+16284339533
+16286268622
+16286297622
+16287410359
+16288889486
+16292064429
+16292069116
+16292105734
+16292155132
+16292174229
+16292221991
+16292221993
+16292221995
+16292221996
+16292221998
+16292301774
+16292536078
+16292629826
+16293331292
+16293353427
+16296538144
+16297728108
+16297728110
+16298006600
+16302053316
+16302063345
+16302131978
+16302168049
+16302168434
+16302192807
+16302314000
+16302314171
+16302372160
+16302395973
+16302429143
+16302463350
+16302464614
+16302474923
+16302568591
+16302603694
+16302791279
+16302837133
+16302931000
+16302966771
+16302976815
+16303039420
+16303157174
+16303180252
+16303183454
+16303183941
+16303184762
+16303200139
+16303222548
+16303266092
+16303267013
+16303268952
+16303328561
+16303328562
+16303489959
+16303603287
+16303644417
+16303730787
+16303811857
+16303942612
+16303948583
+16303959600
+16303962197
+16303962830
+16304018534
+16304018542
+16304018544
+16304018882
+16304055198
+16304056467
+16304071278
+16304090468
+16304102034
+16304151041
+16304255429
+16304258391
+16304272200
+16304298756
+16304309048
+16304397808
+16304398992
+16304421617
+16304452199
+16304466294
+16304497394
+16304540442
+16304571396
+16304631084
+16304672792
+16304813470
+16304829890
+16304899016
+16304899712
+16304910147
+16304920346
+16305090139
+16305097998
+16305120000
+16305130000
+16305140000
+16305160000
+16305184636
+16305184655
+16305196450
+16305196723
+16305221782
+16305234986
+16305260010
+16305268107
+16305282888
+16305295537
+16305338002
+16305365400
+16305424316
+16305432198
+16305532687
+16305571842
+16305761583
+16305820473
+16305909326
+16305945046
+16306182099
+16306214982
+16306219040
+16306258000
+16306322987
+16306348205
+16306357396
+16306422007
+16306539660
+16306565918
+16306565919
+16306571445
+16306608132
+16306617111
+16306745295
+16306835971
+16306998810
+16307016730
+16307031710
+16307096087
+16307096736
+16307121517
+16307287153
+16307414376
+16307491679
+16307550361
+16307565879
+16307571834
+16307657057
+16307801131
+16307891028
+16307930047
+16307933447
+16308004738
+16308101151
+16308122460
+16308321879
+16308399733
+16308474016
+16308599364
+16308599404
+16308632487
+16308669567
+16308691375
+16308830690
+16308834501
+16308939893
+16308956589
+16309017766
+16309045988
+16309067242
+16309148911
+16309148915
+16309241313
+16309249152
+16309264580
+16309299929
+16309311148
+16309345060
+16309846886
+16309883102
+16312010130
+16312037808
+16312065235
+16312093301
+16312107012
+16312107013
+16312107016
+16312136361
+16312139682
+16312231619
+16312234241
+16312234242
+16312234243
+16312287354
+16312289011
+16312289013
+16312289047
+16312289052
+16312289151
+16312289154
+16312289155
+16312289156
+16312300867
+16312301954
+16312303488
+16312303733
+16312304726
+16312305388
+16312305396
+16312324200
+16312340000
+16312373080
+16312383016
+16312383079
+16312383299
+16312384342
+16312398731
+16312400395
+16312400398
+16312434994
+16312479461
+16312485884
+16312510411
+16312570891
+16312571701
+16312609607
+16312678263
+16312706744
+16312730525
+16312741147
+16312777025
+16312921525
+16312955827
+16312961644
+16312963707
+16312971600
+16312972737
+16313058792
+16313063001
+16313063002
+16313063006
+16313063007
+16313134226
+16313180513
+16313180514
+16313182099
+16313183076
+16313183183
+16313186556
+16313187096
+16313187097
+16313187098
+16313187100
+16313187101
+16313187104
+16313187105
+16313188369
+16313188611
+16313207318
+16313283702
+16313286448
+16313286581
+16313316728
+16313331989
+16313397268
+16313435532
+16313464118
+16313464415
+16313531267
+16313534289
+16313534488
+16313549515
+16313549516
+16313549517
+16313594435
+16313868506
+16313874481
+16313924418
+16313933105
+16313970397
+16314001028
+16314029176
+16314029177
+16314029179
+16314029184
+16314029185
+16314029308
+16314029312
+16314054478
+16314057014
+16314065168
+16314071169
+16314103476
+16314103604
+16314103626
+16314104580
+16314120516
+16314127015
+16314165420
+16314165437
+16314174318
+16314174561
+16314242241
+16314370820
+16314373007
+16314404089
+16314406103
+16314407960
+16314502809
+16314508288
+16314605514
+16314606093
+16314606208
+16314606249
+16314606254
+16314663015
+16314663055
+16314663062
+16314663086
+16314663092
+16314793408
+16314802281
+16314812393
+16314859300
+16314859341
+16314929538
+16314947737
+16314987006
+16314988214
+16315030059
+16315037037
+16315037060
+16315037083
+16315040603
+16315050143
+16315053571
+16315067065
+16315067304
+16315081757
+16315108031
+16315150000
+16315173272
+16315173796
+16315173827
+16315186040
+16315207509
+16315207607
+16315207640
+16315207743
+16315207760
+16315240831
+16315276529
+16315276530
+16315285405
+16315328858
+16315380309
+16315421867
+16315620077
+16315692609
+16315695157
+16315708068
+16315934517
+16315971368
+16315997745
+16316040420
+16316040682
+16316040693
+16316049705
+16316049886
+16316049894
+16316049903
+16316098613
+16316098635
+16316099160
+16316138527
+16316138530
+16316138531
+16316151845
+16316156273
+16316158039
+16316169319
+16316169484
+16316183145
+16316215341
+16316256001
+16316295021
+16316358109
+16316358216
+16316360015
+16316385741
+16316470004
+16316489866
+16316498532
+16316532127
+16316533000
+16316570591
+16316579535
+16316689951
+16316741690
+16316761623
+16316761817
+16316850020
+16316850270
+16316877071
+16316905227
+16316906499
+16316931342
+16316931343
+16316934544
+16317011622
+16317295214
+16317295422
+16317295843
+16317310462
+16317317457
+16317348220
+16317556200
+16317598008
+16317600160
+16317606327
+16317710289
+16317759109
+16317766010
+16317781018
+16317826377
+16317915856
+16318063974
+16318086011
+16318086161
+16318152132
+16318162193
+16318207165
+16318375071
+16318550275
+16318550545
+16318613866
+16318628496
+16318639384
+16318639442
+16318639541
+16318650136
+16318652347
+16318661721
+16318809733
+16318862688
+16318876583
+16319279931
+16319346202
+16319387344
+16319449875
+16319449946
+16319449964
+16319449969
+16319470285
+16319542836
+16319543224
+16319544453
+16319564227
+16319632401
+16319653173
+16319683000
+16319734757
+16319790334
+16319822500
+16319829223
+16319829354
+16319833727
+16319834777
+16319836735
+16319890277
+16319957034
+16325120000
+16325170000
+16325190000
+16327434567
+16335170000
+16342961676
+16344828470
+16345100000
+16345120000
+16355170000
+16355180000
+16358626840
+16362006689
+16362044518
+16362063833
+16362121229
+16362162873
+16362162878
+16362182568
+16362230673
+16362243268
+16362243292
+16362315950
+16362349239
+16362362429
+16362382949
+16362431582
+16362434749
+16362438135
+16362440809
+16362487462
+16362493766
+16362592328
+16362622027
+16362625476
+16362714250
+16362714748
+16362746011
+16362748103
+16362779456
+16362906937
+16362944568
+16362990252
+16363191507
+16363191522
+16363212522
+16363235172
+16363236219
+16363238122
+16363317162
+16363466716
+16363524352
+16363734453
+16363739659
+16364109139
+16364296681
+16364480531
+16364487762
+16364610010
+16364893940
+16364896010
+16364926255
+16365100000
+16365130000
+16365171160
+16365180000
+16365418782
+16365870018
+16365911310
+16366141375
+16366285993
+16366690164
+16366691682
+16366858305
+16367301196
+16368278100
+16368560057
+16368751228
+16368755488
+16368755585
+16368755603
+16369223561
+16369323297
+16369472321
+16369808510
+16375120000
+16375150000
+16375160000
+16375170000
+16385150000
+16395100000
+16402047362
+16402360628
+16412067937
+16412231961
+16412367890
+16412433211
+16412472463
+16412750544
+16412758728
+16412986137
+16413165004
+16413238242
+16413514937
+16413663092
+16414030513
+16414508451
+16414508461
+16414585415
+16414721721
+16414898396
+16415190902
+16415218396
+16416828108
+16416912785
+16417327890
+16417511633
+16418008150
+16418008387
+16418123005
+16418631416
+16452155043
+16462006019
+16462019499
+16462020877
+16462021445
+16462053834
+16462056649
+16462056650
+16462056656
+16462056657
+16462057570
+16462132843
+16462132846
+16462132852
+16462132853
+16462132857
+16462170278
+16462174883
+16462174907
+16462174942
+16462174974
+16462218364
+16462256634
+16462330000
+16462332811
+16462404673
+16462416431
+16462485205
+16462485344
+16462485364
+16462489443
+16462530667
+16462551408
+16462560496
+16462573463
+16462573472
+16462573495
+16462573530
+16462573539
+16462573583
+16462573615
+16462574500
+16462575861
+16462593626
+16462706709
+16462748222
+16462831371
+16462926582
+16463133781
+16463133786
+16463157184
+16463176872
+16463196739
+16463198995
+16463215479
+16463311299
+16463352692
+16463372852
+16463406760
+16463408124
+16463432700
+16463471430
+16463505890
+16463507897
+16463507906
+16463508224
+16463511082
+16463511270
+16463553103
+16463553410
+16463553450
+16463553457
+16463553674
+16463554150
+16463554758
+16463554760
+16463571025
+16463571027
+16463571029
+16463571726
+16463584035
+16463598590
+16463621019
+16463621030
+16463621056
+16463621081
+16463625160
+16463665500
+16463670636
+16463670646
+16463670664
+16463670687
+16463671947
+16463671974
+16463680866
+16463680868
+16463685542
+16463685546
+16463685563
+16463687598
+16463688043
+16463688608
+16463691369
+16463691374
+16463691396
+16463691403
+16463699259
+16463741923
+16463763591
+16463780795
+16463780797
+16463781080
+16463784183
+16463784858
+16463881469
+16463890143
+16463897916
+16463928053
+16463929504
+16463934363
+16463949002
+16463949019
+16463949223
+16463949346
+16463949367
+16463950157
+16463950173
+16463950207
+16463950302
+16463950411
+16463950593
+16463951103
+16463959909
+16463960948
+16463961307
+16463961785
+16463963067
+16463967357
+16463967392
+16463967418
+16463968342
+16463968356
+16463969791
+16463971383
+16463977111
+16464010259
+16464034683
+16464034805
+16464034877
+16464179573
+16464194291
+16464324726
+16464325729
+16464340657
+16464345350
+16464346445
+16464346793
+16464347211
+16464347966
+16464371021
+16464386452
+16464480334
+16464488800
+16464497100
+16464530106
+16464536038
+16464536181
+16464536293
+16464558531
+16464613551
+16464623606
+16464624167
+16464666860
+16464676665
+16464811548
+16464814949
+16464815953
+16464818940
+16464868490
+16464912683
+16464916857
+16464931479
+16464941216
+16464944231
+16464944795
+16464959904
+16464994472
+16465025156
+16465026605
+16465026834
+16465026861
+16465026865
+16465028421
+16465029187
+16465029340
+16465031422
+16465031649
+16465063743
+16465064907
+16465064978
+16465132382
+16465132855
+16465132938
+16465170254
+16465170956
+16465173672
+16465173935
+16465174584
+16465174770
+16465175391
+16465175498
+16465175554
+16465175573
+16465175587
+16465175588
+16465175590
+16465175593
+16465176788
+16465177329
+16465177339
+16465177350
+16465177385
+16465177393
+16465177397
+16465177408
+16465177412
+16465177568
+16465177574
+16465178171
+16465244749
+16465246575
+16465436910
+16465452595
+16465474318
+16465478602
+16465531570
+16465566556
+16465568245
+16465568262
+16465585620
+16465586543
+16465586671
+16465586749
+16465586755
+16465586778
+16465586793
+16465586957
+16465596166
+16465596167
+16465603180
+16465604498
+16465642499
+16465645591
+16465681992
+16465687550
+16465687776
+16465689205
+16465710717
+16465751552
+16465822989
+16465827104
+16465830725
+16465830754
+16465831243
+16465831335
+16465831812
+16465832033
+16465832176
+16465832214
+16465832215
+16465832356
+16465832454
+16465834319
+16465835480
+16465850245
+16465850246
+16465852004
+16465855665
+16465863720
+16465868908
+16465869540
+16465869787
+16465881663
+16465881773
+16465889576
+16465890194
+16465890698
+16465890699
+16465913602
+16465937695
+16465937932
+16465938117
+16465963325
+16465983920
+16465997838
+16466005168
+16466008266
+16466047796
+16466047806
+16466047827
+16466049033
+16466049529
+16466062649
+16466105000
+16466123444
+16466123456
+16466163393
+16466168810
+16466188351
+16466276987
+16466294235
+16466296446
+16466308240
+16466308241
+16466308993
+16466308995
+16466308996
+16466308997
+16466309986
+16466334518
+16466478123
+16466478125
+16466478343
+16466503032
+16466503963
+16466503964
+16466503969
+16466526969
+16466527215
+16466527729
+16466570540
+16466571247
+16466571489
+16466571577
+16466572674
+16466573622
+16466577379
+16466612726
+16466612738
+16466613183
+16466614980
+16466636001
+16466636659
+16466637229
+16466637249
+16466637251
+16466637330
+16466637336
+16466637338
+16466637907
+16466637909
+16466637916
+16466637925
+16466637942
+16466637944
+16466657301
+16466663067
+16466663134
+16466686744
+16466784169
+16466794752
+16466800873
+16466800874
+16466820817
+16466820910
+16466820911
+16466820912
+16466820913
+16466820915
+16466820916
+16466877845
+16466882919
+16466883140
+16466885059
+16466885482
+16466885492
+16466891325
+16466891347
+16466934014
+16466934804
+16466939638
+16467127309
+16467128016
+16467128141
+16467220244
+16467224669
+16467287594
+16467361779
+16467400186
+16467400686
+16467412433
+16467413328
+16467418759
+16467419156
+16467448865
+16467518210
+16467518689
+16467527753
+16467571286
+16467571326
+16467571394
+16467571552
+16467571629
+16467571643
+16467571910
+16467571975
+16467578237
+16467594938
+16467598953
+16467604385
+16467604418
+16467605354
+16467605375
+16467605377
+16467605378
+16467605902
+16467607348
+16467621841
+16467668598
+16467669781
+16467699055
+16467699056
+16467699057
+16467765835
+16467796655
+16467796680
+16467796681
+16467798824
+16467798827
+16467798830
+16467813461
+16467813562
+16467813677
+16467818360
+16467818758
+16467831989
+16467832990
+16467865292
+16467869211
+16467870498
+16467879977
+16467911747
+16467972763
+16467973008
+16467975733
+16467988400
+16467999085
+16468016345
+16468016543
+16468020780
+16468023800
+16468074978
+16468083447
+16468099629
+16468136882
+16468137886
+16468176464
+16468205486
+16468282560
+16468284072
+16468301730
+16468375745
+16468377462
+16468380896
+16468435426
+16468442068
+16468442993
+16468449090
+16468453786
+16468472357
+16468474918
+16468494750
+16468499941
+16468510096
+16468545799
+16468548214
+16468548217
+16468548461
+16468569319
+16468596198
+16468620862
+16468663666
+16468669198
+16468670652
+16468689117
+16468726754
+16468736264
+16468760617
+16468784169
+16468808585
+16468809179
+16468809188
+16468832008
+16468833426
+16468839421
+16468850551
+16468850649
+16468912992
+16468920567
+16468928751
+16468929793
+16468930568
+16468932704
+16468932744
+16468932752
+16468936580
+16468937606
+16468956225
+16468956298
+16468956830
+16468976140
+16469024632
+16469048982
+16469050011
+16469050811
+16469110208
+16469150645
+16469179433
+16469181845
+16469185448
+16469185492
+16469185596
+16469185627
+16469185702
+16469185883
+16469235594
+16469271197
+16469307434
+16469308909
+16469309735
+16469311949
+16469346020
+16469346237
+16469346528
+16469346633
+16469348657
+16469375800
+16469414031
+16469464041
+16469632464
+16469682759
+16469706544
+16469741939
+16469801814
+16469820993
+16469931179
+16472412510
+16473616581
+16473678729
+16473757706
+16474907060
+16474913153
+16476977671
+16477708961
+16477741242
+16477973652
+16478094247
+16482956947
+16493581276
+16494392120
+16497985214
+16502001777
+16502004727
+16502030000
+16502065555
+16502094591
+16502139764
+16502144578
+16502155111
+16502155134
+16502167676
+16502219889
+16502325673
+16502356334
+16502378745
+16502378806
+16502378810
+16502378814
+16502378831
+16502378834
+16502389348
+16502389379
+16502389971
+16502389972
+16502411585
+16502455120
+16502488548
+16502491233
+16502497280
+16502530000
+16502546505
+16502572138
+16502573341
+16502577220
+16502621221
+16502631510
+16502636534
+16502674601
+16502684052
+16502764060
+16502778963
+16502784402
+16502784439
+16502788003
+16502801457
+16502822090
+16502822091
+16502822487
+16502840972
+16502851001
+16502851781
+16502854761
+16502858147
+16502869728
+16502886245
+16502920276
+16502974921
+16503007989
+16503007996
+16503040476
+16503069586
+16503292161
+16503577485
+16503601134
+16503624995
+16503653691
+16503669616
+16503725849
+16503725866
+16503923195
+16503962884
+16503970933
+16503979316
+16503993269
+16504051057
+16504099532
+16504127471
+16504251883
+16504377714
+16504379737
+16504388239
+16504466466
+16504497379
+16504497397
+16504504940
+16504510953
+16504538505
+16504585498
+16504619435
+16504642717
+16504698066
+16504742130
+16504791694
+16504791726
+16504793031
+16504793051
+16504870950
+16504870955
+16504885442
+16504888589
+16504891009
+16504891057
+16504891066
+16504891118
+16504903991
+16504919756
+16504943400
+16504974865
+16505000102
+16505034700
+16505146654
+16505177482
+16505256008
+16505307227
+16505323650
+16505327440
+16505333015
+16505392949
+16505663877
+16506115932
+16506189798
+16506454800
+16506458930
+16506797612
+16506798454
+16506853000
+16506976190
+16507011984
+16507021059
+16507021070
+16507152347
+16507270412
+16507276623
+16507276730
+16507311381
+16507398389
+16507412356
+16507528445
+16507528839
+16507538312
+16507539861
+16507547994
+16507580698
+16507597815
+16507698664
+16507982800
+16507986180
+16508006172
+16508226311
+16508329495
+16508351094
+16508351303
+16508528358
+16508642635
+16508870260
+16508882696
+16508894349
+16509004155
+16509005424
+16509219767
+16509357220
+16509529062
+16509847001
+16509848878
+16512014982
+16512037722
+16512045743
+16512123170
+16512127172
+16512127509
+16512229257
+16512265566
+16512374940
+16512401841
+16512516300
+16512694821
+16512730795
+16512758051
+16512769526
+16512834051
+16512834408
+16513000995
+16513017423
+16513027643
+16513046821
+16513098296
+16513137195
+16513137198
+16513158237
+16513183306
+16513183589
+16513183923
+16513263218
+16513334066
+16513334976
+16513368724
+16513375214
+16513386741
+16513428460
+16513460471
+16513467025
+16513495310
+16513621714
+16513763863
+16513766736
+16513819618
+16513832807
+16513884121
+16513884123
+16514010441
+16514010608
+16514013273
+16514042431
+16514044445
+16514101096
+16514105573
+16514105587
+16514105588
+16514148203
+16514240010
+16514240038
+16514263444
+16514295783
+16514337041
+16514429862
+16514482381
+16514488712
+16514515843
+16514575746
+16514587952
+16514614807
+16514725594
+16514866293
+16515292479
+16515381913
+16516053787
+16516151737
+16516369394
+16516398992
+16516613374
+16516661006
+16516661990
+16516661995
+16516661997
+16516743621
+16517570504
+16517621858
+16517623254
+16517623400
+16517623466
+16517623474
+16517623478
+16517698765
+16517701040
+16517771223
+16517788387
+16517970955
+16518292567
+16518292611
+16518293418
+16518298498
+16519271999
+16523658974
+16528795646
+16543746925
+16562331857
+16563407110
+16572025151
+16572026415
+16572026675
+16572026676
+16572029364
+16572029365
+16572043811
+16572050479
+16572056955
+16572064137
+16572069119
+16572075193
+16572081012
+16572148386
+16572148465
+16572158899
+16572169370
+16572180641
+16572201612
+16572201614
+16572201616
+16572201617
+16572201618
+16572201619
+16572201622
+16572201679
+16572228337
+16572302953
+16572307433
+16572307525
+16572307530
+16572307531
+16572307532
+16572308628
+16572323832
+16572339593
+16572347283
+16572359124
+16572372837
+16572372855
+16572372875
+16572393324
+16572423905
+16572426731
+16572544255
+16572551621
+16572623433
+16572711023
+16572711026
+16572711053
+16572711054
+16572711056
+16572711058
+16572711060
+16572711069
+16572787224
+16572962982
+16572962991
+16572965147
+16572965199
+16573124591
+16573215186
+16573420557
+16573528785
+16573845139
+16573871235
+16573871461
+16573936527
+16573948038
+16574003217
+16574180589
+16574271425
+16574277141
+16574440412
+16574642621
+16574642623
+16575085523
+16575093423
+16575326915
+16575493433
+16575495747
+16575495757
+16575495774
+16575495778
+16575495806
+16576501745
+16578004950
+16578004952
+16578590616
+16578597796
+16578597813
+16578597816
+16592000283
+16592015229
+16592212013
+16596780209
+16598745821
+16599000022
+16602142198
+16602244536
+16602244766
+16602349143
+16602383754
+16602685987
+16602790828
+16602830098
+16603246019
+16604927108
+16605281798
+16605300656
+16605303104
+16605308703
+16605800417
+16606199009
+16606724410
+16607860018
+16607870481
+16608229008
+16608229012
+16608229014
+16608515491
+16608574329
+16608692368
+16609241679
+16609749026
+16612062161
+16612063549
+16612134243
+16612136941
+16612145542
+16612148534
+16612149318
+16612159206
+16612190688
+16612214049
+16612286066
+16612330655
+16612383090
+16612418541
+16612463781
+16612464298
+16612470124
+16612470143
+16612478022
+16612493020
+16612494351
+16612494352
+16612494353
+16612506995
+16612591320
+16612596970
+16612632935
+16612639214
+16612702209
+16612721249
+16612810977
+16612830148
+16612987949
+16613060021
+16613060056
+16613060946
+16613107514
+16613188328
+16613282939
+16613398631
+16613605887
+16613611793
+16613671939
+16613718943
+16613720594
+16613739653
+16613807328
+16613935178
+16613963480
+16614120623
+16614131022
+16614135107
+16614135323
+16614185002
+16614207040
+16614262918
+16614340655
+16614384127
+16614439916
+16614511076
+16614538325
+16614538329
+16614538330
+16614623541
+16614627983
+16614632393
+16614665571
+16614698014
+16614698021
+16614744439
+16614753239
+16614763032
+16614763043
+16614763044
+16614763071
+16614763072
+16614763073
+16614788832
+16614833109
+16614918572
+16614932152
+16614939880
+16614952683
+16614964014
+16614988251
+16615241232
+16615260472
+16615262031
+16615262996
+16615267818
+16615339738
+16615453250
+16615520555
+16615541354
+16615581332
+16615745519
+16615882543
+16616017021
+16616152466
+16616176717
+16616226769
+16616332113
+16616366521
+16616549543
+16616629460
+16616702564
+16616702568
+16616702571
+16616702575
+16616702591
+16616702601
+16616702602
+16616702606
+16616702607
+16616744627
+16616753324
+16616781490
+16616997576
+16617214527
+16617224915
+16617263202
+16617291042
+16617310126
+16617480240
+16617480280
+16617525533
+16617656831
+16617719313
+16617739263
+16617942109
+16617999163
+16618294545
+16618298920
+16618367673
+16618473237
+16618757649
+16618789662
+16618853879
+16619006969
+16619421701
+16619431237
+16619525830
+16619858788
+16622032000
+16622144080
+16622148931
+16622346331
+16622362535
+16622378455
+16622378457
+16622384076
+16622384078
+16622384149
+16622384367
+16622386733
+16622441117
+16622462310
+16622545319
+16622553743
+16622659625
+16622984401
+16623035215
+16623043864
+16623051566
+16623457683
+16623462578
+16623786400
+16624084000
+16624222552
+16624272143
+16624272144
+16624274470
+16624422552
+16624693260
+16624766186
+16624830969
+16625227336
+16625401299
+16625461274
+16625461420
+16626072784
+16626385821
+16627350265
+16627521397
+16627710178
+16627880761
+16628204210
+16628304727
+16628432667
+16628837649
+16628894046
+16628895696
+16628937163
+16629311973
+16629314779
+16629954206
+16629964869
+16666666666
+16672017962
+16672065646
+16672067012
+16672067079
+16672067773
+16672072713
+16672078186
+16672175671
+16672182235
+16672182239
+16672193879
+16672211787
+16672220157
+16672225464
+16672400818
+16672414093
+16672414532
+16672414917
+16672458187
+16672549233
+16672567307
+16672567759
+16672609166
+16672626099
+16672629755
+16672754640
+16672754648
+16672754939
+16672764022
+16672880697
+16672909060
+16672940553
+16673032519
+16673070179
+16673070183
+16673079041
+16673083980
+16673083986
+16673083989
+16673089517
+16673089518
+16673089519
+16673091036
+16673314969
+16673515561
+16673542998
+16673543116
+16673543944
+16673609166
+16673642996
+16674013520
+16674013913
+16674016593
+16674083047
+16674352352
+16674442035
+16674444089
+16677226328
+16677715895
+16677717584
+16677719102
+16678881764
+16678995867
+16679300344
+16679300346
+16679300850
+16682734854
+16692012498
+16692040132
+16692108862
+16692150184
+16692150195
+16692250528
+16692301060
+16692312023
+16692330055
+16692330056
+16692330062
+16692354484
+16692373575
+16692373665
+16692384291
+16692384304
+16692384322
+16692384335
+16692384352
+16692384843
+16692412767
+16692792203
+16692942229
+16712514588
+16737013601
+16767887878
+16768489389
+16776148297
+16782010256
+16782031573
+16782032814
+16782032865
+16782032880
+16782032881
+16782032965
+16782033289
+16782106022
+16782106257
+16782186367
+16782235777
+16782248818
+16782249096
+16782283432
+16782284876
+16782454490
+16782509693
+16782509699
+16782611817
+16782612703
+16782612997
+16782613233
+16782613285
+16782613311
+16782613417
+16782613481
+16782613581
+16782613613
+16782614132
+16782614353
+16782614549
+16782615475
+16782615618
+16782615816
+16782616001
+16782616003
+16782616191
+16782616412
+16782616457
+16782616461
+16782617060
+16782617082
+16782617085
+16782637978
+16782648070
+16782653904
+16782735206
+16782743667
+16782758939
+16782767161
+16782767936
+16782767970
+16782768998
+16782787970
+16782795732
+16782795747
+16782883400
+16782982073
+16782990750
+16783006075
+16783040724
+16783045088
+16783101114
+16783180011
+16783180014
+16783180794
+16783180802
+16783180818
+16783180820
+16783181896
+16783219589
+16783254992
+16783256177
+16783256274
+16783293608
+16783350445
+16783377663
+16783387348
+16783390376
+16783451230
+16783453030
+16783454545
+16783593968
+16783647921
+16783650281
+16783650283
+16783650478
+16783650480
+16783673798
+16783717672
+16783746680
+16783794433
+16783795439
+16783853900
+16783874425
+16783894076
+16783894197
+16783905464
+16783941048
+16783943862
+16783999709
+16784020725
+16784030638
+16784030654
+16784030843
+16784030932
+16784031089
+16784059009
+16784059170
+16784059286
+16784059374
+16784080326
+16784093374
+16784124005
+16784484546
+16784484557
+16784531815
+16784531823
+16784531924
+16784561323
+16784592042
+16784592053
+16784592127
+16784592151
+16784599800
+16784666005
+16784783312
+16784872800
+16784878398
+16784921635
+16784963658
+16784967474
+16784967561
+16784967566
+16785039461
+16785048569
+16785051228
+16785182904
+16785237893
+16785280055
+16785281219
+16785336149
+16785346997
+16785404570
+16785418648
+16785418714
+16785439142
+16785682754
+16785736894
+16785806905
+16785878928
+16786068184
+16786080524
+16786082220
+16786082445
+16786082459
+16786083262
+16786083557
+16786083974
+16786094869
+16786116130
+16786181378
+16786187449
+16786193013
+16786264820
+16786313512
+16786373809
+16786441592
+16786478802
+16786481912
+16786492001
+16786492017
+16786615467
+16786712124
+16786713912
+16786725440
+16786793123
+16786793809
+16786819415
+16786865618
+16786946000
+16787015965
+16787015998
+16787016753
+16787091354
+16787107085
+16787123477
+16787124059
+16787233809
+16787234288
+16787252492
+16787306610
+16787324732
+16787339947
+16787434112
+16787439452
+16787455473
+16787526016
+16787527538
+16787537727
+16787585242
+16787639922
+16787766174
+16787811961
+16787835641
+16787835644
+16787837318
+16787837378
+16787838420
+16787863280
+16787869575
+16787924522
+16787929362
+16787988701
+16788028421
+16788048787
+16788056041
+16788062767
+16788062848
+16788083687
+16788085824
+16788090379
+16788092785
+16788095251
+16788161650
+16788181166
+16788215977
+16788253749
+16788262485
+16788304039
+16788313418
+16788348275
+16788377953
+16788405784
+16788424283
+16788554056
+16788554321
+16788557320
+16788660669
+16788710877
+16788783960
+16788804078
+16788820884
+16788820920
+16788821265
+16788841809
+16788842037
+16788842707
+16788842710
+16788842938
+16788859750
+16788882926
+16788885247
+16788942561
+16788949573
+16788994047
+16788996167
+16789031004
+16789050651
+16789081921
+16789094713
+16789097363
+16789165568
+16789168382
+16789184908
+16789189671
+16789193104
+16789193395
+16789193402
+16789193412
+16789193475
+16789193514
+16789193535
+16789193594
+16789193732
+16789193757
+16789405384
+16789495034
+16789495882
+16789495971
+16789528081
+16789602506
+16789610452
+16789670494
+16789670746
+16789689619
+16789698400
+16789908456
+16789921272
+16789922430
+16789996085
+16802650174
+16808002221
+16812152565
+16812174194
+16812282017
+16812282238
+16813028464
+16813028475
+16813028525
+16813157403
+16814588926
+16816420472
+16816901803
+16817534968
+16822006563
+16822006806
+16822013303
+16822052766
+16822052768
+16822052776
+16822052799
+16822072023
+16822072716
+16822144868
+16822171104
+16822171109
+16822171114
+16822171116
+16822171118
+16822171541
+16822182703
+16822190280
+16822190297
+16822190574
+16822304965
+16822374229
+16822441117
+16822479064
+16822510151
+16822532449
+16822532760
+16822536131
+16822537024
+16822671861
+16822671863
+16822671866
+16822671882
+16822671885
+16822671946
+16822671995
+16823019015
+16823021589
+16823213191
+16823380286
+16823574697
+16823690366
+16824447839
+16824447843
+16824447858
+16824447863
+16824447880
+16824447887
+16824599847
+16824785396
+16824983412
+16824985025
+16824985026
+16824999182
+16824999183
+16824999978
+16825031332
+16825031659
+16825033495
+16825876162
+16826284132
+16826284260
+16826284314
+16826284554
+16826284581
+16826284629
+16826284721
+16826284755
+16826284784
+16827028279
+16827038118
+16827038278
+16827038279
+16827038284
+16827100706
+16827100977
+16827156948
+16827158160
+16827772847
+16827775781
+16828024881
+16828047017
+16828084613
+16828084783
+16828880775
+16833684297
+16852052766
+16862564779
+16863575639
+16892028210
+16892082887
+16892082889
+16892085569
+16892156272
+16892180027
+16892222985
+16892232002
+16892235727
+16892402234
+16892818249
+16893104232
+16894079243
+16895298216
+16897157062
+16897320227
+16966669600
+16966669620
+17002329722
+17012020275
+17012047128
+17012047328
+17012051032
+17012068995
+17012069855
+17012077118
+17012143347
+17012203389
+17012208591
+17012231587
+17012236362
+17012241658
+17012359996
+17012481059
+17012481143
+17012481144
+17012481220
+17012481459
+17012481476
+17012481740
+17012481746
+17012481752
+17012481757
+17012481766
+17012484078
+17012484089
+17012484102
+17012487111
+17012530041
+17012530043
+17012530045
+17012530048
+17012530050
+17012530055
+17012555527
+17012563000
+17012632487
+17012632585
+17012636384
+17012645002
+17012645018
+17012648209
+17012649202
+17012811975
+17012819559
+17012822175
+17012822189
+17012823917
+17013141717
+17013192256
+17013219493
+17013325458
+17013431120
+17013431970
+17013532639
+17013532667
+17013537112
+17013540124
+17013541206
+17013541207
+17013547218
+17013556555
+17013692089
+17013769562
+17013916753
+17013931113
+17014012770
+17014191549
+17014362581
+17014917831
+17014924543
+17014955806
+17015157966
+17015260982
+17015270147
+17015527507
+17015527753
+17015527764
+17015570322
+17015570353
+17015579264
+17015579308
+17015579417
+17015756305
+17015757093
+17015757114
+17015759013
+17015759108
+17015877112
+17015877114
+17015902558
+17015941159
+17016075405
+17016380181
+17016455010
+17016457955
+17016600201
+17016600703
+17016607003
+17016669203
+17016944962
+17016957270
+17017399492
+17017512056
+17017793067
+17018011262
+17018013101
+17018050030
+17018050094
+17018050384
+17018050472
+17018050473
+17018050495
+17018090439
+17018295109
+17018330542
+17018438854
+17018834430
+17018927092
+17018972533
+17018991630
+17019347535
+17019401078
+17019401342
+17019401734
+17019412642
+17019483764
+17019656210
+17019897538
+17019897974
+17019972951
+17022015225
+17022082059
+17022082750
+17022082881
+17022082954
+17022092307
+17022128489
+17022218826
+17022242006
+17022242649
+17022242665
+17022282471
+17022359704
+17022387555
+17022462605
+17022484080
+17022576363
+17022609594
+17022631135
+17022669128
+17022669401
+17022676295
+17022682219
+17022682700
+17022684322
+17022724699
+17022733022
+17022733350
+17022912824
+17022917113
+17022917138
+17022976152
+17022995593
+17022996022
+17022996023
+17022996042
+17022996047
+17022996049
+17022996073
+17022996123
+17022996132
+17022996162
+17023072017
+17023230067
+17023234408
+17023235016
+17023273510
+17023304012
+17023311647
+17023312217
+17023316137
+17023318335
+17023318536
+17023332223
+17023349662
+17023371367
+17023374789
+17023408042
+17023421152
+17023471897
+17023525044
+17023580732
+17023590187
+17023593372
+17023593479
+17023593885
+17023594293
+17023595524
+17023595643
+17023596296
+17023596298
+17023599772
+17023599999
+17023622936
+17023635402
+17023670012
+17023682476
+17023779417
+17023780319
+17023810079
+17023811062
+17023830813
+17023893889
+17023893981
+17023954407
+17024025555
+17024058626
+17024058667
+17024090259
+17024107513
+17024107566
+17024202227
+17024252676
+17024254748
+17024256712
+17024258845
+17024259228
+17024301649
+17024302542
+17024302970
+17024304995
+17024306954
+17024309659
+17024398874
+17024402289
+17024405807
+17024410597
+17024444765
+17024444939
+17024460792
+17024516100
+17024566637
+17024585632
+17024588888
+17024592056
+17024727151
+17024727305
+17024727313
+17024728011
+17024728951
+17024729198
+17024731643
+17024731648
+17024755669
+17024758062
+17024758872
+17024761300
+17024789528
+17024791486
+17024795691
+17024873990
+17024874730
+17024879202
+17024890714
+17024890964
+17024903575
+17025004836
+17025054024
+17025085113
+17025085254
+17025085286
+17025143037
+17025144072
+17025147157
+17025161977
+17025181996
+17025202307
+17025275588
+17025285139
+17025294410
+17025294955
+17025307657
+17025346075
+17025404465
+17025417088
+17025460428
+17025467253
+17025467288
+17025467314
+17025467443
+17025467585
+17025510594
+17025510664
+17025510940
+17025520081
+17025530707
+17025532599
+17025534817
+17025605734
+17025704318
+17025760050
+17025760430
+17025760436
+17025770871
+17025779740
+17025779787
+17025826093
+17025835515
+17026020070
+17026020413
+17026024427
+17026050027
+17026054445
+17026083597
+17026085936
+17026088509
+17026145900
+17026230410
+17026237045
+17026237916
+17026256326
+17026338015
+17026371500
+17026377754
+17026431258
+17026436033
+17026452692
+17026496097
+17026565919
+17026595223
+17026605339
+17026656105
+17026669433
+17026736164
+17026759656
+17026773940
+17026848800
+17027012538
+17027020202
+17027033853
+17027035181
+17027060279
+17027068918
+17027072730
+17027077602
+17027077660
+17027103368
+17027104667
+17027140648
+17027150544
+17027180154
+17027180417
+17027184249
+17027217687
+17027225040
+17027282691
+17027283620
+17027283629
+17027317110
+17027363063
+17027442868
+17027451144
+17027490530
+17027490532
+17027491107
+17027493001
+17027493004
+17027493838
+17027510248
+17027510793
+17027518389
+17027518623
+17027518629
+17027518982
+17027520491
+17027543332
+17027544577
+17027570839
+17027571857
+17027572215
+17027572405
+17027572407
+17027572716
+17027573385
+17027573386
+17027573788
+17027582977
+17027614446
+17027650461
+17027654912
+17027661786
+17027662334
+17027662335
+17027662405
+17027719635
+17027737444
+17027752411
+17027757757
+17027775555
+17027790001
+17027790997
+17027806653
+17027817001
+17027818307
+17027818338
+17027818339
+17027818796
+17027818963
+17027844600
+17027860314
+17027864058
+17027864810
+17027890874
+17027890877
+17027897268
+17027932227
+17027932255
+17027999136
+17028095422
+17028111282
+17028150478
+17028150484
+17028152394
+17028175024
+17028190491
+17028196208
+17028199025
+17028200858
+17028202203
+17028205986
+17028230521
+17028258543
+17028258544
+17028264982
+17028265454
+17028274699
+17028274731
+17028283111
+17028291279
+17028291432
+17028292156
+17028292158
+17028293001
+17028304564
+17028304690
+17028305295
+17028309151
+17028309682
+17028324798
+17028345756
+17028349676
+17028389354
+17028400747
+17028404541
+17028404597
+17028422890
+17028435452
+17028446920
+17028477015
+17028514793
+17028521494
+17028541378
+17028578149
+17028593013
+17028669029
+17028675309
+17028716109
+17028747782
+17028792180
+17028799839
+17028799915
+17028943269
+17028998821
+17029009996
+17029017448
+17029062888
+17029111221
+17029131471
+17029194675
+17029196202
+17029308144
+17029308405
+17029319822
+17029323860
+17029362860
+17029363645
+17029411970
+17029438843
+17029447038
+17029600868
+17029601998
+17029604386
+17029630089
+17029631132
+17029639360
+17029641781
+17029641996
+17029662204
+17029785586
+17029786182
+17029786907
+17029787879
+17029791180
+17029791920
+17029793126
+17029831171
+17029831181
+17029831330
+17029831332
+17029832098
+17029888025
+17029923051
+17029930399
+17029968087
+17029968104
+17029968203
+17029968337
+17029968550
+17029991154
+17032091995
+17032105376
+17032138336
+17032146359
+17032153993
+17032210703
+17032296225
+17032361550
+17032395801
+17032396351
+17032396369
+17032461503
+17032494607
+17032494776
+17032495413
+17032496524
+17032517400
+17032537016
+17032545579
+17032558062
+17032571585
+17032593418
+17032606318
+17032671000
+17032671170
+17032671200
+17032704654
+17032724669
+17032724699
+17032735892
+17032794654
+17032810176
+17032910477
+17032911699
+17032918829
+17032919021
+17032919049
+17032974460
+17032978984
+17033125630
+17033320600
+17033368450
+17033443779
+17033450575
+17033482296
+17033482614
+17033482956
+17033484951
+17033485565
+17033485974
+17033485976
+17033486253
+17033486954
+17033493667
+17033597878
+17033599999
+17033607062
+17033692158
+17033720029
+17033720778
+17033720787
+17033720799
+17033720821
+17033821030
+17033821031
+17033821033
+17033830409
+17033980778
+17033981058
+17033981528
+17034016436
+17034017143
+17034024280
+17034339336
+17034365025
+17034369452
+17034540297
+17034540299
+17034540309
+17034540315
+17034540563
+17034540676
+17034540996
+17034556844
+17034578133
+17034599332
+17034599372
+17034684191
+17034684360
+17034688642
+17034784834
+17034784837
+17034820623
+17034839305
+17034853114
+17034964986
+17034974639
+17034975000
+17035168320
+17035202164
+17035318545
+17035318609
+17035421703
+17035421721
+17035421723
+17035421734
+17035421737
+17035429086
+17035440870
+17035442025
+17035442703
+17035447409
+17035496946
+17035529571
+17035652214
+17035653146
+17035742014
+17035744063
+17035747231
+17035747643
+17035768270
+17035798475
+17035816652
+17035844993
+17035845612
+17035947410
+17035952251
+17035952597
+17035963160
+17036084776
+17036224937
+17036227397
+17036241593
+17036250327
+17036252130
+17036261287
+17036279388
+17036309217
+17036340289
+17036340315
+17036349838
+17036379245
+17036434739
+17036460635
+17036569842
+17036569860
+17036598367
+17036599155
+17036599196
+17036619032
+17036619034
+17036619557
+17036628226
+17036628272
+17036628286
+17036628289
+17036628332
+17036628334
+17036628336
+17036628338
+17036629283
+17036634117
+17036651990
+17036653575
+17036654236
+17036655830
+17036721486
+17036727875
+17036728098
+17036812369
+17036829601
+17036886707
+17036910391
+17037057588
+17037059530
+17037177750
+17037198868
+17037215080
+17037221317
+17037227090
+17037373724
+17037379422
+17037437978
+17037501000
+17037534990
+17037537890
+17037566663
+17037630350
+17037634576
+17037634712
+17037752654
+17037758000
+17037758001
+17037758002
+17037758005
+17037758006
+17037758056
+17037758897
+17037758916
+17037785300
+17037785306
+17037829669
+17037835302
+17037898101
+17037911744
+17037955364
+17038178985
+17038195264
+17038238134
+17038260240
+17038280265
+17038280306
+17038280309
+17038280314
+17038280317
+17038280319
+17038280410
+17038280417
+17038280419
+17038280423
+17038280427
+17038280433
+17038280434
+17038280435
+17038280605
+17038280608
+17038280616
+17038289151
+17038289152
+17038290487
+17038297101
+17038359070
+17038377092
+17038401403
+17038441760
+17038441762
+17038445533
+17038445862
+17038446526
+17038447334
+17038531608
+17038531613
+17038575354
+17038652004
+17038665625
+17038674641
+17038793076
+17038796684
+17038797010
+17038797127
+17038797147
+17038797215
+17038798361
+17038798941
+17038842788
+17038849215
+17038861047
+17038869880
+17038885815
+17038894961
+17038904265
+17039120781
+17039151806
+17039214473
+17039214476
+17039214478
+17039354791
+17039362996
+17039364931
+17039368548
+17039414785
+17039447704
+17039521174
+17039527568
+17039571720
+17039576460
+17039577359
+17039577898
+17039722447
+17039725240
+17039728604
+17039728840
+17039728954
+17039800585
+17039826580
+17039826854
+17039826895
+17039862030
+17039884787
+17039886387
+17039887048
+17039930230
+17039930349
+17042002289
+17042060714
+17042068503
+17042070646
+17042070866
+17042084481
+17042084899
+17042099609
+17042201702
+17042280512
+17042280513
+17042304295
+17042337925
+17042378431
+17042396653
+17042409161
+17042435004
+17042474097
+17042568703
+17042572152
+17042572153
+17042573534
+17042573549
+17042641150
+17042641299
+17042666354
+17042669982
+17042698594
+17042706895
+17042708193
+17042723252
+17042743871
+17042796205
+17042856399
+17042881873
+17043152585
+17043153749
+17043155838
+17043184516
+17043197188
+17043223622
+17043261848
+17043264132
+17043442866
+17043688607
+17043861709
+17044088122
+17044097001
+17044130344
+17044130345
+17044132419
+17044132759
+17044243000
+17044389994
+17044455014
+17044477091
+17044577698
+17044579278
+17044602468
+17044612960
+17044644833
+17044695247
+17044702337
+17044766683
+17044893897
+17044922716
+17044949855
+17044964403
+17044993032
+17044993037
+17044994850
+17044996234
+17044998975
+17045023290
+17045024101
+17045047026
+17045047039
+17045099087
+17045121222
+17045274158
+17045502257
+17045502483
+17045502529
+17045502573
+17045502575
+17045502587
+17045502600
+17045502626
+17045502747
+17045502800
+17045502809
+17045502894
+17045502916
+17045502918
+17045502932
+17045502968
+17045502972
+17045503088
+17045503110
+17045503116
+17045503121
+17045503140
+17045503146
+17045503153
+17045503162
+17045503205
+17045503210
+17045503216
+17045503227
+17045503233
+17045503239
+17045503245
+17045503255
+17045503279
+17045503280
+17045503292
+17045503294
+17045503303
+17045503312
+17045503324
+17045503336
+17045503339
+17045503351
+17045503352
+17045503356
+17045503368
+17045503417
+17045503420
+17045503424
+17045503433
+17045503436
+17045503442
+17045537146
+17045858962
+17045881105
+17045944739
+17046079698
+17046108894
+17046108895
+17046225373
+17046261435
+17046266138
+17046545761
+17046594703
+17046594812
+17046643711
+17046651158
+17046655033
+17046786835
+17046910042
+17046922023
+17046975551
+17047024051
+17047043382
+17047051293
+17047290405
+17047414020
+17047450151
+17047457574
+17047555868
+17047641127
+17047646565
+17047695384
+17047783368
+17047789989
+17048000038
+17048025015
+17048025638
+17048062443
+17048316450
+17048316513
+17048401490
+17048412424
+17048423066
+17048505005
+17048577955
+17048704602
+17048860594
+17048970312
+17048970332
+17048970775
+17048970776
+17048970778
+17049000457
+17049018936
+17049120156
+17049125580
+17049263560
+17049278704
+17049371228
+17049474932
+17049677886
+17049677893
+17049677896
+17049700393
+17049700408
+17049700960
+17049720980
+17049723280
+17049819084
+17049951188
+17049974048
+17052308472
+17053027352
+17054788688
+17059400723
+17062001448
+17062003216
+17062003258
+17062126849
+17062221800
+17062230641
+17062233852
+17062257508
+17062284041
+17062297442
+17062390777
+17062478730
+17062478778
+17062505038
+17062508336
+17062508338
+17062528017
+17062569390
+17062649569
+17062750987
+17062847890
+17063006917
+17063074339
+17063077274
+17063090801
+17063091808
+17063096968
+17063096972
+17063137769
+17063236396
+17063301555
+17063472317
+17063579130
+17063678444
+17063728284
+17063816030
+17063816223
+17063832147
+17063833546
+17063950251
+17064032595
+17064034079
+17064035665
+17064038017
+17064038019
+17064052524
+17064053380
+17064145137
+17064256434
+17064263695
+17064386043
+17064625016
+17064895579
+17064906238
+17064912587
+17064931011
+17064931014
+17064931783
+17064931848
+17064931896
+17064939407
+17064949079
+17064961412
+17065038046
+17065038093
+17065049259
+17065102129
+17065240007
+17065240213
+17065240967
+17065248348
+17065275905
+17065384905
+17065387374
+17065416074
+17065478541
+17065509724
+17065547804
+17065865239
+17066076869
+17066223555
+17066372249
+17066406808
+17066408789
+17066500879
+17066615817
+17066814553
+17066860022
+17066991792
+17067031622
+17067050334
+17067157002
+17067491361
+17067525034
+17067525035
+17067652305
+17067652307
+17067693670
+17067704400
+17067805721
+17067901493
+17068050275
+17068050628
+17068179487
+17068201455
+17068202740
+17068262358
+17068262359
+17068344237
+17068426617
+17068441784
+17068501183
+17068602691
+17068875008
+17068949054
+17068985955
+17069077161
+17069259322
+17069288815
+17069320053
+17069355798
+17069717527
+17069962408
+17072026021
+17072026901
+17072053356
+17072076767
+17072152165
+17072160582
+17072160588
+17072160636
+17072160742
+17072160745
+17072245681
+17072305295
+17072320854
+17072328927
+17072380228
+17072385328
+17072407482
+17072432490
+17072433354
+17072475021
+17072589809
+17072717945
+17072744793
+17072756602
+17072781165
+17072789358
+17072825062
+17072941437
+17072953188
+17072996330
+17073060577
+17073062096
+17073063350
+17073064471
+17073066074
+17073080049
+17073080124
+17073080136
+17073093709
+17073140578
+17073219780
+17073272642
+17073311888
+17073405610
+17073414123
+17073416899
+17073423487
+17073439562
+17073439567
+17073462155
+17073462157
+17073462158
+17073462161
+17073462162
+17073462163
+17073508020
+17073553872
+17073553884
+17073553890
+17073553896
+17073564674
+17073614611
+17073614694
+17073618407
+17073884914
+17073907032
+17074005166
+17074005341
+17074011621
+17074011650
+17074011662
+17074031424
+17074063348
+17074066643
+17074151000
+17074180513
+17074399943
+17074501997
+17074604981
+17074838504
+17075030395
+17075040821
+17075066817
+17075083500
+17075237129
+17075297900
+17075325726
+17075338013
+17075342303
+17075562204
+17075619526
+17075876835
+17075959156
+17075965328
+17076051003
+17076294328
+17076339409
+17076345218
+17076370249
+17076372717
+17076372719
+17076379215
+17076442891
+17076491229
+17076652100
+17076669261
+17076778573
+17076829627
+17076843433
+17076864137
+17077021922
+17077034552
+17077050780
+17077060091
+17077062449
+17077064743
+17077066335
+17077066504
+17077068244
+17077069974
+17077150003
+17077216533
+17077263037
+17077345712
+17077350030
+17077375300
+17077413004
+17077413218
+17077502358
+17077542701
+17078090501
+17078132338
+17078202773
+17078369360
+17078369630
+17078372857
+17078446445
+17078516235
+17078532440
+17078942431
+17078942477
+17078943837
+17078943878
+17078944985
+17078947301
+17079245467
+17079263535
+17079271362
+17079271679
+17079323034
+17079372586
+17079388727
+17079511592
+17079955987
+17079956937
+17082150539
+17082273841
+17082323062
+17082326523
+17082510553
+17082551525
+17082574525
+17082585221
+17082591706
+17082591993
+17082616540
+17082636848
+17082687515
+17082700644
+17082759916
+17082903171
+17082920596
+17082920896
+17082926166
+17082926194
+17082926196
+17082961848
+17082963614
+17082964502
+17082965684
+17082988281
+17082997249
+17083001080
+17083001183
+17083003258
+17083009971
+17083038560
+17083041192
+17083180252
+17083184816
+17083258086
+17083294384
+17083321272
+17083340912
+17083411681
+17083466900
+17083492765
+17083506124
+17083608583
+17083608681
+17083714418
+17083779155
+17083779158
+17083862157
+17083879064
+17083890773
+17083899981
+17083915205
+17083960514
+17083968890
+17083980086
+17083980222
+17083980383
+17084029138
+17084128096
+17084174440
+17084194465
+17084199115
+17084334200
+17084334465
+17084374065
+17084394101
+17084486208
+17084818541
+17084818690
+17084840370
+17084874102
+17085126468
+17085128795
+17085238032
+17085238041
+17085294747
+17085294774
+17085294777
+17085373265
+17085398935
+17085413856
+17085600414
+17085840067
+17086125292
+17086131241
+17086162477
+17086179550
+17086214860
+17086345299
+17086371046
+17086408017
+17086455401
+17086462412
+17086656517
+17086679370
+17086707890
+17086727264
+17086991401
+17087057613
+17087126169
+17087737668
+17087854875
+17087978151
+17088520852
+17088585429
+17088664324
+17088875000
+17089654283
+17089679926
+17089691360
+17089696490
+17089912190
+17089966803
+17122012384
+17122012444
+17122014492
+17122014493
+17122014959
+17122016809
+17122018397
+17122018899
+17122025056
+17122064737
+17122067041
+17122073106
+17122080291
+17122082948
+17122088164
+17122088506
+17122129206
+17122143019
+17122143083
+17122144402
+17122148422
+17122157009
+17122164167
+17122164194
+17122164195
+17122166823
+17122177828
+17122200355
+17122200386
+17122207184
+17122207285
+17122209094
+17122257554
+17122257572
+17122257671
+17122331597
+17122435619
+17122435622
+17122435637
+17122435647
+17122435650
+17122436247
+17122645067
+17122667699
+17122683927
+17122754892
+17122926210
+17122978905
+17123087005
+17123087922
+17123163846
+17123185222
+17123185300
+17123208385
+17123544840
+17123568079
+17123647328
+17123685020
+17123824215
+17124161096
+17124352685
+17124477101
+17124800531
+17125258094
+17125384149
+17125603776
+17125639956
+17125661283
+17125666760
+17125666765
+17125666766
+17125875165
+17126211513
+17126219693
+17126245085
+17126427948
+17127170138
+17127175731
+17127756963
+17127756964
+17128003450
+17128230500
+17128238283
+17128238479
+17128238498
+17128288840
+17128322049
+17128881434
+17129384451
+17132004000
+17132072222
+17132138152
+17132216000
+17132217998
+17132271151
+17132332102
+17132586773
+17132587149
+17132587687
+17132587866
+17132623300
+17132753575
+17132819270
+17132929677
+17132948187
+17133000001
+17133000640
+17133220290
+17133223945
+17133223959
+17133229786
+17133229790
+17133229809
+17133247047
+17133300236
+17133319433
+17133476754
+17133535471
+17133576343
+17133576403
+17133576438
+17133576724
+17133579047
+17133583863
+17133640041
+17133668058
+17133702535
+17133779010
+17133779013
+17133823796
+17133829232
+17133855320
+17133923450
+17134094567
+17134098994
+17134171608
+17134257053
+17134291602
+17134298187
+17134438175
+17134490929
+17134648983
+17134705011
+17134802674
+17134810151
+17134815227
+17134879988
+17134893969
+17134894596
+17134895232
+17134897846
+17134930759
+17134948983
+17134963815
+17134963816
+17134963832
+17134963834
+17135104570
+17135107699
+17135125703
+17135161750
+17135201462
+17135256050
+17135307704
+17135409931
+17135540219
+17135587002
+17135644703
+17135681118
+17135684293
+17135684531
+17135686986
+17135688504
+17135688652
+17135747925
+17135748408
+17135749360
+17135811487
+17135896526
+17135976206
+17135976896
+17135976905
+17135976909
+17135976914
+17135976916
+17135976921
+17135976940
+17136091016
+17136091042
+17136091134
+17136091144
+17136442440
+17136592111
+17136632971
+17136652886
+17136822080
+17136938412
+17136941032
+17136965500
+17136965501
+17137015427
+17137019932
+17137142395
+17137144370
+17137145831
+17137302932
+17137426548
+17137459200
+17137474857
+17137474860
+17137738102
+17137755762
+17137825433
+17137962990
+17137985272
+17138150240
+17138158839
+17138165311
+17138205278
+17138212502
+17138755024
+17138843131
+17138856894
+17138930657
+17138934613
+17138935988
+17138937357
+17138946153
+17139007544
+17139032013
+17139045005
+17139135550
+17139226479
+17139315197
+17139362465
+17139362602
+17139362782
+17139364545
+17139364635
+17139364736
+17139369851
+17139553757
+17139554126
+17139554127
+17139554128
+17139554805
+17139555602
+17139555635
+17139555682
+17139555959
+17139556869
+17139556952
+17139557146
+17139720001
+17139810098
+17139862476
+17142001417
+17142020244
+17142020359
+17142023195
+17142026983
+17142030832
+17142097363
+17142097643
+17142141300
+17142143145
+17142159008
+17142159010
+17142159016
+17142159017
+17142159018
+17142159019
+17142159039
+17142159048
+17142201974
+17142268974
+17142321606
+17142333286
+17142414540
+17142425924
+17142476733
+17142480980
+17142488544
+17142527696
+17142600157
+17142624067
+17142624628
+17142667246
+17142671214
+17142760106
+17142762395
+17142889011
+17142940344
+17142940498
+17142940796
+17142940944
+17142942561
+17142945392
+17143112452
+17143121592
+17143160360
+17143307573
+17143321560
+17143322940
+17143322944
+17143323561
+17143324189
+17143325908
+17143330931
+17143332555
+17143336666
+17143402607
+17143402608
+17143402618
+17143404507
+17143404509
+17143434797
+17143451489
+17143549162
+17143614670
+17143640185
+17143867622
+17143867802
+17143889267
+17143955152
+17143955807
+17143955971
+17144005751
+17144064370
+17144098537
+17144109913
+17144153644
+17144206176
+17144214155
+17144246331
+17144514192
+17144522693
+17144539292
+17144546846
+17144551321
+17144559426
+17144593207
+17144610124
+17144636146
+17144636150
+17144636157
+17144636447
+17144636451
+17144648046
+17144651102
+17144651104
+17144651105
+17144654139
+17144656102
+17144672508
+17144686080
+17144770531
+17144810704
+17144824830
+17144826380
+17144854655
+17144860868
+17144944117
+17144944202
+17144947566
+17144949377
+17144949701
+17144952635
+17144954155
+17144971378
+17145007347
+17145038070
+17145038322
+17145075983
+17145090642
+17145102947
+17145171605
+17145171833
+17145232202
+17145357004
+17145510062
+17145510091
+17145516848
+17145533155
+17145593204
+17145645343
+17145765870
+17145768351
+17145816050
+17145825198
+17145825270
+17145877755
+17145898652
+17145922591
+17145922703
+17145922704
+17145922731
+17145922799
+17145924851
+17145927991
+17145966378
+17145980769
+17145981033
+17145981131
+17145981735
+17145982764
+17146025788
+17146041485
+17146076430
+17146076441
+17146076453
+17146076618
+17146109283
+17146142392
+17146242825
+17146301187
+17146406959
+17146420362
+17146424955
+17146438448
+17146466445
+17146466505
+17146467374
+17146467541
+17146467737
+17146467806
+17146477000
+17146534849
+17146599056
+17146604217
+17146650303
+17146769441
+17146778120
+17146812364
+17146840912
+17146947602
+17146947603
+17146947655
+17146992223
+17146992467
+17146992847
+17147018577
+17147021522
+17147050709
+17147056937
+17147060201
+17147063200
+17147069168
+17147069243
+17147073260
+17147073350
+17147075124
+17147076170
+17147094218
+17147094408
+17147290680
+17147291810
+17147331261
+17147331341
+17147331378
+17147332811
+17147349733
+17147358865
+17147444500
+17147523365
+17147523628
+17147524621
+17147666109
+17147696490
+17147696831
+17147735552
+17147768540
+17147768576
+17147768775
+17147768856
+17147769091
+17147769171
+17147774545
+17147829368
+17147830034
+17147840576
+17147840847
+17147845853
+17147864240
+17147938717
+17147963830
+17148056336
+17148080957
+17148095322
+17148095397
+17148288676
+17148289241
+17148312902
+17148440832
+17148451930
+17148553129
+17148605727
+17148607039
+17148631122
+17148707897
+17148724104
+17148744969
+17148746030
+17148810288
+17148811478
+17148843823
+17148880011
+17148912177
+17148912188
+17148912200
+17148965565
+17149026469
+17149026491
+17149026496
+17149026507
+17149037762
+17149053678
+17149055318
+17149074120
+17149074477
+17149091552
+17149091801
+17149092518
+17149122916
+17149179404
+17149237442
+17149251312
+17149274042
+17149275949
+17149277736
+17149279004
+17149279061
+17149298215
+17149365785
+17149584223
+17149742358
+17149759403
+17149804446
+17149827987
+17149840782
+17149846663
+17149871007
+17149872909
+17149887954
+17149895550
+17149961411
+17149992111
+17152031925
+17152032486
+17152054652
+17152204542
+17152248988
+17152272354
+17152272905
+17152273660
+17152404134
+17152518205
+17152543228
+17152573217
+17152576078
+17152628515
+17152655036
+17152758685
+17152794128
+17153040287
+17153040324
+17153040676
+17153042708
+17153044992
+17153382931
+17153403370
+17153517878
+17153798701
+17154234755
+17154278996
+17154382388
+17154521113
+17154762009
+17154847859
+17154962030
+17155024066
+17155048464
+17155143905
+17155163487
+17155722183
+17155896535
+17155982354
+17155989718
+17156000287
+17156005085
+17156005835
+17156028791
+17156028792
+17156028793
+17156028794
+17156028796
+17156028797
+17157035567
+17157184837
+17157323208
+17157601663
+17157855820
+17157937116
+17158010462
+17158041011
+17158232355
+17158271302
+17158299822
+17158313534
+17158429757
+17158596412
+17158649876
+17158827854
+17162001266
+17162001270
+17162001275
+17162004864
+17162004865
+17162004993
+17162028632
+17162051758
+17162063218
+17162066954
+17162075396
+17162108177
+17162152331
+17162152776
+17162163871
+17162172846
+17162175386
+17162184344
+17162196820
+17162214514
+17162260728
+17162260729
+17162262018
+17162266705
+17162269300
+17162269743
+17162269746
+17162269748
+17162298403
+17162346266
+17162353757
+17162355993
+17162370126
+17162380832
+17162394361
+17162407234
+17162408042
+17162411911
+17162427124
+17162427146
+17162428355
+17162428693
+17162432577
+17162474493
+17162542811
+17162544622
+17162583152
+17162591882
+17162592739
+17162611128
+17162622039
+17162629559
+17162639010
+17162639011
+17162639012
+17162639013
+17162639063
+17162639068
+17162651628
+17162651634
+17162651681
+17162654774
+17162661177
+17162661631
+17162688701
+17162731192
+17162742587
+17162742654
+17162790786
+17162796240
+17162796260
+17162807577
+17162810248
+17162813782
+17162887789
+17162956359
+17162957959
+17162958116
+17162969398
+17163002429
+17163010244
+17163040287
+17163048025
+17163048175
+17163049313
+17163049492
+17163131705
+17163170459
+17163200290
+17163222727
+17163280231
+17163280326
+17163280328
+17163280404
+17163377049
+17163384539
+17163418128
+17163420704
+17163420707
+17163420708
+17163420992
+17163511714
+17163580008
+17163622803
+17163629245
+17163718534
+17163718545
+17163718721
+17163718749
+17163718752
+17163719729
+17163719730
+17163719758
+17163719762
+17163719770
+17163719800
+17163719806
+17163814033
+17163814235
+17163815424
+17163919817
+17163956638
+17164055567
+17164064518
+17164064973
+17164067915
+17164068243
+17164192915
+17164193220
+17164333672
+17164420578
+17164420736
+17164423215
+17164423765
+17164423835
+17164484512
+17164624705
+17164655445
+17164679188
+17164730651
+17164738252
+17164739809
+17164780825
+17164808761
+17164892296
+17165074025
+17165074027
+17165074110
+17165080672
+17165126097
+17165139366
+17165144906
+17165314177
+17165363504
+17165392021
+17165435365
+17165437808
+17165574585
+17165599239
+17165599270
+17165599300
+17165608770
+17165624245
+17165626564
+17165639238
+17165660556
+17165663875
+17165687277
+17165710005
+17165741835
+17165752402
+17165780045
+17165780463
+17165890319
+17166001318
+17166083262
+17166083379
+17166089596
+17166089597
+17166278382
+17166504277
+17166852720
+17167014992
+17167038664
+17167062000
+17167070511
+17167070608
+17167071182
+17167073275
+17167450013
+17167450057
+17167594429
+17167724023
+17167757285
+17167757989
+17167805773
+17167908871
+17167950239
+17167966406
+17168036165
+17168036822
+17168038209
+17168038426
+17168049633
+17168090009
+17168421111
+17168443027
+17168598839
+17168712781
+17168768107
+17169021324
+17169021608
+17169022259
+17169026066
+17169026403
+17169027013
+17169027764
+17169417577
+17169533086
+17169533190
+17169615100
+17169704195
+17169704319
+17169704851
+17169707171
+17169926556
+17172024209
+17172024316
+17172024508
+17172055644
+17172088340
+17172105019
+17172105021
+17172120477
+17172160367
+17172160748
+17172160928
+17172197566
+17172221011
+17172295740
+17172298356
+17172352018
+17172409138
+17172409477
+17172455322
+17172535205
+17172535228
+17172592029
+17172593286
+17172665083
+17172682296
+17172761734
+17172828720
+17172829815
+17172861623
+17172946738
+17172958800
+17172976782
+17172985067
+17172987203
+17173045919
+17173085416
+17173123924
+17173125233
+17173153222
+17173168621
+17173224565
+17173226293
+17173349291
+17173362520
+17173408028
+17173409554
+17173409879
+17173472702
+17173474805
+17173476775
+17173479004
+17173499145
+17173517033
+17173517722
+17173563222
+17173638415
+17173638859
+17173639046
+17173667605
+17173724019
+17173734757
+17173781895
+17173845971
+17173854185
+17173858853
+17173883315
+17173897702
+17174005644
+17174021619
+17174039752
+17174070493
+17174070507
+17174091010
+17174091013
+17174091014
+17174091018
+17174091057
+17174091060
+17174091061
+17174155475
+17174179230
+17174229041
+17174234065
+17174321020
+17174497167
+17174600682
+17174617037
+17174738734
+17174804765
+17174825241
+17174848241
+17174849380
+17174849841
+17174882145
+17174920635
+17174932806
+17174965469
+17175000300
+17175013704
+17175109668
+17175109813
+17175241881
+17175273878
+17175371272
+17175379420
+17175430001
+17175479733
+17175516008
+17175570424
+17175570737
+17175570739
+17175639658
+17175668382
+17175718367
+17175827347
+17175882160
+17175914900
+17176091348
+17176199213
+17176205889
+17176251735
+17176359368
+17176456172
+17176598051
+17176766478
+17176852319
+17176966117
+17177150685
+17177220489
+17177249594
+17177249599
+17177249615
+17177249778
+17177249788
+17177301549
+17177301736
+17177387541
+17177450305
+17177512942
+17177590833
+17177657772
+17177666092
+17177756735
+17177806000
+17177835599
+17177850000
+17177908730
+17177934897
+17178171956
+17178318632
+17178347669
+17178393114
+17178550561
+17178563385
+17178567973
+17178591467
+17178624411
+17178625090
+17178625702
+17178688968
+17178833027
+17178840183
+17178891003
+17178941751
+17178941835
+17179106476
+17179164754
+17179225272
+17179270242
+17179270874
+17179385721
+17179469117
+17179517890
+17179711585
+17179713100
+17179749050
+17179964311
+17179976142
+17179990519
+17182101252
+17182134425
+17182134458
+17182147765
+17182232402
+17182325651
+17182385656
+17182443006
+17182462201
+17182473058
+17182493224
+17182495217
+17182589053
+17182605575
+17182690671
+17182691600
+17182747474
+17182853924
+17182853945
+17182857209
+17182857810
+17182857899
+17182858321
+17182858899
+17182858958
+17182859809
+17182893160
+17183031166
+17183071139
+17183120897
+17183168531
+17183312244
+17183331040
+17183378186
+17183513695
+17183541385
+17183548029
+17183548916
+17183548929
+17183558226
+17183559364
+17183559870
+17183567558
+17183604842
+17183623307
+17183623521
+17183628024
+17183951642
+17183951874
+17183953425
+17183957867
+17183959477
+17184036900
+17184049289
+17184091107
+17184128499
+17184303923
+17184509481
+17184509560
+17184546877
+17184730877
+17184752347
+17184753192
+17184756107
+17184759065
+17184759085
+17184759095
+17184759206
+17184759208
+17184759258
+17184759268
+17184846250
+17184879738
+17184891540
+17184899412
+17185026245
+17185048677
+17185049405
+17185069573
+17185084983
+17185093034
+17185093036
+17185093060
+17185096985
+17185099927
+17185131436
+17185137207
+17185149577
+17185214183
+17185218674
+17185249088
+17185301853
+17185301888
+17185346301
+17185407099
+17185408174
+17185510199
+17185591057
+17185594093
+17185616161
+17185647152
+17185649354
+17185682230
+17185685080
+17185695155
+17185695344
+17185695645
+17185695732
+17185696799
+17185699540
+17185747608
+17185771276
+17185784157
+17185821113
+17185886595
+17185934515
+17186032166
+17186122834
+17186132600
+17186155162
+17186155642
+17186169027
+17186182046
+17186184577
+17186186506
+17186188541
+17186198131
+17186198240
+17186270092
+17186376200
+17186402499
+17186447981
+17186552656
+17186587748
+17186632716
+17186733982
+17186735103
+17186736706
+17186795693
+17186849075
+17186849077
+17186874798
+17186881172
+17186909271
+17186909274
+17186911791
+17187018257
+17187050371
+17187066373
+17187105359
+17187136547
+17187137550
+17187137589
+17187138226
+17187154177
+17187193312
+17187196604
+17187196654
+17187196672
+17187196734
+17187199848
+17187335201
+17187341473
+17187344722
+17187344844
+17187345586
+17187379998
+17187401101
+17187479598
+17187500215
+17187500218
+17187500219
+17187500224
+17187500229
+17187500231
+17187500233
+17187500234
+17187500235
+17187500240
+17187500242
+17187500243
+17187500245
+17187500246
+17187500248
+17187500249
+17187500251
+17187500254
+17187500257
+17187500260
+17187500263
+17187500270
+17187500273
+17187500283
+17187500284
+17187500285
+17187500287
+17187500291
+17187500294
+17187500296
+17187500298
+17187500304
+17187500307
+17187500310
+17187500313
+17187500319
+17187500324
+17187500325
+17187557884
+17187558463
+17187586408
+17187589741
+17187630616
+17187661667
+17187661670
+17187694128
+17187703531
+17187838996
+17187838997
+17187850124
+17188023000
+17188074312
+17188074999
+17188149043
+17188197702
+17188197914
+17188199874
+17188237272
+17188288840
+17188324719
+17188336121
+17188390638
+17188394224
+17188435833
+17188439269
+17188805199
+17188805710
+17188806390
+17188807001
+17188879034
+17188879658
+17188930202
+17189122974
+17189156280
+17189185000
+17189242280
+17189253444
+17189253543
+17189254554
+17189289646
+17189325555
+17189620333
+17189892706
+17189962233
+17192044591
+17192045354
+17192049476
+17192049831
+17192083060
+17192120840
+17192158700
+17192207012
+17192235537
+17192247011
+17192249282
+17192395652
+17192423654
+17192449048
+17192452513
+17192475588
+17192492458
+17192492459
+17192497515
+17192574306
+17192663157
+17192663517
+17192702083
+17192702916
+17192709218
+17192709237
+17192709250
+17192709429
+17192800187
+17192800192
+17192800194
+17192800195
+17192800196
+17192804007
+17192809193
+17192809196
+17192839143
+17192839789
+17192839792
+17192875689
+17192942274
+17192984676
+17192993812
+17192993813
+17192995280
+17192997450
+17192997464
+17192997465
+17192997468
+17193090716
+17193090721
+17193090997
+17193090998
+17193091081
+17193091082
+17193092892
+17193099937
+17193150497
+17193194037
+17193275147
+17193413186
+17193437084
+17193437088
+17193437092
+17193442883
+17193578097
+17193594276
+17193621998
+17193684585
+17193684593
+17193684594
+17193701903
+17193725912
+17193784991
+17193870337
+17193871269
+17193878157
+17193962333
+17193982763
+17193990582
+17193992058
+17193992228
+17193996034
+17194195813
+17194236211
+17194252617
+17194262336
+17194262972
+17194452951
+17194484800
+17194528970
+17194540748
+17194650189
+17194654284
+17194668233
+17194712273
+17194904371
+17194931555
+17194939996
+17194961196
+17194963022
+17194963120
+17194963122
+17195224460
+17195300300
+17195450300
+17195817303
+17195817412
+17195822936
+17196223358
+17196235525
+17196392192
+17196413847
+17196422250
+17196628880
+17196802176
+17196843330
+17196945152
+17197278496
+17197338657
+17197351068
+17197445139
+17197824396
+17197920148
+17198225190
+17198368939
+17198386266
+17198389530
+17198507263
+17198737519
+17198818793
+17198951117
+17198968302
+17199174298
+17199309741
+17199367067
+17199413769
+17199417659
+17199417683
+17199417761
+17199418990
+17199668014
+17199742502
+17199820000
+17199928140
+17199998307
+17202017875
+17202042832
+17202042850
+17202047033
+17202047272
+17202047402
+17202105595
+17202146625
+17202274504
+17202298811
+17202300111
+17202300728
+17202350194
+17202512203
+17202512525
+17202545677
+17202623122
+17202624148
+17202639032
+17202741808
+17202794573
+17202797267
+17202844260
+17202955702
+17203068829
+17203068855
+17203071500
+17203073318
+17203074876
+17203076070
+17203076156
+17203101059
+17203101348
+17203157922
+17203165045
+17203180937
+17203197295
+17203277366
+17203286303
+17203302195
+17203403643
+17203584046
+17203586060
+17203586131
+17203627134
+17203642202
+17203644564
+17203645893
+17203655185
+17203705530
+17203707507
+17203720874
+17203721600
+17203725723
+17203725726
+17203748469
+17203787596
+17203839408
+17203899637
+17203980305
+17203982700
+17203986704
+17203999988
+17204038437
+17204038550
+17204039398
+17204039498
+17204039690
+17204039878
+17204082863
+17204083055
+17204083059
+17204083363
+17204092061
+17204108805
+17204140680
+17204141114
+17204141780
+17204143329
+17204149874
+17204190439
+17204193261
+17204316109
+17204369600
+17204405666
+17204405675
+17204405730
+17204405801
+17204405807
+17204405830
+17204405840
+17204435902
+17204457315
+17204458148
+17204460595
+17204465247
+17204493730
+17204509278
+17204509606
+17204509607
+17204509617
+17204509619
+17204509742
+17204509820
+17204520409
+17204522378
+17204525560
+17204525695
+17204526450
+17204526477
+17204526948
+17204526962
+17204527363
+17204527624
+17204529840
+17204529841
+17204563680
+17204563681
+17204563682
+17204563683
+17204563684
+17204563688
+17204563689
+17204563695
+17204563697
+17204563712
+17204572394
+17204572398
+17204577771
+17204635578
+17204639600
+17204680976
+17204692617
+17204799451
+17204823930
+17204840848
+17204921370
+17204964283
+17204990868
+17204990872
+17205001024
+17205012233
+17205041515
+17205041552
+17205046034
+17205052158
+17205062926
+17205070101
+17205073002
+17205074564
+17205092668
+17205130146
+17205130616
+17205239519
+17205254411
+17205300400
+17205301039
+17205306039
+17205351250
+17205387630
+17205387631
+17205387637
+17205398079
+17205434245
+17205452045
+17205459096
+17205477479
+17205493922
+17205497517
+17205504111
+17205511668
+17205526973
+17205528201
+17205528394
+17205529765
+17205730296
+17205801563
+17205804112
+17205804722
+17205809562
+17205837509
+17205879978
+17205936958
+17205955294
+17205956190
+17205973491
+17205977093
+17205977094
+17206017557
+17206055823
+17206062827
+17206065978
+17206083819
+17206140845
+17206156834
+17206178169
+17206178209
+17206178243
+17206193745
+17206278800
+17206343868
+17206347479
+17206348588
+17206348648
+17206397945
+17206397947
+17206397977
+17206397978
+17206397984
+17206397986
+17206397988
+17206398002
+17206398007
+17206398018
+17206398020
+17206398027
+17206398034
+17206398042
+17206398043
+17206398069
+17206398076
+17206398080
+17206398084
+17206398087
+17206398096
+17206398142
+17206398146
+17206398147
+17206398163
+17206398164
+17206398171
+17206398173
+17206398586
+17206398879
+17206404828
+17206431890
+17206444455
+17206444456
+17206444468
+17206501165
+17206507981
+17206515044
+17206627756
+17206666554
+17206666557
+17206691813
+17206774061
+17206802326
+17206816967
+17206856287
+17206856297
+17206856308
+17206856320
+17206856329
+17206856330
+17206872438
+17206928836
+17206968571
+17206969009
+17206969027
+17206972525
+17207029232
+17207029577
+17207041547
+17207047788
+17207047869
+17207081294
+17207102968
+17207120300
+17207159612
+17207159667
+17207248785
+17207249347
+17207283209
+17207283214
+17207283217
+17207299865
+17207341877
+17207342405
+17207355189
+17207355375
+17207384277
+17207406017
+17207434345
+17207474333
+17207476011
+17207476543
+17207638169
+17207721701
+17207733264
+17207761931
+17207801730
+17207828101
+17207848952
+17207848956
+17207900567
+17207920781
+17207920867
+17207921554
+17207940839
+17207968771
+17207978148
+17207992995
+17207992997
+17207998130
+17207999104
+17207999105
+17207999108
+17207999114
+17207999118
+17207999120
+17207999123
+17207999125
+17207999136
+17207999144
+17207999145
+17207999150
+17207999159
+17207999178
+17207999181
+17207999184
+17207999185
+17207999192
+17207999198
+17208007699
+17208040590
+17208081591
+17208085253
+17208085277
+17208085278
+17208085280
+17208092043
+17208173241
+17208173666
+17208210485
+17208213077
+17208288319
+17208337973
+17208508728
+17208558223
+17208636748
+17208640703
+17208642856
+17208643357
+17208704582
+17208706961
+17208741092
+17208820054
+17208878355
+17208910169
+17208919229
+17208933134
+17208970778
+17209001337
+17209027215
+17209033431
+17209070422
+17209071397
+17209096627
+17209123630
+17209188681
+17209432050
+17209611755
+17209612743
+17209636103
+17209749247
+17222063194
+17242017204
+17242017251
+17242017417
+17242021750
+17242041511
+17242132586
+17242155810
+17242160421
+17242160558
+17242174028
+17242206310
+17242217408
+17242225040
+17242225135
+17242304023
+17242352726
+17242375549
+17242432052
+17242438442
+17242464602
+17242465014
+17242465598
+17242490604
+17242522526
+17242578043
+17242578072
+17242578208
+17242684057
+17242711382
+17242934914
+17243001380
+17243075567
+17243136033
+17243181273
+17243200123
+17243200187
+17243231432
+17243508605
+17243632214
+17243667609
+17243811180
+17243957388
+17244093324
+17244194093
+17244194098
+17244199051
+17244229755
+17244275428
+17244410289
+17244717595
+17244797465
+17245068601
+17245122175
+17245128022
+17245128026
+17245524514
+17245542681
+17245926534
+17245966554
+17246070013
+17246178780
+17246248258
+17246301187
+17246354308
+17246536753
+17246568070
+17246878133
+17247080494
+17247345186
+17247494159
+17247501027
+17247612682
+17247656203
+17247690181
+17247724555
+17248138527
+17248279513
+17248279573
+17248842576
+17248843121
+17248977877
+17249136530
+17249160932
+17249522165
+17249522353
+17249522440
+17249621717
+17249658974
+17249720081
+17249720208
+17249720901
+17249743741
+17249743829
+17249782557
+17252059896
+17252080821
+17252086121
+17252086217
+17252088921
+17252090718
+17252094523
+17252098305
+17252100492
+17252124933
+17252139744
+17252141977
+17252142578
+17252142581
+17252220853
+17252221946
+17252231082
+17252231092
+17252263378
+17252263834
+17252297139
+17252343203
+17252357678
+17252373075
+17252373804
+17252374813
+17252377153
+17252379731
+17252419088
+17252419228
+17252419229
+17252515591
+17252521547
+17252576577
+17252583369
+17252583386
+17252668509
+17253339608
+17253440170
+17253440549
+17253779242
+17254444184
+17254448134
+17254659913
+17254659978
+17254659987
+17254659990
+17254659991
+17255439598
+17255439600
+17256006334
+17256966240
+17257202917
+17257202918
+17257202920
+17257260240
+17257279737
+17258885141
+17259007016
+17259009467
+17259999720
+17262137729
+17262272922
+17262307612
+17262621224
+17262680451
+17262681596
+17262689119
+17266002985
+17266557677
+17266822453
+17269990417
+17269990488
+17269998818
+17272012682
+17272029882
+17272050332
+17272053830
+17272055399
+17272055404
+17272056816
+17272057763
+17272060579
+17272145862
+17272166447
+17272167379
+17272220114
+17272226480
+17272231951
+17272236691
+17272281661
+17272281695
+17272281893
+17272284813
+17272306890
+17272322976
+17272337541
+17272337973
+17272342016
+17272356396
+17272362031
+17272394517
+17272427139
+17272439388
+17272490436
+17272505436
+17272610228
+17272612130
+17272634803
+17272653880
+17272707643
+17272752799
+17272758934
+17272848571
+17272882190
+17272882493
+17272889099
+17272904727
+17272954557
+17273001324
+17273011636
+17273011781
+17273011918
+17273046947
+17273082453
+17273082483
+17273139048
+17273139058
+17273139059
+17273139098
+17273244191
+17273244342
+17273244691
+17273244696
+17273246603
+17273251631
+17273251767
+17273251889
+17273302074
+17273307888
+17273354836
+17273491561
+17273509887
+17273509891
+17273618338
+17273626798
+17273642622
+17273698560
+17273781390
+17273805895
+17273806505
+17273806597
+17273806636
+17273878655
+17273891953
+17273923237
+17273923772
+17273933910
+17273954000
+17273997449
+17274408824
+17274408954
+17274508931
+17274519969
+17274569730
+17274612013
+17274697465
+17274786062
+17274837633
+17274849086
+17274849090
+17274849094
+17274858728
+17274931246
+17274939908
+17274980504
+17274980506
+17274984684
+17275154270
+17275192379
+17275217341
+17275243270
+17275243829
+17275264270
+17275275170
+17275373281
+17275374170
+17275422700
+17275437965
+17275514816
+17275542221
+17275542821
+17275565492
+17275565772
+17275567300
+17275601862
+17275643257
+17275651558
+17275681080
+17275826200
+17276085442
+17276232384
+17276239600
+17276305248
+17276380077
+17276381989
+17276390449
+17276393752
+17276770103
+17276779334
+17276836117
+17276836120
+17276836124
+17276836138
+17276836143
+17276836151
+17276979899
+17276979901
+17277105456
+17277269037
+17277434744
+17277552525
+17277557357
+17277565201
+17277771595
+17277775330
+17277786587
+17277849399
+17277866818
+17277977070
+17277994499
+17278001894
+17278007043
+17278049497
+17278225117
+17278403155
+17278424569
+17278681961
+17278683471
+17278737962
+17278772181
+17278883471
+17278887188
+17278951181
+17279000693
+17279000725
+17279000789
+17279147254
+17279192344
+17279192580
+17279194949
+17279441355
+17279471202
+17279471205
+17279471955
+17279475267
+17279547088
+17279654128
+17279980960
+17279992250
+17279995431
+17285174713
+17285297413
+17287254127
+17287254327
+17287255127
+17287255227
+17287256597
+17287258139
+17287259613
+17287264127
+17287265197
+17287266197
+17287266214
+17287266394
+17287266541
+17287266620
+17287266621
+17287266654
+17287266685
+17287266754
+17287266803
+17287266804
+17287269197
+17287269845
+17287270631
+17287271512
+17287273512
+17287273571
+17287273636
+17287273757
+17287274512
+17287274713
+17287274985
+17287275197
+17287275267
+17287275312
+17287275412
+17287275478
+17287275597
+17287275819
+17287275852
+17287275874
+17287275897
+17287276085
+17287276131
+17287276285
+17287276431
+17287276478
+17287276522
+17287276698
+17287277061
+17287277094
+17287277163
+17287277206
+17287277357
+17287277410
+17287277478
+17287277537
+17287277801
+17287277873
+17287277879
+17287277907
+17287277927
+17287277931
+17287277959
+17287278095
+17287278231
+17287278712
+17287278759
+17287278792
+17287278874
+17287278974
+17287279284
+17287279431
+17287279561
+17287279654
+17287792541
+17312027380
+17312030549
+17312074572
+17312076172
+17312077703
+17312128025
+17312131940
+17312301265
+17312512093
+17312513525
+17312566444
+17312566897
+17312569336
+17312608299
+17312608620
+17312710396
+17312718916
+17312839835
+17313129061
+17313305254
+17313356131
+17313454203
+17314100312
+17314188577
+17314188740
+17314436937
+17314439816
+17315018503
+17315061212
+17315740786
+17316071300
+17316277890
+17316489548
+17316606779
+17316811189
+17316812854
+17316813488
+17316890980
+17316899856
+17316976522
+17317064786
+17317349256
+17317370505
+17318583295
+17319283367
+17319892671
+17322001683
+17322013156
+17322015023
+17322015195
+17322016808
+17322018111
+17322018129
+17322019022
+17322034010
+17322034413
+17322034496
+17322046156
+17322046589
+17322048033
+17322098095
+17322100355
+17322100446
+17322172974
+17322231192
+17322266924
+17322267545
+17322268924
+17322284139
+17322304141
+17322304570
+17322312008
+17322345700
+17322388032
+17322417212
+17322430079
+17322435972
+17322534077
+17322534114
+17322563111
+17322580166
+17322582220
+17322582737
+17322582986
+17322582993
+17322582997
+17322583698
+17322616455
+17322616555
+17322616643
+17322633243
+17322761838
+17322761976
+17322764121
+17322793567
+17322842029
+17322842031
+17322842036
+17322842044
+17322842055
+17322842059
+17322842065
+17322842066
+17322842070
+17322842072
+17322842081
+17322842090
+17322842091
+17322842100
+17322842115
+17322842120
+17322842122
+17322842127
+17322842134
+17322854728
+17322858260
+17322877975
+17322905972
+17322909983
+17322986076
+17323028024
+17323028026
+17323028230
+17323028513
+17323067488
+17323125021
+17323125525
+17323131404
+17323183830
+17323333601
+17323338872
+17323343345
+17323393215
+17323393488
+17323393869
+17323477282
+17323477782
+17323527701
+17323588426
+17323605987
+17323607174
+17323612288
+17323612555
+17323612561
+17323647890
+17323691121
+17323721243
+17323743256
+17323743396
+17323743399
+17323743654
+17323749462
+17323795309
+17323841450
+17323914340
+17323944854
+17323946700
+17323999362
+17324019616
+17324052108
+17324052511
+17324125571
+17324132141
+17324143393
+17324158345
+17324248711
+17324259168
+17324408844
+17324449851
+17324521111
+17324544348
+17324559580
+17324565866
+17324566514
+17324568518
+17324621860
+17324755786
+17324812902
+17325040700
+17325043518
+17325075117
+17325161893
+17325204704
+17325232452
+17325296526
+17325323877
+17325378051
+17325423012
+17325495270
+17325589622
+17325614184
+17325614218
+17325825314
+17325897630
+17325951873
+17326074348
+17326091134
+17326237700
+17326264329
+17326306241
+17326313697
+17326336188
+17326336190
+17326384162
+17326453789
+17326639214
+17326650898
+17326877726
+17326914032
+17327046314
+17327079156
+17327079735
+17327193020
+17327193438
+17327193970
+17327195227
+17327195878
+17327198349
+17327338208
+17327769777
+17327835215
+17327898564
+17328075611
+17328195669
+17328251290
+17328251845
+17328256388
+17328258088
+17328317369
+17328658040
+17328658050
+17328763889
+17328916374
+17328931137
+17328931138
+17328931141
+17328931143
+17328961716
+17328975630
+17328975731
+17328986368
+17329030837
+17329031686
+17329039929
+17329072112
+17329078046
+17329081544
+17329082275
+17329084108
+17329135082
+17329189299
+17329365234
+17329431347
+17329583492
+17329630059
+17329691281
+17329934263
+17329962101
+17342064108
+17342067201
+17342067228
+17342067341
+17342246123
+17342246194
+17342246195
+17342246196
+17342246201
+17342246203
+17342287774
+17342454116
+17342556000
+17342556002
+17342556006
+17342556007
+17342556008
+17342565303
+17342593533
+17342602705
+17342659115
+17342724803
+17342744931
+17342824803
+17343169195
+17343181569
+17343445972
+17343452946
+17343519889
+17343596049
+17343700846
+17344078056
+17344186444
+17344308196
+17344308197
+17344308198
+17344360418
+17344702018
+17344938565
+17345084629
+17345101721
+17345266193
+17345427758
+17345528643
+17345580133
+17345618077
+17345852721
+17345857003
+17346004375
+17346371839
+17346669692
+17346669693
+17346669696
+17346669993
+17346717674
+17346731156
+17346934389
+17347070666
+17347432552
+17347577230
+17347619424
+17347729322
+17347784227
+17347802471
+17347947716
+17347956759
+17347968288
+17348568155
+17349730938
+17372005564
+17372005565
+17372040205
+17372040379
+17372040610
+17372043086
+17372045280
+17372046308
+17372053044
+17372080086
+17372101777
+17372108736
+17372108741
+17372209674
+17372278060
+17372362541
+17372533412
+17372701017
+17372701023
+17372820730
+17372827811
+17372860216
+17373006324
+17373006334
+17373019912
+17373048041
+17373074330
+17373130382
+17373130383
+17373130384
+17374000783
+17374146952
+17375308987
+17376008215
+17376008279
+17376008288
+17376008321
+17376008323
+17376008335
+17376008341
+17376008352
+17376008353
+17376008357
+17376669030
+17376669191
+17376669192
+17377017881
+17377028244
+17377772648
+17378081895
+17378742833
+17379735523
+17382979538
+17392553287
+17402003901
+17402005069
+17402027041
+17402029713
+17402042208
+17402148000
+17402163000
+17402171077
+17402171099
+17402171231
+17402171233
+17402171235
+17402181795
+17402271508
+17402326069
+17402332932
+17402358516
+17402384366
+17402412506
+17402412647
+17402448199
+17402450018
+17402474866
+17402544244
+17402559134
+17402746019
+17402762079
+17402765960
+17402998042
+17403090024
+17403249545
+17403291159
+17403308153
+17403388919
+17403400057
+17403400058
+17403650147
+17404186236
+17404571524
+17404745367
+17404752686
+17405126231
+17405181173
+17405202615
+17405203230
+17405256308
+17405757654
+17405960320
+17405982037
+17405982124
+17406021695
+17406208020
+17406723103
+17406927194
+17406927479
+17406927480
+17406930382
+17407103105
+17407109131
+17407200965
+17407203212
+17407399510
+17407968640
+17408189514
+17408189614
+17408210958
+17408370947
+17408700134
+17408700157
+17408793553
+17408865141
+17409019953
+17409019960
+17409019980
+17409177606
+17409241138
+17409241230
+17409415121
+17409540141
+17409546769
+17409759296
+17418933524
+17419986712
+17432080561
+17432080818
+17432127790
+17432238749
+17438881346
+17438881426
+17438881803
+17456226534
+17462757359
+17472009512
+17472009547
+17472009896
+17472012769
+17472017753
+17472019682
+17472019750
+17472019751
+17472019800
+17472040105
+17472083546
+17472124763
+17472127314
+17472128469
+17472129880
+17472200401
+17472203193
+17472203205
+17472203304
+17472203317
+17472203318
+17472219145
+17472280913
+17472293430
+17472416575
+17472416576
+17472428139
+17472508950
+17472535196
+17472539956
+17472569942
+17472583075
+17472583781
+17472668706
+17472668723
+17472668745
+17472677938
+17472729345
+17472729350
+17472737327
+17472737729
+17472737730
+17472737731
+17472737732
+17472821307
+17472822166
+17472822325
+17472822570
+17472910071
+17473302012
+17474005209
+17475660301
+17475663595
+17476665471
+17476997189
+17477898780
+17484756623
+17485124065
+17493525759
+17502922094
+17506500448
+17513833075
+17542000165
+17542020877
+17542030342
+17542053123
+17542081530
+17542084804
+17542090063
+17542090113
+17542090374
+17542091361
+17542108000
+17542120123
+17542120270
+17542120274
+17542120358
+17542121024
+17542121032
+17542121091
+17542121092
+17542121095
+17542121912
+17542182989
+17542185666
+17542188233
+17542188525
+17542188566
+17542188571
+17542189100
+17542209037
+17542230075
+17542238839
+17542292490
+17542293043
+17542293390
+17542293398
+17542331760
+17542347514
+17542400126
+17542400839
+17542553317
+17542600058
+17542606524
+17542630440
+17542804090
+17543005074
+17543070090
+17543236800
+17543330001
+17543361321
+17543566126
+17543566155
+17544003177
+17544003178
+17544005199
+17544226411
+17544995333
+17545294168
+17545511387
+17547150571
+17547798416
+17548023924
+17548028965
+17548160000
+17548927103
+17549007534
+17549993188
+17552212238
+17552969464
+17553724013
+17562796372
+17572019871
+17572043316
+17572043366
+17572043894
+17572087621
+17572092808
+17572092850
+17572103096
+17572140541
+17572140635
+17572140639
+17572140672
+17572140724
+17572152801
+17572154930
+17572161114
+17572161981
+17572169664
+17572179691
+17572179958
+17572221630
+17572223426
+17572225558
+17572232469
+17572313130
+17572315637
+17572336821
+17572339146
+17572385697
+17572385712
+17572385832
+17572385995
+17572415737
+17572521448
+17572540635
+17572555560
+17572634835
+17572634907
+17572676666
+17572711476
+17572721590
+17572917320
+17572969042
+17572969813
+17572969814
+17573014589
+17573014611
+17573026165
+17573040079
+17573100125
+17573245080
+17573245769
+17573245930
+17573371361
+17573461339
+17573464145
+17573471721
+17573502101
+17573503034
+17573710554
+17573780657
+17573837154
+17573897810
+17573947128
+17574014988
+17574142217
+17574142362
+17574142617
+17574142901
+17574146432
+17574149235
+17574195361
+17574448047
+17574470212
+17574476179
+17574476968
+17574497147
+17574532117
+17574532169
+17574889611
+17574907156
+17575039633
+17575041430
+17575041511
+17575164760
+17575169649
+17575221904
+17575305523
+17575423518
+17575428485
+17575520934
+17575882361
+17576059843
+17576150383
+17576288400
+17576327225
+17576443604
+17576552359
+17576561159
+17576564876
+17576567088
+17576574186
+17576774701
+17576892734
+17576933036
+17576933192
+17576939083
+17576940275
+17576940276
+17576940277
+17576940278
+17576940279
+17576952421
+17576955370
+17576959864
+17576982103
+17576998661
+17577021604
+17577022172
+17577032105
+17577315337
+17577344893
+17577344912
+17577344922
+17577344943
+17577428258
+17577442003
+17577450990
+17577697127
+17577720738
+17577721058
+17577760749
+17577760770
+17577787692
+17577859241
+17578092312
+17578285017
+17578348210
+17578452414
+17578542414
+17578566183
+17578572112
+17578663995
+17578811166
+17578963654
+17579044205
+17579100433
+17579100450
+17579156863
+17579171075
+17579171190
+17579331613
+17579332020
+17579415447
+17579520237
+17579520787
+17579520788
+17579520789
+17579668827
+17579853436
+17579984200
+17579988440
+17584819943
+17602038696
+17602066487
+17602067117
+17602067305
+17602067308
+17602067342
+17602067372
+17602067382
+17602067399
+17602067403
+17602067409
+17602067422
+17602067742
+17602091584
+17602270354
+17602274244
+17602274285
+17602428473
+17602468515
+17602538397
+17602546019
+17602590225
+17602590989
+17602591859
+17602601019
+17602620093
+17602644279
+17602679042
+17602679289
+17602765002
+17602784878
+17602787488
+17602798890
+17602840200
+17602840201
+17602843163
+17602843280
+17602843338
+17602843385
+17602870891
+17602884561
+17602904556
+17602907161
+17602914856
+17602920078
+17602922802
+17602922803
+17602925016
+17602928228
+17602928280
+17602984491
+17602987741
+17602997795
+17602998197
+17603031902
+17603048478
+17603048490
+17603048555
+17603172484
+17603284815
+17603312506
+17603312605
+17603312607
+17603382506
+17603420984
+17603437166
+17603437545
+17603465223
+17603502488
+17603504349
+17603511311
+17603544701
+17603584378
+17603586423
+17603609791
+17603657162
+17603698123
+17603729450
+17603923952
+17604120046
+17604289727
+17604385115
+17604444760
+17604445575
+17604570013
+17604587589
+17604604900
+17604625016
+17604625019
+17604625021
+17604625023
+17604774942
+17604783312
+17604786970
+17604946463
+17605022519
+17605026086
+17605098388
+17605249171
+17605422207
+17605497343
+17605509151
+17605565632
+17605592474
+17605676910
+17605822386
+17605857043
+17605891742
+17605929173
+17605958292
+17606005841
+17606119000
+17606200089
+17606200116
+17606213028
+17606230050
+17606319740
+17606393500
+17606562563
+17606589164
+17606599976
+17606711830
+17606785556
+17606787380
+17606909520
+17606979800
+17606995214
+17607058888
+17607100116
+17607271300
+17607338388
+17607338703
+17607338869
+17607339181
+17607339182
+17607484126
+17607601286
+17607864225
+17607904001
+17607904132
+17607904134
+17607904135
+17607977216
+17608274382
+17608428029
+17608468056
+17608494216
+17608494875
+17608496197
+17608496395
+17608520168
+17608531394
+17608622051
+17608687851
+17608785020
+17608960324
+17608962185
+17608974929
+17609161140
+17609331530
+17609333000
+17609335570
+17609570717
+17609845678
+17609917654
+17609974077
+17614258935
+17614258937
+17622020943
+17622029768
+17622041684
+17622138329
+17622312012
+17622312819
+17622391798
+17622437795
+17622437798
+17622650672
+17622718982
+17622746489
+17622768446
+17623230167
+17623236326
+17623594613
+17623830014
+17624998347
+17624998626
+17625859585
+17627286015
+17628000797
+17628009317
+17628888185
+17632003364
+17632005131
+17632009508
+17632193012
+17632198082
+17632373357
+17632443060
+17632504473
+17632505006
+17632638500
+17632652583
+17632743899
+17632751048
+17632751658
+17632753013
+17632753160
+17632902315
+17632947601
+17633075755
+17633075982
+17633076091
+17633076096
+17633076574
+17633077334
+17633078726
+17633080103
+17633176822
+17633344680
+17633358830
+17633442576
+17633673745
+17633679756
+17633736914
+17633815000
+17633936634
+17634028733
+17634028737
+17634028738
+17634219286
+17634334016
+17634454982
+17634454983
+17634454993
+17635715604
+17636450340
+17636565010
+17636565847
+17636565859
+17636577471
+17636917940
+17637108491
+17637108520
+17637108525
+17652006778
+17652041487
+17652048457
+17652166849
+17652213287
+17652348839
+17652391780
+17652467231
+17652673218
+17652716519
+17652744559
+17653139422
+17653249314
+17653249351
+17653293984
+17653299846
+17653344249
+17653510512
+17653622486
+17653739345
+17653744482
+17653744486
+17653747935
+17654001749
+17654042486
+17654159362
+17654159364
+17654303950
+17654859519
+17655073520
+17655081260
+17655081395
+17655571629
+17655583694
+17656017331
+17656024555
+17656174363
+17656216167
+17656217168
+17656370775
+17656370782
+17656370802
+17656694966
+17656753547
+17656817603
+17657404036
+17657477870
+17657488612
+17657776343
+17657800097
+17657808595
+17657911324
+17658075126
+17658595106
+17659815671
+17659816845
+17672759067
+17678854537
+17685939113
+17686676409
+17692000462
+17692002053
+17692012732
+17692060257
+17692083860
+17692138050
+17692225415
+17692308657
+17692324297
+17692354904
+17692363028
+17692870201
+17692870216
+17694870886
+17697777629
+17699856834
+17702004978
+17702031429
+17702059303
+17702130010
+17702130013
+17702130014
+17702130859
+17702130939
+17702173295
+17702177845
+17702219990
+17702270831
+17702300565
+17702313845
+17702381941
+17702396606
+17702528934
+17702673476
+17702714235
+17702743071
+17702743080
+17702743083
+17702743086
+17702789523
+17702818193
+17702827852
+17702849075
+17702851413
+17702942766
+17702946240
+17702992109
+17703163087
+17703349417
+17703556632
+17703562677
+17703699953
+17703752178
+17703800606
+17704048844
+17704058849
+17704151773
+17704151950
+17704159955
+17704178687
+17704229331
+17704284600
+17704291332
+17704335533
+17704361696
+17704445177
+17704622197
+17704622198
+17704622221
+17704622845
+17704769429
+17704809926
+17704875145
+17705026247
+17705026377
+17705101670
+17705261234
+17705345111
+17705522691
+17705573001
+17705599502
+17705602950
+17705742245
+17705793228
+17705870067
+17706041601
+17706041919
+17706152413
+17706164691
+17706168747
+17706186701
+17706221501
+17706277702
+17706280868
+17706282324
+17706285680
+17706288547
+17706298287
+17706372144
+17706372202
+17706481149
+17706481206
+17706482508
+17706482931
+17706532522
+17706761159
+17706793024
+17706798108
+17706798415
+17706886865
+17706893842
+17706912505
+17707142005
+17707286113
+17707286119
+17707384319
+17707414250
+17707440448
+17707497459
+17707497461
+17707524103
+17707554036
+17707568674
+17707629615
+17707691790
+17707691897
+17707692356
+17707692444
+17707737200
+17707768373
+17707788022
+17707794839
+17707845620
+17707975364
+17708000102
+17708012536
+17708073915
+17708090827
+17708093125
+17708146793
+17708191432
+17708290671
+17708347752
+17708507450
+17708524072
+17708524510
+17708615416
+17708637024
+17708818940
+17708844955
+17708847886
+17709005274
+17709136138
+17709269921
+17709393531
+17709547955
+17709611745
+17709615066
+17709631537
+17709631952
+17709659376
+17709682657
+17709746267
+17709886955
+17709987868
+17712004281
+17712004341
+17712004347
+17712004429
+17712004536
+17712004669
+17712004784
+17712026038
+17712026636
+17712026657
+17712027675
+17712027861
+17712032016
+17712033365
+17712033367
+17712033369
+17712033395
+17712080374
+17712080588
+17712094649
+17712094808
+17712094860
+17712094862
+17712095193
+17712095207
+17712095354
+17712095359
+17712095429
+17712095437
+17712096476
+17712120338
+17712126201
+17712129270
+17712131771
+17712131899
+17712132732
+17712132745
+17712133047
+17712169705
+17712180331
+17712185187
+17712200691
+17712206873
+17712206874
+17712206876
+17712206878
+17712206879
+17712206882
+17712206892
+17712206907
+17712206908
+17712206947
+17712206948
+17712206949
+17712206952
+17712207291
+17712207292
+17712207294
+17712207295
+17712207297
+17712207298
+17712207299
+17712207301
+17712207303
+17712207306
+17712207307
+17712207309
+17712207310
+17712207311
+17712207312
+17712207316
+17712207317
+17712207318
+17712207319
+17712207320
+17712207321
+17712207323
+17712207324
+17712207326
+17712207328
+17712207329
+17712207330
+17712207331
+17712207332
+17712207334
+17712207335
+17712207404
+17712235391
+17712235392
+17712235394
+17712235395
+17712235396
+17712235397
+17712235398
+17712235453
+17712235456
+17712235457
+17712235474
+17712235475
+17712235477
+17712235478
+17712235479
+17712235480
+17712235482
+17712235483
+17712235484
+17712235485
+17712235486
+17712235487
+17712235488
+17712235489
+17712235490
+17712235491
+17712235492
+17712235494
+17712235495
+17712235497
+17712235498
+17712235499
+17712235501
+17712235503
+17712235505
+17712235507
+17712235509
+17712235510
+17712236245
+17712430501
+17712430562
+17712430574
+17712430585
+17712430598
+17712432141
+17712461342
+17712462207
+17712462213
+17712462262
+17712462267
+17712462275
+17712462352
+17712462374
+17712462377
+17712462388
+17712462393
+17712462406
+17712462724
+17712475019
+17712477122
+17712491285
+17712491344
+17712491410
+17712491514
+17712491618
+17712491670
+17712491682
+17712493298
+17712493369
+17712493432
+17712493506
+17713289449
+17713289505
+17713289568
+17713289611
+17713289708
+17713335861
+17714442676
+17717173760
+17717774802
+17722060954
+17722063194
+17722063498
+17722093543
+17722101270
+17722108012
+17722120154
+17722133031
+17722162939
+17722222110
+17722232910
+17722248288
+17722249911
+17722286613
+17722327914
+17722328710
+17722360990
+17722403035
+17722526601
+17722526695
+17722623584
+17722623585
+17722623587
+17722623595
+17722911790
+17723245309
+17723249627
+17723350922
+17723484579
+17724084731
+17724096640
+17724104523
+17724108558
+17724460418
+17724654487
+17724730169
+17724927034
+17724971299
+17724972495
+17724972496
+17725107899
+17725638478
+17725777466
+17726000862
+17726001134
+17726177846
+17726212971
+17726261406
+17726333721
+17726478468
+17728007067
+17728826180
+17728826190
+17728883366
+17729005318
+17729257920
+17729336880
+17729344541
+17732192521
+17732193393
+17732193490
+17732253588
+17732276843
+17732315554
+17732322260
+17732340001
+17732417191
+17732418512
+17732430381
+17732430399
+17732451354
+17732451745
+17732577266
+17732636381
+17732693025
+17732693248
+17732702960
+17732723539
+17732736136
+17732736163
+17732795172
+17732825511
+17732950356
+17732951837
+17732951972
+17732954094
+17733057635
+17733123157
+17733123371
+17733124018
+17733124021
+17733124065
+17733124306
+17733124329
+17733124425
+17733124457
+17733124471
+17733124720
+17733124725
+17733124886
+17733125363
+17733133042
+17733177527
+17733313031
+17733367940
+17733411331
+17733419377
+17733419491
+17733461560
+17733520585
+17733542336
+17733572354
+17733628590
+17733628591
+17733644191
+17733651842
+17733668674
+17733701599
+17733779120
+17733785003
+17733839393
+17733891105
+17733942545
+17733947474
+17734094946
+17734175665
+17734234080
+17734309577
+17734338125
+17734338198
+17734367915
+17734462783
+17734495755
+17734536229
+17734555837
+17734579620
+17734613142
+17734665498
+17734667206
+17734669016
+17734669041
+17734669282
+17734837967
+17735092932
+17735212954
+17735361093
+17735443712
+17735527035
+17735543855
+17735543866
+17735704689
+17735708020
+17735708052
+17735708080
+17735837890
+17735894698
+17735930992
+17735966215
+17736144502
+17736183520
+17736290184
+17736308126
+17736347544
+17736444965
+17736466580
+17736491060
+17736495053
+17736532658
+17736543321
+17736544276
+17736544369
+17736545333
+17736549991
+17736575071
+17736642581
+17736648132
+17736680777
+17736762005
+17736771535
+17736884835
+17736884838
+17736961085
+17736961852
+17736993685
+17737087564
+17737250222
+17737292945
+17737292948
+17737419776
+17737475987
+17737476179
+17737622376
+17737654830
+17737772000
+17737869051
+17737869353
+17737869354
+17737869356
+17737869359
+17737869431
+17737872355
+17737904902
+17737963400
+17737964900
+17737964967
+17738150321
+17738165937
+17738165938
+17738165939
+17738197144
+17738230659
+17738362487
+17738390601
+17738393354
+17738581716
+17738586761
+17738633859
+17738633934
+17738690585
+17738690652
+17738690673
+17738690803
+17738690812
+17738690818
+17738690822
+17738690827
+17738690880
+17738690912
+17738690913
+17738690928
+17738690930
+17738690937
+17738690951
+17738690952
+17738690953
+17738690954
+17738690958
+17738690978
+17738769062
+17738871058
+17738871060
+17738871062
+17738871065
+17738879218
+17738879220
+17738879225
+17738885381
+17738886408
+17738917889
+17738950354
+17738970151
+17738970181
+17738970182
+17738970192
+17738970196
+17738970414
+17738970448
+17738973320
+17738975377
+17739004857
+17739282888
+17739417660
+17739450252
+17739455674
+17739456559
+17739488586
+17739660597
+17739746024
+17739748078
+17739819135
+17739854623
+17739985241
+17742020499
+17742063246
+17742080142
+17742109422
+17742149905
+17742205716
+17742326412
+17742336091
+17742411006
+17742443131
+17742519866
+17742527210
+17742546382
+17742828878
+17743003052
+17743018001
+17743177880
+17743256060
+17743670914
+17743692743
+17743814336
+17744048327
+17744497022
+17744792156
+17744958830
+17745003768
+17745493007
+17745933800
+17746704435
+17748493047
+17748547457
+17748932690
+17749990573
+17752042709
+17752097271
+17752099342
+17752183179
+17752204565
+17752208575
+17752268742
+17752279851
+17752298080
+17752340654
+17752340691
+17752345538
+17752348807
+17752354749
+17752374186
+17752382003
+17752382067
+17752382083
+17752382084
+17752384692
+17752423057
+17752436392
+17752438774
+17752453681
+17752453724
+17752455402
+17752498597
+17752533401
+17752533441
+17752542576
+17752545970
+17752574630
+17752624139
+17752668742
+17752694994
+17752964281
+17753036503
+17753191356
+17753231588
+17753253840
+17753335460
+17753661570
+17753724013
+17753726006
+17753726480
+17753727897
+17753729266
+17753874186
+17754016191
+17754023520
+17754060291
+17754060437
+17754067844
+17754101791
+17754104057
+17754154395
+17754190107
+17754190202
+17754190445
+17754190765
+17754257726
+17754326376
+17754341655
+17754387952
+17754415184
+17754434327
+17754467439
+17754471796
+17754513753
+17754534988
+17754545195
+17754612523
+17755021828
+17755052788
+17755088162
+17755421605
+17755490380
+17755712087
+17755748510
+17755748724
+17755892854
+17756211341
+17756227667
+17756245706
+17756248950
+17757175685
+17757479700
+17757518138
+17757969766
+17758063000
+17758063033
+17758344444
+17758544192
+17758701668
+17758810691
+17759241171
+17759540107
+17759648785
+17759936235
+17759936878
+17776349494
+17777777777
+17777777779
+17782220815
+17782881268
+17783731800
+17784165865
+17785246594
+17789487554
+17789927978
+17792006978
+17792014188
+17792014191
+17792039988
+17792050122
+17792056072
+17792144039
+17792255069
+17792351089
+17792351094
+17793400036
+17793689817
+17794236047
+17794351714
+17795484361
+17798889127
+17799080326
+17799270455
+17803122804
+17804954615
+17812026280
+17812029869
+17812051300
+17812057673
+17812063293
+17812063385
+17812063635
+17812063882
+17812144465
+17812177397
+17812177666
+17812177700
+17812229386
+17812364371
+17812366072
+17812368895
+17812368896
+17812414613
+17812438522
+17812501011
+17812511011
+17812574654
+17812628193
+17812652400
+17812750650
+17812779914
+17812853398
+17812855031
+17812980015
+17812982820
+17812989177
+17813039243
+17813048086
+17813063659
+17813280065
+17813497792
+17813522260
+17813524321
+17813571898
+17813803318
+17813814822
+17813823000
+17813885000
+17814128889
+17814233250
+17814245128
+17814300566
+17814360294
+17814438252
+17814713800
+17815560400
+17815620523
+17815620840
+17815668000
+17815752000
+17815754574
+17815798622
+17816097460
+17816138300
+17816139570
+17816279198
+17816358019
+17816402635
+17816450295
+17816457973
+17816489530
+17816530970
+17816949000
+17817495192
+17817894643
+17817966000
+17818053392
+17818100509
+17818108431
+17818171270
+17818195455
+17818840690
+17818948200
+17818970880
+17819334100
+17819606570
+17819634745
+17819793800
+17819857916
+17819950035
+17819965106
+17852008245
+17852021028
+17852021208
+17852145211
+17852279003
+17852279403
+17852417015
+17852428766
+17852485188
+17852505825
+17852628774
+17852799877
+17852845576
+17852845914
+17852920437
+17852923190
+17853001235
+17853124947
+17853209996
+17853213102
+17853257916
+17853388865
+17853503800
+17853759464
+17853804391
+17853926087
+17854074546
+17854143689
+17854143695
+17854733352
+17854917002
+17854917019
+17854918106
+17855102791
+17855363465
+17855420285
+17855513219
+17855545668
+17855723817
+17855907369
+17855941728
+17856545202
+17856570147
+17857063753
+17857063866
+17857271801
+17857411532
+17857484276
+17857668655
+17857705460
+17857836447
+17857836449
+17857993000
+17857993502
+17857993571
+17857993573
+17857993574
+17857993575
+17857993578
+17858156404
+17858515784
+17858832977
+17859147910
+17859151769
+17859253490
+17859853087
+17862041908
+17862042241
+17862043848
+17862051195
+17862061121
+17862063143
+17862066658
+17862071557
+17862090202
+17862090861
+17862093527
+17862169174
+17862170105
+17862179457
+17862190215
+17862190415
+17862190425
+17862190455
+17862190465
+17862190475
+17862190495
+17862190505
+17862190511
+17862190525
+17862190545
+17862199537
+17862199851
+17862202114
+17862202708
+17862236315
+17862240099
+17862240184
+17862240406
+17862242046
+17862248282
+17862248704
+17862248947
+17862249289
+17862249411
+17862249628
+17862249984
+17862311798
+17862320135
+17862323045
+17862336642
+17862358663
+17862369305
+17862436717
+17862436951
+17862455125
+17862456530
+17862481084
+17862497300
+17862580980
+17862590001
+17862590475
+17862606938
+17862635860
+17862720256
+17862721540
+17862739596
+17862755313
+17862755639
+17862755986
+17862795192
+17862841227
+17862845168
+17862880108
+17862880646
+17862880656
+17862882238
+17862883364
+17862902222
+17862982427
+17862985682
+17863004081
+17863004082
+17863004086
+17863074097
+17863099170
+17863149850
+17863223425
+17863224060
+17863224074
+17863228007
+17863239216
+17863260736
+17863294283
+17863301740
+17863428224
+17863450379
+17863459012
+17863459062
+17863459064
+17863475791
+17863477364
+17863503117
+17863503221
+17863503495
+17863503498
+17863503551
+17863503726
+17863528084
+17863537825
+17863568917
+17863580074
+17863580094
+17863580412
+17863580446
+17863580951
+17863580962
+17863580980
+17863580983
+17863580999
+17863585146
+17863586610
+17863589268
+17863610810
+17863612995
+17863628805
+17863729271
+17863733044
+17863735649
+17863748257
+17863774511
+17863775078
+17863786582
+17863820740
+17863830462
+17863853487
+17863985994
+17864041601
+17864041887
+17864050898
+17864058313
+17864058315
+17864058948
+17864066740
+17864067573
+17864085635
+17864087401
+17864104947
+17864127193
+17864166233
+17864168905
+17864181243
+17864203539
+17864204568
+17864229775
+17864272063
+17864381470
+17864382001
+17864485049
+17864495854
+17864524865
+17864537334
+17864574483
+17864613878
+17864626005
+17864633070
+17864652059
+17864652770
+17864718217
+17864728648
+17864755375
+17864799272
+17864811129
+17864811193
+17864843239
+17864867217
+17864924568
+17864950490
+17864962274
+17864985369
+17865041420
+17865049095
+17865052406
+17865059132
+17865075987
+17865096450
+17865096455
+17865141164
+17865225682
+17865226939
+17865271452
+17865283125
+17865286051
+17865290441
+17865295122
+17865307069
+17865395554
+17865400175
+17865400255
+17865401802
+17865401818
+17865401821
+17865405892
+17865434028
+17865597136
+17865630198
+17865637435
+17865637443
+17865730606
+17865745429
+17865748497
+17865772089
+17865776669
+17865817711
+17865821658
+17865896866
+17865901097
+17865910601
+17865929064
+17866001310
+17866001318
+17866001561
+17866050337
+17866051232
+17866057565
+17866071804
+17866071818
+17866071987
+17866079000
+17866094028
+17866108011
+17866183533
+17866232392
+17866236576
+17866260115
+17866275689
+17866299096
+17866299121
+17866330884
+17866348126
+17866361920
+17866362019
+17866363916
+17866460186
+17866462334
+17866478442
+17866491045
+17866500427
+17866500448
+17866513997
+17866522652
+17866555383
+17866555384
+17866555386
+17866555390
+17866555399
+17866560068
+17866560079
+17866560130
+17866560167
+17866560171
+17866560184
+17866560244
+17866633554
+17866647971
+17866649786
+17866670093
+17866699849
+17866710256
+17866713254
+17866713670
+17866761099
+17866763332
+17866773002
+17866822578
+17866828260
+17866861626
+17866883349
+17866934609
+17866969939
+17866988795
+17867010649
+17867011994
+17867011995
+17867014001
+17867014003
+17867014048
+17867040185
+17867061221
+17867067949
+17867067956
+17867084012
+17867084154
+17867084438
+17867086211
+17867252940
+17867325198
+17867345796
+17867348533
+17867385525
+17867386928
+17867387797
+17867388061
+17867442918
+17867480869
+17867483851
+17867486939
+17867490662
+17867495933
+17867523143
+17867614442
+17867642723
+17867664042
+17867676388
+17867801046
+17867832081
+17867834642
+17867850577
+17867866879
+17867899903
+17867960083
+17867969981
+17868009903
+17868077863
+17868374709
+17868375382
+17868434350
+17868523699
+17868578342
+17868673327
+17868701001
+17868711127
+17868712586
+17868716758
+17868717137
+17868717148
+17868717175
+17868717203
+17868783114
+17868826327
+17869107867
+17869176249
+17869304059
+17869361984
+17869362549
+17869460473
+17869716334
+17869898786
+17869912768
+17872206629
+17872586590
+17872969450
+17873010437
+17873022118
+17873069924
+17873714480
+17874032174
+17874098848
+17874813302
+17874985400
+17877068560
+17877446611
+17877646461
+17877931253
+17878218264
+17879190843
+17879819048
+17879984245
+17882638635
+17889794654
+17895506235
+17966001318
+17992255042
+18002000047
+18002001011
+18002001230
+18002015691
+18002016597
+18002025678
+18002030028
+18002043174
+18002045503
+18002055520
+18002055522
+18002056247
+18002058815
+18002080000
+18002082500
+18002098229
+18002103249
+18002108579
+18002109011
+18002117690
+18002122805
+18002124342
+18002124955
+18002136459
+18002140991
+18002149754
+18002151579
+18002154693
+18002156523
+18002158712
+18002174402
+18002180275
+18002182110
+18002188504
+18002188539
+18002190282
+18002201614
+18002215689
+18002217282
+18002220300
+18002224357
+18002224569
+18002231104
+18002239100
+18002239797
+18002239899
+18002245055
+18002254333
+18002255322
+18002255345
+18002255499
+18002255618
+18002255671
+18002255935
+18002262278
+18002263545
+18002265228
+18002265885
+18002278763
+18002286160
+18002287010
+18002287676
+18002301156
+18002301802
+18002306683
+18002315395
+18002327080
+18002328056
+18002330557
+18002332328
+18002335325
+18002341357
+18002343325
+18002343663
+18002347783
+18002353155
+18002360657
+18002364188
+18002364300
+18002365400
+18002369454
+18002372015
+18002373901
+18002378990
+18002382727
+18002382747
+18002383891
+18002390104
+18002397054
+18002401218
+18002408151
+18002412561
+18002415456
+18002418697
+18002419426
+18002425198
+18002426813
+18002427178
+18002427338
+18002429790
+18002441111
+18002441152
+18002450821
+18002450859
+18002451793
+18002452000
+18002458975
+18002467814
+18002472911
+18002474672
+18002475626
+18002478855
+18002484226
+18002492462
+18002493022
+18002497097
+18002502501
+18002505831
+18002514621
+18002515850
+18002519080
+18002519495
+18002523563
+18002527522
+18002532322
+18002535089
+18002537050
+18002545260
+18002549848
+18002549917
+18002551411
+18002551412
+18002551422
+18002551444
+18002551480
+18002554652
+18002557828
+18002563985
+18002564646
+18002569213
+18002569850
+18002588602
+18002594061
+18002602712
+18002605834
+18002608172
+18002608793
+18002612930
+18002618172
+18002623787
+18002623917
+18002633394
+18002642712
+18002645654
+18002645737
+18002658825
+18002660597
+18002662278
+18002666932
+18002667073
+18002669981
+18002679515
+18002683486
+18002687383
+18002689806
+18002690271
+18002692602
+18002695555
+18002696612
+18002720045
+18002721514
+18002729446
+18002732273
+18002738255
+18002743932
+18002749891
+18002751173
+18002752273
+18002754285
+18002758668
+18002763214
+18002763612
+18002774653
+18002779139
+18002782420
+18002784721
+18002785428
+18002792417
+18002794268
+18002797061
+18002801565
+18002804331
+18002809708
+18002812042
+18002815609
+18002823214
+18002825129
+18002827541
+18002830922
+18002831148
+18002831326
+18002846329
+18002858585
+18002861950
+18002862000
+18002882011
+18002882020
+18002882021
+18002882040
+18002888000
+18002891179
+18002892647
+18002896229
+18002896435
+18002898004
+18002901065
+18002901836
+18002902187
+18002903072
+18002904014
+18002919160
+18002927508
+18002931035
+18002937917
+18002946240
+18002946804
+18002950851
+18002954057
+18002961122
+18002962657
+18002976901
+18002981292
+18002985056
+18002986359
+18002989835
+18002998842
+18003008575
+18003019329
+18003041447
+18003048608
+18003050330
+18003057701
+18003066059
+18003066062
+18003073161
+18003077309
+18003084010
+18003089931
+18003090524
+18003113482
+18003115648
+18003115949
+18003115967
+18003116583
+18003121141
+18003135169
+18003135678
+18003138011
+18003140947
+18003142173
+18003147195
+18003154757
+18003156050
+18003162052
+18003170161
+18003175351
+18003182596
+18003188433
+18003198396
+18003200525
+18003203209
+18003210500
+18003210591
+18003211150
+18003212000
+18003217109
+18003219637
+18003223223
+18003226409
+18003246956
+18003250778
+18003250788
+18003252175
+18003252865
+18003256000
+18003261879
+18003281935
+18003284475
+18003288797
+18003296909
+18003300321
+18003301463
+18003302535
+18003310050
+18003310500
+18003310501
+18003310505
+18003310509
+18003315000
+18003315541
+18003325678
+18003331071
+18003333474
+18003333795
+18003334745
+18003340626
+18003347661
+18003356955
+18003359188
+18003360958
+18003369332
+18003374641
+18003397650
+18003403922
+18003405219
+18003411932
+18003412145
+18003412235
+18003423756
+18003425297
+18003425397
+18003425775
+18003431042
+18003433548
+18003435945
+18003447779
+18003448192
+18003455148
+18003460775
+18003470350
+18003471000
+18003471191
+18003471991
+18003472389
+18003472682
+18003472683
+18003473072
+18003474057
+18003474736
+18003481556
+18003502819
+18003523407
+18003530877
+18003531842
+18003535920
+18003539045
+18003550501
+18003550555
+18003552470
+18003555515
+18003574234
+18003582090
+18003588228
+18003604319
+18003627070
+18003634991
+18003642064
+18003642712
+18003652024
+18003657107
+18003661048
+18003661962
+18003663001
+18003671589
+18003679305
+18003679444
+18003683110
+18003698520
+18003704312
+18003731150
+18003733411
+18003742939
+18003743201
+18003745098
+18003749588
+18003749700
+18003749861
+18003755283
+18003757117
+18003765848
+18003766550
+18003771904
+18003775828
+18003781684
+18003782260
+18003785726
+18003797999
+18003801196
+18003801822
+18003808296
+18003811156
+18003818567
+18003850670
+18003882200
+18003883862
+18003885333
+18003891458
+18003906357
+18003909043
+18003913000
+18003916687
+18003919038
+18003929896
+18003934887
+18003969402
+18003970091
+18003983939
+18003999704
+18004011691
+18004011834
+18004033991
+18004037807
+18004049826
+18004051806
+18004056120
+18004057119
+18004059462
+18004078301
+18004101091
+18004104391
+18004106311
+18004116748
+18004117343
+18004136468
+18004139444
+18004145380
+18004182885
+18004198251
+18004200565
+18004212110
+18004214454
+18004218861
+18004221579
+18004224895
+18004224961
+18004225590
+18004225987
+18004231414
+18004234343
+18004235656
+18004236085
+18004249595
+18004250088
+18004252067
+18004252077
+18004254026
+18004255750
+18004255813
+18004258045
+18004258096
+18004270106
+18004271145
+18004278540
+18004286050
+18004300459
+18004304263
+18004304428
+18004310959
+18004312084
+18004316859
+18004321000
+18004321429
+18004323117
+18004326202
+18004330441
+18004332392
+18004335778
+18004337300
+18004339014
+18004346835
+18004351415
+18004354000
+18004365244
+18004365657
+18004366509
+18004367734
+18004367916
+18004384357
+18004395033
+18004397794
+18004403989
+18004408051
+18004410377
+18004410518
+18004415997
+18004424000
+18004431032
+18004431837
+18004450101
+18004468848
+18004478477
+18004479239
+18004482542
+18004483543
+18004486434
+18004488133
+18004498767
+18004517269
+18004521110
+18004531210
+18004539290
+18004541343
+18004544823
+18004549078
+18004550681
+18004550931
+18004556278
+18004563355
+18004569123
+18004572899
+18004576785
+18004578971
+18004589658
+18004590766
+18004592567
+18004598184
+18004598387
+18004604952
+18004609706
+18004628765
+18004633339
+18004647142
+18004659832
+18004663337
+18004665259
+18004689868
+18004694091
+18004694663
+18004711903
+18004746836
+18004748002
+18004763134
+18004763143
+18004763303
+18004770686
+18004774747
+18004800064
+18004802265
+18004802551
+18004811004
+18004838314
+18004854350
+18004860567
+18004862668
+18004882085
+18004882265
+18004894546
+18004900075
+18004904388
+18004911178
+18004915500
+18004915611
+18004929168
+18004944000
+18004944908
+18004961081
+18004964163
+18004964599
+18004969471
+18004980431
+18004980885
+18004993539
+18004993568
+18005006130
+18005032463
+18005038622
+18005042401
+18005053274
+18005068095
+18005078401
+18005090884
+18005108106
+18005113207
+18005115750
+18005119809
+18005138282
+18005140427
+18005152550
+18005153586
+18005155871
+18005155884
+18005184461
+18005184726
+18005190512
+18005191823
+18005204488
+18005208843
+18005213236
+18005214177
+18005214956
+18005215009
+18005222455
+18005237020
+18005238654
+18005243880
+18005249686
+18005259094
+18005259623
+18005264172
+18005266121
+18005266523
+18005270376
+18005273369
+18005284800
+18005287907
+18005306514
+18005315000
+18005315001
+18005316723
+18005317209
+18005318722
+18005328082
+18005335125
+18005361584
+18005363726
+18005373302
+18005389696
+18005411734
+18005420624
+18005426791
+18005429453
+18005433562
+18005440000
+18005443623
+18005448468
+18005450402
+18005451256
+18005454315
+18005457741
+18005478531
+18005491664
+18005492568
+18005512792
+18005512813
+18005515913
+18005522114
+18005526217
+18005527583
+18005528482
+18005529841
+18005532641
+18005542639
+18005548167
+18005606169
+18005614567
+18005626223
+18005637819
+18005639620
+18005651061
+18005651524
+18005671757
+18005680156
+18005689778
+18005711949
+18005721131
+18005730819
+18005752064
+18005760788
+18005788029
+18005803101
+18005807611
+18005811515
+18005831168
+18005831820
+18005840663
+18005853853
+18005856686
+18005881659
+18005882300
+18005898200
+18005901094
+18005904522
+18005905331
+18005913869
+18005919806
+18005921160
+18005922000
+18005947306
+18005976827
+18005983036
+18005986374
+18005992346
+18005999557
+18006003040
+18006003840
+18006007395
+18006013490
+18006034770
+18006049149
+18006061671
+18006066099
+18006075417
+18006084702
+18006097139
+18006104926
+18006108993
+18006112651
+18006117310
+18006117343
+18006130813
+18006131545
+18006138561
+18006156261
+18006158364
+18006160166
+18006182247
+18006190791
+18006204284
+18006211437
+18006213362
+18006218042
+18006220484
+18006222580
+18006227747
+18006249565
+18006249896
+18006249897
+18006249899
+18006254798
+18006259896
+18006274371
+18006278372
+18006287070
+18006287710
+18006302597
+18006324600
+18006329451
+18006332322
+18006334227
+18006341506
+18006347404
+18006369799
+18006371876
+18006379732
+18006381005
+18006381966
+18006402162
+18006420469
+18006423780
+18006424272
+18006424720
+18006426323
+18006426806
+18006427676
+18006431674
+18006432852
+18006434845
+18006436716
+18006440063
+18006449064
+18006451640
+18006455496
+18006474456
+18006477706
+18006505911
+18006535186
+18006535307
+18006539262
+18006552265
+18006554555
+18006563322
+18006564716
+18006565692
+18006569308
+18006587241
+18006592955
+18006610082
+18006620111
+18006620314
+18006621711
+18006621887
+18006623115
+18006629802
+18006660191
+18006663120
+18006663353
+18006690000
+18006690102
+18006692000
+18006693900
+18006696607
+18006698488
+18006706541
+18006708138
+18006708411
+18006708611
+18006717916
+18006721185
+18006722231
+18006731044
+18006743019
+18006746917
+18006756110
+18006764060
+18006768312
+18006771569
+18006787986
+18006788765
+18006789876
+18006790847
+18006801762
+18006808554
+18006819158
+18006829701
+18006832892
+18006838529
+18006841856
+18006844340
+18006849641
+18006850123
+18006853118
+18006855065
+18006860021
+18006865985
+18006874266
+18006900741
+18006909767
+18006913307
+18006920041
+18006927753
+18006936835
+18006943048
+18006947466
+18006950019
+18006952912
+18006956950
+18006957444
+18006966639
+18006979302
+18006980120
+18006989638
+18006997142
+18007001000
+18007011702
+18007040855
+18007055388
+18007055540
+18007057881
+18007070455
+18007086555
+18007098846
+18007101247
+18007102436
+18007115145
+18007115948
+18007126600
+18007136352
+18007142193
+18007148898
+18007151350
+18007161433
+18007165818
+18007179544
+18007207290
+18007213545
+18007221213
+18007221300
+18007242440
+18007242525
+18007244964
+18007256518
+18007256570
+18007257091
+18007265010
+18007283902
+18007287825
+18007322260
+18007323799
+18007327747
+18007329194
+18007331116
+18007332767
+18007357248
+18007364777
+18007378423
+18007398255
+18007411969
+18007412627
+18007414141
+18007423333
+18007425465
+18007435000
+18007436613
+18007438602
+18007450572
+18007451933
+18007462936
+18007464702
+18007467287
+18007476132
+18007477774
+18007477794
+18007483243
+18007484843
+18007484949
+18007488163
+18007490916
+18007497499
+18007506343
+18007508694
+18007526633
+18007532240
+18007532851
+18007536043
+18007538644
+18007540101
+18007540961
+18007561250
+18007563308
+18007571744
+18007573562
+18007576254
+18007576527
+18007584182
+18007589503
+18007609765
+18007612027
+18007616097
+18007620276
+18007621487
+18007622265
+18007667242
+18007671848
+18007681011
+18007692512
+18007697214
+18007709383
+18007715361
+18007721213
+18007721218
+18007721221
+18007721241
+18007721245
+18007721413
+18007721516
+18007722287
+18007725867
+18007726270
+18007728956
+18007734503
+18007740165
+18007743064
+18007764737
+18007770133
+18007771111
+18007771213
+18007772146
+18007772529
+18007774681
+18007776116
+18007777328
+18007777717
+18007779629
+18007805009
+18007806451
+18007806772
+18007810776
+18007811209
+18007825410
+18007827756
+18007832475
+18007834582
+18007845634
+18007845641
+18007860371
+18007861584
+18007864567
+18007864568
+18007869199
+18007870000
+18007872406
+18007874196
+18007876410
+18007878565
+18007878566
+18007879437
+18007886177
+18007888984
+18007894257
+18007896701
+18007898001
+18007905147
+18007909323
+18007913749
+18007920001
+18007922042
+18007937521
+18007941401
+18007941404
+18007949104
+18007969241
+18007982861
+18008002753
+18008002775
+18008003000
+18008008000
+18008008100
+18008015857
+18008039000
+18008040057
+18008063342
+18008068840
+18008073068
+18008080801
+18008093395
+18008109251
+18008109337
+18008115925
+18008140439
+18008142534
+18008144106
+18008144345
+18008146580
+18008147017
+18008155126
+18008161266
+18008162688
+18008163521
+18008164793
+18008164798
+18008165569
+18008169456
+18008225544
+18008228383
+18008232318
+18008232319
+18008244999
+18008246191
+18008249289
+18008256218
+18008258038
+18008271000
+18008281110
+18008287959
+18008290433
+18008291040
+18008291044
+18008294933
+18008308574
+18008315676
+18008316721
+18008329286
+18008349459
+18008362291
+18008370603
+18008374966
+18008375745
+18008376464
+18008391639
+18008397416
+18008413000
+18008414141
+18008418182
+18008423225
+18008426328
+18008430000
+18008430130
+18008430445
+18008438000
+18008446591
+18008451614
+18008452000
+18008452484
+18008456565
+18008468212
+18008472911
+18008474084
+18008475103
+18008479211
+18008482170
+18008489136
+18008489380
+18008490088
+18008491700
+18008510673
+18008515123
+18008519631
+18008520411
+18008520740
+18008539974
+18008562911
+18008567339
+18008572911
+18008605488
+18008614840
+18008617981
+18008618010
+18008619732
+18008619741
+18008634785
+18008648331
+18008648909
+18008649895
+18008667810
+18008669436
+18008669900
+18008670904
+18008677183
+18008679757
+18008693557
+18008706176
+18008709851
+18008710467
+18008713984
+18008715913
+18008722625
+18008722657
+18008735869
+18008751913
+18008755143
+18008755156
+18008755164
+18008770109
+18008771413
+18008776767
+18008784733
+18008805466
+18008809889
+18008812947
+18008829539
+18008882238
+18008882799
+18008884555
+18008885544
+18008885656
+18008887711
+18008888000
+18008889955
+18008896638
+18008898740
+18008908940
+18008917628
+18008922253
+18008924357
+18008925234
+18008948014
+18008948562
+18008950999
+18008952188
+18008954999
+18008957689
+18008976877
+18008984754
+18008987105
+18008987180
+18008988042
+18009001361
+18009001362
+18009001370
+18009001372
+18009001377
+18009001380
+18009001381
+18009001382
+18009001386
+18009001392
+18009005150
+18009005237
+18009012497
+18009015846
+18009019878
+18009032319
+18009033637
+18009063386
+18009094576
+18009099525
+18009105399
+18009121109
+18009130345
+18009141792
+18009150927
+18009151016
+18009154231
+18009168224
+18009179586
+18009179837
+18009196588
+18009208467
+18009218101
+18009220063
+18009220202
+18009220203
+18009220204
+18009220205
+18009220206
+18009220207
+18009220224
+18009220298
+18009220299
+18009220306
+18009220307
+18009220402
+18009221567
+18009222004
+18009222204
+18009222345
+18009229999
+18009238282
+18009249033
+18009254733
+18009256142
+18009256278
+18009257053
+18009260003
+18009261754
+18009262458
+18009266944
+18009272291
+18009285094
+18009286614
+18009292722
+18009298075
+18009323822
+18009332107
+18009336262
+18009343799
+18009346113
+18009346489
+18009350817
+18009359935
+18009362198
+18009378942
+18009378997
+18009410164
+18009414759
+18009421970
+18009423767
+18009432189
+18009442158
+18009450258
+18009452000
+18009452288
+18009455428
+18009459112
+18009460332
+18009463371
+18009471000
+18009472911
+18009475096
+18009476229
+18009498255
+18009501878
+18009504114
+18009505114
+18009505762
+18009515111
+18009529419
+18009542000
+18009552292
+18009556600
+18009557070
+18009559060
+18009559096
+18009564442
+18009585870
+18009615140
+18009640881
+18009645689
+18009660291
+18009660292
+18009660293
+18009660755
+18009666546
+18009672346
+18009694523
+18009697218
+18009707250
+18009723030
+18009735095
+18009743409
+18009747405
+18009750913
+18009769955
+18009780204
+18009785603
+18009796933
+18009801449
+18009812591
+18009821346
+18009821673
+18009831079
+18009834653
+18009849115
+18009850671
+18009861154
+18009866856
+18009875521
+18009876519
+18009888019
+18009890535
+18009909130
+18009915265
+18009918708
+18009921346
+18009922664
+18009938762
+18009944854
+18009953601
+18009971468
+18009973417
+18009993355
+18009996661
+18009999969
+18012034092
+18012034463
+18012088809
+18012089465
+18012090250
+18012107422
+18012179610
+18012189501
+18012245679
+18012254320
+18012277000
+18012280210
+18012281274
+18012369580
+18012569874
+18012583431
+18012810066
+18012811274
+18012850307
+18012856000
+18012859068
+18012908218
+18012956778
+18013071341
+18013171623
+18013178100
+18013181980
+18013213474
+18013264666
+18013354527
+18013359348
+18013374274
+18013374457
+18013374493
+18013378288
+18013457824
+18013458901
+18013460067
+18013491711
+18013547625
+18013655601
+18013773333
+18013774493
+18013777003
+18013927265
+18013929135
+18014107837
+18014137035
+18014241424
+18014299967
+18014363101
+18014380144
+18014388150
+18014388160
+18014388220
+18014388471
+18014569400
+18014712825
+18015143029
+18015451800
+18015660780
+18015946000
+18015984650
+18016099283
+18016099913
+18016137819
+18016148645
+18016192557
+18016256831
+18016300207
+18016300261
+18016562093
+18016566112
+18016575166
+18016575750
+18016585217
+18016597408
+18016663303
+18016796299
+18016858913
+18016893100
+18016922135
+18016995890
+18017005511
+18017024917
+18017079337
+18017080251
+18017246897
+18017337464
+18017362400
+18017427728
+18017427925
+18017427935
+18017501611
+18017690957
+18017721213
+18017831263
+18017972714
+18018014063
+18018035387
+18018045799
+18018204515
+18018232039
+18018233346
+18018233446
+18018397758
+18018397900
+18018397904
+18018528542
+18018742483
+18018765344
+18018767458
+18018771695
+18018891957
+18018891993
+18018894862
+18018903659
+18018934066
+18018994166
+18019013062
+18019018827
+18019023100
+18019031028
+18019035904
+18019054410
+18019171249
+18019172557
+18019217379
+18019231203
+18019327000
+18019343049
+18019385077
+18019459061
+18019459062
+18019482291
+18019489486
+18019489573
+18019604034
+18019619999
+18019641615
+18019975958
+18022000054
+18022003688
+18022015896
+18022107170
+18022199318
+18022220488
+18022313213
+18022323648
+18022324695
+18022361568
+18022394055
+18022394099
+18022558822
+18022643580
+18022660623
+18022754988
+18022777575
+18022844139
+18022892585
+18022892920
+18022894728
+18022913083
+18022914990
+18022944037
+18022961308
+18023044808
+18023071532
+18023213160
+18023213166
+18023244378
+18023270205
+18023278682
+18023312567
+18023409720
+18023479056
+18023492060
+18023599040
+18023627630
+18023703299
+18023718355
+18023757068
+18023784651
+18023823202
+18024258455
+18024559264
+18024581282
+18024581925
+18024581982
+18024659328
+18024665217
+18025031357
+18025520848
+18025523351
+18025605462
+18025951745
+18026223336
+18026223449
+18026225003
+18026272397
+18026610070
+18026610076
+18026814548
+18026881948
+18026930173
+18026960419
+18027159109
+18027270671
+18027329515
+18027446644
+18027783166
+18027931962
+18027934245
+18028252314
+18028252378
+18028255951
+18028257758
+18028290586
+18028291498
+18028292443
+18028766622
+18028810607
+18029175736
+18029229821
+18029528356
+18029928829
+18032065464
+18032173808
+18032191303
+18032202429
+18032202537
+18032327751
+18032652631
+18032710951
+18032722226
+18032727997
+18032745061
+18032778899
+18032794427
+18032818673
+18033007171
+18033027126
+18033028672
+18033067110
+18033067356
+18033096942
+18033172219
+18033351936
+18033352124
+18033352859
+18033353941
+18033355212
+18033355215
+18033355236
+18033392763
+18033460065
+18033486349
+18033494939
+18033513346
+18033551936
+18033683980
+18033917821
+18034030225
+18034447832
+18034528033
+18034548456
+18034549028
+18034552785
+18034602564
+18034623322
+18034703613
+18034898133
+18034898138
+18035172216
+18035535394
+18035588164
+18035600587
+18035674148
+18035674150
+18035674163
+18035674178
+18035731053
+18035731058
+18035732464
+18035750680
+18035894864
+18035987607
+18035998408
+18035998851
+18036026229
+18036044531
+18036050857
+18036213365
+18036533861
+18036539512
+18036674560
+18036708045
+18036708999
+18036725107
+18036757275
+18036769608
+18036803220
+18036804849
+18036853966
+18037024152
+18037024711
+18037028609
+18037089222
+18037124583
+18037281737
+18037401208
+18037415738
+18037443150
+18037610693
+18037664404
+18037684354
+18037762244
+18037829037
+18037941848
+18037941985
+18037942137
+18037942368
+18038200786
+18038297161
+18038452121
+18038452125
+18038454201
+18038776851
+18038777406
+18038884201
+18039008496
+18039028841
+18039069651
+18039197800
+18039374154
+18039431002
+18039835081
+18042014046
+18042014106
+18042014942
+18042019646
+18042019785
+18042037396
+18042051263
+18042063502
+18042067763
+18042068720
+18042076527
+18042079346
+18042080178
+18042080438
+18042102946
+18042104016
+18042104020
+18042120335
+18042120341
+18042120344
+18042122130
+18042122896
+18042208144
+18042208756
+18042284282
+18042341414
+18042342266
+18042349020
+18042389876
+18042420350
+18042501569
+18042503690
+18042508715
+18042509647
+18042512377
+18042512493
+18042551036
+18042551037
+18042551122
+18042581658
+18042674000
+18042698337
+18042767890
+18042774879
+18042813935
+18042813963
+18042814530
+18042814586
+18042815022
+18042862705
+18042866897
+18042866986
+18042920101
+18042920620
+18042920932
+18042939419
+18042939422
+18042939423
+18042939424
+18042939425
+18042941670
+18042943937
+18042981216
+18042981342
+18042981773
+18042981987
+18042982369
+18042995130
+18043027691
+18043085303
+18043085349
+18043136390
+18043136940
+18043151893
+18043169741
+18043184761
+18043223293
+18043236800
+18043312112
+18043350225
+18043363943
+18043521001
+18043547000
+18043686149
+18043686238
+18043686549
+18043725680
+18043763567
+18043894123
+18043905095
+18043908914
+18043920635
+18043955959
+18043966465
+18044031087
+18044064785
+18044091539
+18044091875
+18044096077
+18044097454
+18044100008
+18044101201
+18044120800
+18044128012
+18044136342
+18044156360
+18044156912
+18044203000
+18044204838
+18044333151
+18044418393
+18044426510
+18044462227
+18044499126
+18044529182
+18044570330
+18044613421
+18044613432
+18044613464
+18044651132
+18044663176
+18044719066
+18044778007
+18044826668
+18044866861
+18044912130
+18044961049
+18045028593
+18045100416
+18045262525
+18045286062
+18045529910
+18045543033
+18045543036
+18045613048
+18045883159
+18045894708
+18045931091
+18045961074
+18045969740
+18045970248
+18045972332
+18046207021
+18046328131
+18046428078
+18046548388
+18046607925
+18046687104
+18046817256
+18047155262
+18047190060
+18047191434
+18047215118
+18047245057
+18047245095
+18047678675
+18047678684
+18047701728
+18047758080
+18047779819
+18047954797
+18048238124
+18048298219
+18048436509
+18048590295
+18048598219
+18048736676
+18049168700
+18049306474
+18049307417
+18049610012
+18049610019
+18049773808
+18049807938
+18049990673
+18052003038
+18052004355
+18052004443
+18052005936
+18052014294
+18052024119
+18052024153
+18052025024
+18052025626
+18052030293
+18052031039
+18052031316
+18052031317
+18052031460
+18052033850
+18052051752
+18052058187
+18052058201
+18052108019
+18052127110
+18052140032
+18052197566
+18052197614
+18052210158
+18052218283
+18052224634
+18052253791
+18052253805
+18052253843
+18052283487
+18052336731
+18052424445
+18052442183
+18052442491
+18052449500
+18052487655
+18052487659
+18052487662
+18052537514
+18052542512
+18052546281
+18052561468
+18052567749
+18052567753
+18052570453
+18052570475
+18052571620
+18052583469
+18052594148
+18052594503
+18052634056
+18052650648
+18052654309
+18052700495
+18052703585
+18052705403
+18052716083
+18052775040
+18052838794
+18052840956
+18052849432
+18052849454
+18052849818
+18052889814
+18052904791
+18053016223
+18053043284
+18053095678
+18053099717
+18053164256
+18053170205
+18053176250
+18053231019
+18053245443
+18053256256
+18053381233
+18053381380
+18053381623
+18053382277
+18053386274
+18053386312
+18053413079
+18053413281
+18053414909
+18053415428
+18053416112
+18053418198
+18053419440
+18053447991
+18053513556
+18053560773
+18053675177
+18053678900
+18053691490
+18053708609
+18053885178
+18053948891
+18054056176
+18054063263
+18054088315
+18054163217
+18054192911
+18054200268
+18054260698
+18054269393
+18054344633
+18054382260
+18054447832
+18054533901
+18054574175
+18054656249
+18054656497
+18054701948
+18054724004
+18054724693
+18054754387
+18054815629
+18054830763
+18054873266
+18054914903
+18054986796
+18055165194
+18055201994
+18055214886
+18055306380
+18055340853
+18055431816
+18055525256
+18055530432
+18055538219
+18055538358
+18055584610
+18055591301
+18055601500
+18055742089
+18055799184
+18055833266
+18055904158
+18055905139
+18056025380
+18056084501
+18056096089
+18056149665
+18056195368
+18056254649
+18056254853
+18056330239
+18056331305
+18056345211
+18056377214
+18056377243
+18056377249
+18056377456
+18056387589
+18056395010
+18056398729
+18056641989
+18056684144
+18056684314
+18057028909
+18057103136
+18057271794
+18057301710
+18057345030
+18057387143
+18057443242
+18057447020
+18057555609
+18057566665
+18057763018
+18057862244
+18058230402
+18058240077
+18058360110
+18058373135
+18058791183
+18058951743
+18058965565
+18058971183
+18059003868
+18059041009
+18059041349
+18059041577
+18059041698
+18059123113
+18059284635
+18059292211
+18059605323
+18059629596
+18059691076
+18059732314
+18059807978
+18059826536
+18062034843
+18062075448
+18062166518
+18062200264
+18062289856
+18062434489
+18062446588
+18062558040
+18062592151
+18062742322
+18062759713
+18063022466
+18063050416
+18063106722
+18063109499
+18063165586
+18063180824
+18063184633
+18063189651
+18063189855
+18063551738
+18063702735
+18063911019
+18063911599
+18063911758
+18063912313
+18063913212
+18063913515
+18063917121
+18064063286
+18064068570
+18064122410
+18064122462
+18064143060
+18064143163
+18064143517
+18064143530
+18064143534
+18064143535
+18064143536
+18064143538
+18064143550
+18064143560
+18064143577
+18064143588
+18064143591
+18064143596
+18064143609
+18064292629
+18064401291
+18064421409
+18064422293
+18064514710
+18064515154
+18064908565
+18065059189
+18065168773
+18065472870
+18065486277
+18065760650
+18065763563
+18065810781
+18065872320
+18065872324
+18065907341
+18065999486
+18066026229
+18066050065
+18066116600
+18066412370
+18066869090
+18066869152
+18066981259
+18067311021
+18067311181
+18067318263
+18067455358
+18067457890
+18067758202
+18067777890
+18067837051
+18067837904
+18068396568
+18068535397
+18069779396
+18077001595
+18077001597
+18077001599
+18082017918
+18082017939
+18082048536
+18082130101
+18082179425
+18082255412
+18082860803
+18083413281
+18083538192
+18083538518
+18083748188
+18083839302
+18084197371
+18084278895
+18084352775
+18084353411
+18084502454
+18084633715
+18084646872
+18084684020
+18084708280
+18084708440
+18084815562
+18085307622
+18085364880
+18085510858
+18086279318
+18086348344
+18086493111
+18086506688
+18087467421
+18087559092
+18087692278
+18088686228
+18089007539
+18089312480
+18089558441
+18098888558
+18102014999
+18102016193
+18102016196
+18102016198
+18102016294
+18102021706
+18102042019
+18102044469
+18102076201
+18102101540
+18102120178
+18102132063
+18102165718
+18102218818
+18102218995
+18102245027
+18102245028
+18102245113
+18102348255
+18102388627
+18102692084
+18102993257
+18103098223
+18103248143
+18103394019
+18103394390
+18103394395
+18103433324
+18103443245
+18103690720
+18104101920
+18104104973
+18104140485
+18104140493
+18104140495
+18104140499
+18104332703
+18104794110
+18104874529
+18105122142
+18105432488
+18105435395
+18105692803
+18105805694
+18105806291
+18106256831
+18106397729
+18106561778
+18106596689
+18106620010
+18106738666
+18106918908
+18107353481
+18107512466
+18107940275
+18109365094
+18109873949
+18122015413
+18122134327
+18122168155
+18122183144
+18122330065
+18122340000
+18122411176
+18122419463
+18122492610
+18122581250
+18122599058
+18122722583
+18122752544
+18122807890
+18122847331
+18122860310
+18122888644
+18123052383
+18123053058
+18123289654
+18123409720
+18123474211
+18123586299
+18124022631
+18124130074
+18124204332
+18125257116
+18125456825
+18125610206
+18125721106
+18125845874
+18126001239
+18126020965
+18126020977
+18126036927
+18126172893
+18126247482
+18126509077
+18127030327
+18127045388
+18127045440
+18127045446
+18127051957
+18127201468
+18127624166
+18127814309
+18127902423
+18127902425
+18127973426
+18128134363
+18128136566
+18128136588
+18128136595
+18128136597
+18128214952
+18129063370
+18129091665
+18129255074
+18129477596
+18129477601
+18129544319
+18132070109
+18132108119
+18132108121
+18132109278
+18132109290
+18132230800
+18132429576
+18132464571
+18132478000
+18132511311
+18132522039
+18132522691
+18132522692
+18132552638
+18132616252
+18132620025
+18132649468
+18132670269
+18132686751
+18132798487
+18132804797
+18132805417
+18132834002
+18132834004
+18132834015
+18132834017
+18132857137
+18132889500
+18132917164
+18132952840
+18132956032
+18132966770
+18133098784
+18133104385
+18133109215
+18133109236
+18133200315
+18133200338
+18133200605
+18133200929
+18133206605
+18133210874
+18133214140
+18133215116
+18133215186
+18133215654
+18133225097
+18133225123
+18133246618
+18133246621
+18133276067
+18133276068
+18133282209
+18133300812
+18133310318
+18133312112
+18133312408
+18133312412
+18133312414
+18133312523
+18133314156
+18133366680
+18133376255
+18133473401
+18133498712
+18133583986
+18133598660
+18133598662
+18133598665
+18133598667
+18133644992
+18133653765
+18133669800
+18133669900
+18133695554
+18133711911
+18133737718
+18133745391
+18133774781
+18133823347
+18133850833
+18133903856
+18133934720
+18133959973
+18133976164
+18133976188
+18133983705
+18133989827
+18133989857
+18134026596
+18134054788
+18134098745
+18134106409
+18134196553
+18134213951
+18134215394
+18134219135
+18134230148
+18134249428
+18134340773
+18134355761
+18134369338
+18134370505
+18134387927
+18134416508
+18134440230
+18134440669
+18134445408
+18134445409
+18134445582
+18134449828
+18134487954
+18134525031
+18134526818
+18134543497
+18134681843
+18134730985
+18134731057
+18134865219
+18134922170
+18134922817
+18134924948
+18134924970
+18134959770
+18134980263
+18135024492
+18135024584
+18135024592
+18135052298
+18135052615
+18135106072
+18135141264
+18135144577
+18135151807
+18135151836
+18135179402
+18135185298
+18135188849
+18135259066
+18135270595
+18135279479
+18135279718
+18135316947
+18135339563
+18135359687
+18135381397
+18135405350
+18135435375
+18135435460
+18135435553
+18135442057
+18135442081
+18135465012
+18135474636
+18135502705
+18135512798
+18135590300
+18135600145
+18135659196
+18135697738
+18135742605
+18135792646
+18136025875
+18136030634
+18136051067
+18136051068
+18136051069
+18136051070
+18136051099
+18136427307
+18136513410
+18136520207
+18136590620
+18136591362
+18136620347
+18136663211
+18136821400
+18136821404
+18136822448
+18136838152
+18136921273
+18136925257
+18136931302
+18136942736
+18136997322
+18137013641
+18137029234
+18137038614
+18137089238
+18137149192
+18137179329
+18137208112
+18137208222
+18137288615
+18137319006
+18137378511
+18137378518
+18137378561
+18137385940
+18137420587
+18137508469
+18137508520
+18137541789
+18137562960
+18137568634
+18137585175
+18137618765
+18137730019
+18137743786
+18137814967
+18137817256
+18137851162
+18137902870
+18137932681
+18137966532
+18137989813
+18138038283
+18138154175
+18138196836
+18138198613
+18138223699
+18138312727
+18138500155
+18138500159
+18138500171
+18138567562
+18138612939
+18138712817
+18138811700
+18138826582
+18138833280
+18138844237
+18138844253
+18138852115
+18138992012
+18139065208
+18139171698
+18139278360
+18139344063
+18139403373
+18139566188
+18139569973
+18139623518
+18139676763
+18139741824
+18139742201
+18139772701
+18139900239
+18139900958
+18139922186
+18139958545
+18142015170
+18142019063
+18142042156
+18142089187
+18142257131
+18142282875
+18142300645
+18142346976
+18142384222
+18142403425
+18142453955
+18142462672
+18142463193
+18142463284
+18142463456
+18142463938
+18142500951
+18142591217
+18142712815
+18142747041
+18142815846
+18142834666
+18142836435
+18142976065
+18142976974
+18142979363
+18143074731
+18143088307
+18143136931
+18143153782
+18143661302
+18143667316
+18143667370
+18143667389
+18143862072
+18144069576
+18144130957
+18144193873
+18144193875
+18144203064
+18144223629
+18144448815
+18144490274
+18144708747
+18144800646
+18144826307
+18145365230
+18145419658
+18145463547
+18146013026
+18146151180
+18146162821
+18146191246
+18146231477
+18146471485
+18146658948
+18146674520
+18146917302
+18146998710
+18147394045
+18147464178
+18147534736
+18147791847
+18147925300
+18147967447
+18148331498
+18148387169
+18149006509
+18149028368
+18149230976
+18149230978
+18149294521
+18149437890
+18149684588
+18149961845
+18152010068
+18152013002
+18152078383
+18152092430
+18152172343
+18152205150
+18152328257
+18152423013
+18152424590
+18152428124
+18152558090
+18152558390
+18152608327
+18152642311
+18152676990
+18152824562
+18152909183
+18152964498
+18153015707
+18153061104
+18153064145
+18153151508
+18153159168
+18153347661
+18153401729
+18153741085
+18153742976
+18153810841
+18153879400
+18153881903
+18153886224
+18153889083
+18153900015
+18153900252
+18153900612
+18153903238
+18154014805
+18154104398
+18154151180
+18154151272
+18154211202
+18154219259
+18154221052
+18154269003
+18154273555
+18154629511
+18154652196
+18154960605
+18154971019
+18155106032
+18155160966
+18155179267
+18155267036
+18155530627
+18155530631
+18155666271
+18155818114
+18155818116
+18156145024
+18156212226
+18156255979
+18156274062
+18156341027
+18156680305
+18156714361
+18156832052
+18156950054
+18157040136
+18157072016
+18157139161
+18157139163
+18157335213
+18157399614
+18157531817
+18157684655
+18157803644
+18157845577
+18157899522
+18158063033
+18158216349
+18158254661
+18158267297
+18158622143
+18158624579
+18158630826
+18158653162
+18158672491
+18158694079
+18158939455
+18158953288
+18159059353
+18159273396
+18159395258
+18159752467
+18159753321
+18159753590
+18159779090
+18159818750
+18162009316
+18162034107
+18162034137
+18162034167
+18162070107
+18162070109
+18162070347
+18162070718
+18162156536
+18162171853
+18162324111
+18162457360
+18162536036
+18162562024
+18162781280
+18162932665
+18162932724
+18162933634
+18162934038
+18162943588
+18162966195
+18162970019
+18162970155
+18162970159
+18162970160
+18162970161
+18162980812
+18163030531
+18163070037
+18163100141
+18163100702
+18163163853
+18163217684
+18163217790
+18163217814
+18163258741
+18163300855
+18163393233
+18163438761
+18163688111
+18163704171
+18163754003
+18163841337
+18163993087
+18164201002
+18164201006
+18164204632
+18164250636
+18164271789
+18164322014
+18164482116
+18164489200
+18164638111
+18164639298
+18164650224
+18164795803
+18164941021
+18164941864
+18164957744
+18165036075
+18165180333
+18165204895
+18165276625
+18165337980
+18165543314
+18165647056
+18165786201
+18165843750
+18166088392
+18166232184
+18166432712
+18166450021
+18166490841
+18166546448
+18166590222
+18166787232
+18166799285
+18166985857
+18167011445
+18167538822
+18167540038
+18167549540
+18167623946
+18167787560
+18168007756
+18168008994
+18168008998
+18168263057
+18168424545
+18168829926
+18168970392
+18168970395
+18168976980
+18169180414
+18169184197
+18169352774
+18169363000
+18169456742
+18169747395
+18172030333
+18172030453
+18172039011
+18172039014
+18172039022
+18172075365
+18172176989
+18172250076
+18172400250
+18172412681
+18172419680
+18172426512
+18172429611
+18172462411
+18172560658
+18172590481
+18172590636
+18172590674
+18172592050
+18172652073
+18172689223
+18172689756
+18172689758
+18172715500
+18172735501
+18172741696
+18172863445
+18172887202
+18172905513
+18173109040
+18173178078
+18173187850
+18173306052
+18173447505
+18173450891
+18173496704
+18173574873
+18173632385
+18173700382
+18173735957
+18173741485
+18173741496
+18173856963
+18173918887
+18173918889
+18173942349
+18173968621
+18174020091
+18174020771
+18174021475
+18174028500
+18174060230
+18174068242
+18174093049
+18174096740
+18174097505
+18174097661
+18174097795
+18174163922
+18174209810
+18174211266
+18174373127
+18174404436
+18174423274
+18174550437
+18174713073
+18174767212
+18174767219
+18174767237
+18174767240
+18174799154
+18174840372
+18174905038
+18174931918
+18174942331
+18175004360
+18175064176
+18175221846
+18175221868
+18175223233
+18175224136
+18175240369
+18175251024
+18175274394
+18175339843
+18175375353
+18175386129
+18175425496
+18175544520
+18175566058
+18175598362
+18175656900
+18175671425
+18175713614
+18175836387
+18175837570
+18175852091
+18175912057
+18175923435
+18176013744
+18176019608
+18176068731
+18176174340
+18176178172
+18176185704
+18176187399
+18176239383
+18176239955
+18176240049
+18176323500
+18176499067
+18176499284
+18176658325
+18176687591
+18176720212
+18176747577
+18176776097
+18176918782
+18176977062
+18177034700
+18177172804
+18177175458
+18177198667
+18177221401
+18177257635
+18177259584
+18177259587
+18177274685
+18177278686
+18177361144
+18177524003
+18177541423
+18177566060
+18177607051
+18177678836
+18177692745
+18177696864
+18177696878
+18177697162
+18177799014
+18177830516
+18177856107
+18177860836
+18177869074
+18177869075
+18177869080
+18177869318
+18177869321
+18177894899
+18177896273
+18177896323
+18177968953
+18177968983
+18177968985
+18178021496
+18178134555
+18178190340
+18178255761
+18178351807
+18178406436
+18178409801
+18178411984
+18178530261
+18178653626
+18178654077
+18178685566
+18178741700
+18178791069
+18178803439
+18178807215
+18178807785
+18178841111
+18178855092
+18178855208
+18178984792
+18179000325
+18179003651
+18179042951
+18179048304
+18179098600
+18179164570
+18179164574
+18179200640
+18179208530
+18179233030
+18179265955
+18179283130
+18179398417
+18179458759
+18179533316
+18179849698
+18182001034
+18182014460
+18182062777
+18182064554
+18182065273
+18182082780
+18182083428
+18182083475
+18182086716
+18182086947
+18182087762
+18182095009
+18182103174
+18182103792
+18182103870
+18182103871
+18182104652
+18182154211
+18182154219
+18182166641
+18182177817
+18182178460
+18182217312
+18182222229
+18182301470
+18182303095
+18182306095
+18182338486
+18182357249
+18182371286
+18182371293
+18182371294
+18182371466
+18182373582
+18182391445
+18182391450
+18182394893
+18182398238
+18182410000
+18182457121
+18182528329
+18182541070
+18182644382
+18182728572
+18182730355
+18182731044
+18182731153
+18182736602
+18182736661
+18182736840
+18182736849
+18182737553
+18182759534
+18182759671
+18182792477
+18182792692
+18182804790
+18182844457
+18182846551
+18182846923
+18182932556
+18182950202
+18182960004
+18182969881
+18183062252
+18183091455
+18183091761
+18183091794
+18183092045
+18183092641
+18183092753
+18183094906
+18183123115
+18183129380
+18183145035
+18183172880
+18183305803
+18183326658
+18183342862
+18183346563
+18183361756
+18183380129
+18183389634
+18183389691
+18183389695
+18183434223
+18183503901
+18183511165
+18183513527
+18183515710
+18183564756
+18183566661
+18183612550
+18183802205
+18183810327
+18183869691
+18183923849
+18183971369
+18184033341
+18184062930
+18184088057
+18184200720
+18184204298
+18184294616
+18184425302
+18184461162
+18184467363
+18184469754
+18184522292
+18184523695
+18184593778
+18184594163
+18184643080
+18184697491
+18184742200
+18184742202
+18184742205
+18184779010
+18184785780
+18184799344
+18184822193
+18184830974
+18184839354
+18184854922
+18184873331
+18184887411
+18184912519
+18184931918
+18184931971
+18184950211
+18184993217
+18185009631
+18185028310
+18185095956
+18185107700
+18185211769
+18185217890
+18185218126
+18185221430
+18185274166
+18185284440
+18185302242
+18185322005
+18185322017
+18185322742
+18185328004
+18185336760
+18185339746
+18185451728
+18185463794
+18185546252
+18185561985
+18185704568
+18185705560
+18185709924
+18185735390
+18185741773
+18185741781
+18185741782
+18185756302
+18185756471
+18185771800
+18185780699
+18185780752
+18185783135
+18185821547
+18185823365
+18185830026
+18185842457
+18186004263
+18186143752
+18186191741
+18186292076
+18186303396
+18186349229
+18186380340
+18186389899
+18186398162
+18186399370
+18186415048
+18186415049
+18186418812
+18186451284
+18186462927
+18186492120
+18186495449
+18186503175
+18186508489
+18186513349
+18186517868
+18186517872
+18186517877
+18186517884
+18186517892
+18186517896
+18186517903
+18186517928
+18186547780
+18186549999
+18186581672
+18186590625
+18186596249
+18186598271
+18186601194
+18186601641
+18186604952
+18186604959
+18186653258
+18186657293
+18186660904
+18186664016
+18186664018
+18186664465
+18186669025
+18186683545
+18186685259
+18186685373
+18186698528
+18186711061
+18186814259
+18186883519
+18186887085
+18186915964
+18186960328
+18186981514
+18187187229
+18187218104
+18187245923
+18187360518
+18187364000
+18187387384
+18187387584
+18187387585
+18187387798
+18187390617
+18187412136
+18187413721
+18187421326
+18187426049
+18187439035
+18187449848
+18187451399
+18187452553
+18187488075
+18187549739
+18187555565
+18187567488
+18187689900
+18187775709
+18187896539
+18187907709
+18187946994
+18187960936
+18187962790
+18187966936
+18187974094
+18187989757
+18188045251
+18188060397
+18188061399
+18188067312
+18188080420
+18188127026
+18188170570
+18188170578
+18188170878
+18188243472
+18188439669
+18188477043
+18188478509
+18188505549
+18188507219
+18188507439
+18188581051
+18188588972
+18188597623
+18188600347
+18188622015
+18188622176
+18188675309
+18188730763
+18188753026
+18188777422
+18188787643
+18188823337
+18188830413
+18188903853
+18188906843
+18189001115
+18189001472
+18189005213
+18189009904
+18189009984
+18189011147
+18189141072
+18189214902
+18189216985
+18189231551
+18189256385
+18189264757
+18189270254
+18189270729
+18189270732
+18189270736
+18189270738
+18189270739
+18189270741
+18189270742
+18189270743
+18189270745
+18189270746
+18189270748
+18189270749
+18189270751
+18189285983
+18189305379
+18189305505
+18189333373
+18189367482
+18189371186
+18189432134
+18189450358
+18189452711
+18189454237
+18189600424
+18189600603
+18189627417
+18189750352
+18189752109
+18189764315
+18189940520
+18192727569
+18195959419
+18203006372
+18203331439
+18203364001
+18227698398
+18234212961
+18244416543
+18252938844
+18265298095
+18273552975
+18282023245
+18282120198
+18282145590
+18282160827
+18282297402
+18282297403
+18282297410
+18282335449
+18282374009
+18282480796
+18282480814
+18282731839
+18282761380
+18282763175
+18282822309
+18282897434
+18282941513
+18283070483
+18283325416
+18283339249
+18283411517
+18283412730
+18283412733
+18283482869
+18283516980
+18283517624
+18283562537
+18283563950
+18283651145
+18283670866
+18283673731
+18283721073
+18283736209
+18283738337
+18283749796
+18283796048
+18283810507
+18283827203
+18283859152
+18283869038
+18283921752
+18283938815
+18283951183
+18284080749
+18284190264
+18284191366
+18284191369
+18284349808
+18284368694
+18284404527
+18284491144
+18284585157
+18284633043
+18284815074
+18284834119
+18284842519
+18284846874
+18284846943
+18284893423
+18285081972
+18285219672
+18285238064
+18285426845
+18285448153
+18285486791
+18285514796
+18286163452
+18286398280
+18286596075
+18286623648
+18286766207
+18287388488
+18287432063
+18287507092
+18287595639
+18287610134
+18287732629
+18288199299
+18288297022
+18288653032
+18288653033
+18288655224
+18288913683
+18289004039
+18289190931
+18289263687
+18289294124
+18289988298
+18293180052
+18302000422
+18302011031
+18302011230
+18302011236
+18302011237
+18302011242
+18302011243
+18302011273
+18302013609
+18302021675
+18302061812
+18302102001
+18302124407
+18302126736
+18302170198
+18302170736
+18302328950
+18302400220
+18302507412
+18302532624
+18302556340
+18302610745
+18302612647
+18302612716
+18302646676
+18302710663
+18302710713
+18302747008
+18302780676
+18302824332
+18302838036
+18302840900
+18303107016
+18303281341
+18304070997
+18304280016
+18304319763
+18304434021
+18304521147
+18304521168
+18304521205
+18304602089
+18304602090
+18304680320
+18304684104
+18304684107
+18304691503
+18305222713
+18305228913
+18305290464
+18305405245
+18305426346
+18305493159
+18306063463
+18306068500
+18306241232
+18306248272
+18306670003
+18306884017
+18306895820
+18307339038
+18307489295
+18307575039
+18312000746
+18312010362
+18312044718
+18312049759
+18312170351
+18312171159
+18312174305
+18312186665
+18312216700
+18312216992
+18312217865
+18312219008
+18312219010
+18312225499
+18312302111
+18312302275
+18312315369
+18312322569
+18312445170
+18312445769
+18312449981
+18312500867
+18312631286
+18312631287
+18312631566
+18312686650
+18312747040
+18312758074
+18312788233
+18312919997
+18312930759
+18313010110
+18313093605
+18313131469
+18313169795
+18313217346
+18313870507
+18313871726
+18314173428
+18314434435
+18315081473
+18315083717
+18315326723
+18315802671
+18316030250
+18316120200
+18316122158
+18316122185
+18316122246
+18316123098
+18316123099
+18316228497
+18316521626
+18316618090
+18316675137
+18317043890
+18317043891
+18317047422
+18317086519
+18317412045
+18317784169
+18318567456
+18318569632
+18318675023
+18318884421
+18319155058
+18319205432
+18319752825
+18322063369
+18322103786
+18322109010
+18322109014
+18322109091
+18322201045
+18322205730
+18322253016
+18322329580
+18322405112
+18322410918
+18322412583
+18322415105
+18322417011
+18322417057
+18322417072
+18322467034
+18322467094
+18322467354
+18322517327
+18322517344
+18322517350
+18322517351
+18322517353
+18322517383
+18322561636
+18322600655
+18322639094
+18322661772
+18322755841
+18322758211
+18322821649
+18322872320
+18322937724
+18322993444
+18323012904
+18323014041
+18323036856
+18323042464
+18323063923
+18323070200
+18323098996
+18323193990
+18323193991
+18323232189
+18323236077
+18323253500
+18323429120
+18323460687
+18323508667
+18323644633
+18323653425
+18323765007
+18323811131
+18323829146
+18323873383
+18323879224
+18323892950
+18323976159
+18324000157
+18324089740
+18324104212
+18324130187
+18324130595
+18324130598
+18324262005
+18324262008
+18324263978
+18324292648
+18324292848
+18324329117
+18324347254
+18324354904
+18324554195
+18324623513
+18324760437
+18324787033
+18324797563
+18324948741
+18324979021
+18325049749
+18325093415
+18325107217
+18325182252
+18325218669
+18325276425
+18325321576
+18325365451
+18325397860
+18325684391
+18325684403
+18325687833
+18325823966
+18325858595
+18325859948
+18325944865
+18326021652
+18326125957
+18326125958
+18326158408
+18326323870
+18326375276
+18326396378
+18326452412
+18326454516
+18326487302
+18326487314
+18326487363
+18326487547
+18326530460
+18326531497
+18326545895
+18326566137
+18326647667
+18326659584
+18326849012
+18326854732
+18327057854
+18327057913
+18327060037
+18327071526
+18327086040
+18327126142
+18327274840
+18327279357
+18327305407
+18327305435
+18327305441
+18327305442
+18327305444
+18327349931
+18327370562
+18327420127
+18327420422
+18327616076
+18327617152
+18327637713
+18327648172
+18327675867
+18327694634
+18327704626
+18327773047
+18327778948
+18327909109
+18327929212
+18327936039
+18327936078
+18328022046
+18328026093
+18328026163
+18328121578
+18328136000
+18328152651
+18328193608
+18328313531
+18328381380
+18328521836
+18328570274
+18328580144
+18328587649
+18328610428
+18328612052
+18328616942
+18328623194
+18328623270
+18328623362
+18328627258
+18328661911
+18328713734
+18328739932
+18328788706
+18328953481
+18328955045
+18328957097
+18329003326
+18329009132
+18329090066
+18329125520
+18329135827
+18329152726
+18329162009
+18329377413
+18329407442
+18329410889
+18329411172
+18329423917
+18329530224
+18329633916
+18329738068
+18329757932
+18329758116
+18329758126
+18329822408
+18332010722
+18332023068
+18332037610
+18332040420
+18332053939
+18332066276
+18332069213
+18332071621
+18332072615
+18332079515
+18332079516
+18332079518
+18332079519
+18332079522
+18332082735
+18332091212
+18332105622
+18332129897
+18332130991
+18332130993
+18332131002
+18332131005
+18332133617
+18332133622
+18332133698
+18332133710
+18332133714
+18332133718
+18332133721
+18332134509
+18332134724
+18332134730
+18332134749
+18332134751
+18332136669
+18332138491
+18332148571
+18332149034
+18332162439
+18332173824
+18332178326
+18332197910
+18332210238
+18332210241
+18332211584
+18332213800
+18332217047
+18332234434
+18332234435
+18332236002
+18332246301
+18332250851
+18332252262
+18332258017
+18332259738
+18332259739
+18332260400
+18332266057
+18332267974
+18332281687
+18332281816
+18332281900
+18332285926
+18332302990
+18332312083
+18332332325
+18332348333
+18332351265
+18332398555
+18332426587
+18332444125
+18332451822
+18332468524
+18332483365
+18332485945
+18332505081
+18332506306
+18332551515
+18332559739
+18332567316
+18332576210
+18332590342
+18332595854
+18332596499
+18332598624
+18332602715
+18332610858
+18332615681
+18332626808
+18332632690
+18332650442
+18332655158
+18332655162
+18332675204
+18332676094
+18332677690
+18332701357
+18332708066
+18332747337
+18332781518
+18332801095
+18332801096
+18332805187
+18332821326
+18332836880
+18332855267
+18332891205
+18332902999
+18332965703
+18332990885
+18332996997
+18333004888
+18333033128
+18333033479
+18333035223
+18333041347
+18333041407
+18333041437
+18333041447
+18333044047
+18333044147
+18333063343
+18333070869
+18333080105
+18333110849
+18333123169
+18333123261
+18333170606
+18333217506
+18333220089
+18333230383
+18333255722
+18333300367
+18333334122
+18333351439
+18333352336
+18333352692
+18333376733
+18333452371
+18333486746
+18333503542
+18333521145
+18333547492
+18333547493
+18333547494
+18333547495
+18333547496
+18333547498
+18333547499
+18333572734
+18333572744
+18333582470
+18333592143
+18333592145
+18333592149
+18333620388
+18333654491
+18333660127
+18333661589
+18333689297
+18333724876
+18333725815
+18333740115
+18333741517
+18333750817
+18333755061
+18333761952
+18333761953
+18333761954
+18333792121
+18333802920
+18333811150
+18333822390
+18333822429
+18333822440
+18333862650
+18333862651
+18333876368
+18333878230
+18333903968
+18333913871
+18333932065
+18333950170
+18333980833
+18333992300
+18333992674
+18334029203
+18334034015
+18334045029
+18334054260
+18334078846
+18334084606
+18334112758
+18334131238
+18334172274
+18334172650
+18334179238
+18334182147
+18334211235
+18334231084
+18334232614
+18334254981
+18334260252
+18334260253
+18334262023
+18334312053
+18334312935
+18334312961
+18334313522
+18334313530
+18334313551
+18334313798
+18334354428
+18334370484
+18334410296
+18334416776
+18334428710
+18334428849
+18334446798
+18334466329
+18334470376
+18334471613
+18334481533
+18334488299
+18334520503
+18334542632
+18334670091
+18334711959
+18334744599
+18334791036
+18334800781
+18334860392
+18334872543
+18334872544
+18334872777
+18334951009
+18334962498
+18335021490
+18335062088
+18335114325
+18335114333
+18335114334
+18335114363
+18335114410
+18335114430
+18335114480
+18335114490
+18335114700
+18335114826
+18335114994
+18335141858
+18335151696
+18335152855
+18335152857
+18335152860
+18335152863
+18335152864
+18335152870
+18335152871
+18335152873
+18335152874
+18335243202
+18335250962
+18335258080
+18335297813
+18335303142
+18335314371
+18335322944
+18335339134
+18335361100
+18335362372
+18335380585
+18335395591
+18335395594
+18335400824
+18335424793
+18335424799
+18335424801
+18335440897
+18335472524
+18335474837
+18335490757
+18335510677
+18335511710
+18335521038
+18335535076
+18335543181
+18335567666
+18335571381
+18335573104
+18335592423
+18335607772
+18335645773
+18335667791
+18335700162
+18335720405
+18335722127
+18335740734
+18335742273
+18335850144
+18335860104
+18335878844
+18335878974
+18335879070
+18335879095
+18335883789
+18335883799
+18335883805
+18335901458
+18335913828
+18335931237
+18335951090
+18335972191
+18336014954
+18336040970
+18336043142
+18336043670
+18336043675
+18336043677
+18336043678
+18336043839
+18336043866
+18336043908
+18336081256
+18336132719
+18336148722
+18336282106
+18336300764
+18336360996
+18336370150
+18336370169
+18336370170
+18336394367
+18336441901
+18336471620
+18336471626
+18336471627
+18336471666
+18336480004
+18336483466
+18336527555
+18336561823
+18336693764
+18336720281
+18336740565
+18336742050
+18336762550
+18336764106
+18336767468
+18336802022
+18336816641
+18336824940
+18336829138
+18336840624
+18336843181
+18336902928
+18336914015
+18336927773
+18336941928
+18336956345
+18336966552
+18337002304
+18337002307
+18337023445
+18337061202
+18337090676
+18337093500
+18337111988
+18337122595
+18337177560
+18337212351
+18337212651
+18337212921
+18337220401
+18337220409
+18337220416
+18337231484
+18337231485
+18337231490
+18337231496
+18337265434
+18337280092
+18337283874
+18337296231
+18337314153
+18337330844
+18337350396
+18337351891
+18337351894
+18337413507
+18337418071
+18337420769
+18337426125
+18337440428
+18337466947
+18337492347
+18337539194
+18337587428
+18337591656
+18337640566
+18337640786
+18337641600
+18337680242
+18337687089
+18337728053
+18337782158
+18337816874
+18337818400
+18337818549
+18337827181
+18337831601
+18337842177
+18337842614
+18337852395
+18337912464
+18337912571
+18337931134
+18337956093
+18338023185
+18338031447
+18338041447
+18338057750
+18338143111
+18338161075
+18338173933
+18338200704
+18338237590
+18338280090
+18338359700
+18338381038
+18338410674
+18338438360
+18338534786
+18338535638
+18338537277
+18338552510
+18338572965
+18338580150
+18338590650
+18338601445
+18338602666
+18338614044
+18338620724
+18338627313
+18338640026
+18338658699
+18338683374
+18338691087
+18338714442
+18338716141
+18338716790
+18338760584
+18338800519
+18338832196
+18338868162
+18338881232
+18338881252
+18338888105
+18338920620
+18338971748
+18338991264
+18338995275
+18338995666
+18339003738
+18339020113
+18339040820
+18339051655
+18339123567
+18339123597
+18339132040
+18339190971
+18339190977
+18339193985
+18339202196
+18339203701
+18339238440
+18339322073
+18339322531
+18339373307
+18339413650
+18339472281
+18339495764
+18339523640
+18339533205
+18339553083
+18339554305
+18339590215
+18339590935
+18339652995
+18339653008
+18339680085
+18339683914
+18339704140
+18339760552
+18339760970
+18339780980
+18339780994
+18339833264
+18339870675
+18339883445
+18339940999
+18354265153
+18362644597
+18374856278
+18382033889
+18382172867
+18382174220
+18382228803
+18382453414
+18382533485
+18382731439
+18383843806
+18384445463
+18392009012
+18392637529
+18402167504
+18432030540
+18432035270
+18432039342
+18432106846
+18432126981
+18432129708
+18432142600
+18432174115
+18432174178
+18432174210
+18432257415
+18432359856
+18432423081
+18432498969
+18432562189
+18432564887
+18432588665
+18432730138
+18432770228
+18432793624
+18432817009
+18432849597
+18433064939
+18433103735
+18433141973
+18433147854
+18433254342
+18433255835
+18433332666
+18433523227
+18433531094
+18433534278
+18433546881
+18433905035
+18434015215
+18434015217
+18434015220
+18434015306
+18434058011
+18434084339
+18434104785
+18434105864
+18434107133
+18434148808
+18434169795
+18434411167
+18434447832
+18434591469
+18434597451
+18434606104
+18434615712
+18434616714
+18434617245
+18434663870
+18434813031
+18434813051
+18434813056
+18434838752
+18434924165
+18434925997
+18434934488
+18434945482
+18435010220
+18435012386
+18435041806
+18435071987
+18435078321
+18435078393
+18435161022
+18435165642
+18435319293
+18435345823
+18435345825
+18435436684
+18435472233
+18435474552
+18435488892
+18435575011
+18435575724
+18435614781
+18435762436
+18435806452
+18435854135
+18435885319
+18435938149
+18435938950
+18435945478
+18435987642
+18436038584
+18436054325
+18436143440
+18436282895
+18436363178
+18436470950
+18436471244
+18436480028
+18436611823
+18437109764
+18437130566
+18437270400
+18437423514
+18437462200
+18437489641
+18437554490
+18437554837
+18437570479
+18437661073
+18437889574
+18437889576
+18437889577
+18437889578
+18437889580
+18437889595
+18437901013
+18437930197
+18437930222
+18438046779
+18438080858
+18438237386
+18438557908
+18438673683
+18438688061
+18438720951
+18438748731
+18438832246
+18438851496
+18439000744
+18439220643
+18439585661
+18442006446
+18442014164
+18442016600
+18442021613
+18442026382
+18442027283
+18442042220
+18442046421
+18442048321
+18442048397
+18442049279
+18442049297
+18442052136
+18442052138
+18442055405
+18442055740
+18442068573
+18442069035
+18442071027
+18442071532
+18442076316
+18442092658
+18442103666
+18442103999
+18442104999
+18442105817
+18442106179
+18442107999
+18442120179
+18442120182
+18442127235
+18442127236
+18442137850
+18442137851
+18442164104
+18442165647
+18442184214
+18442187090
+18442189634
+18442202354
+18442214561
+18442216919
+18442257350
+18442267609
+18442268637
+18442268646
+18442277557
+18442279814
+18442283340
+18442283493
+18442291354
+18442297627
+18442301117
+18442301289
+18442320537
+18442321961
+18442323602
+18442323603
+18442323620
+18442323765
+18442326582
+18442332175
+18442342500
+18442342994
+18442348025
+18442349014
+18442349424
+18442356275
+18442369699
+18442370593
+18442385878
+18442395641
+18442401954
+18442402046
+18442402047
+18442408267
+18442409758
+18442417153
+18442427020
+18442427356
+18442432024
+18442432207
+18442432208
+18442435515
+18442441223
+18442444554
+18442446363
+18442449279
+18442450877
+18442455720
+18442468944
+18442475123
+18442476688
+18442486949
+18442489066
+18442492624
+18442492625
+18442503112
+18442506060
+18442508578
+18442512713
+18442513974
+18442514738
+18442518665
+18442520356
+18442527583
+18442530230
+18442534896
+18442557020
+18442561214
+18442561478
+18442566385
+18442567941
+18442579988
+18442584079
+18442605640
+18442606530
+18442619166
+18442619170
+18442624014
+18442626856
+18442633149
+18442635087
+18442651384
+18442658210
+18442660301
+18442662462
+18442684632
+18442685318
+18442698850
+18442718465
+18442724633
+18442727666
+18442729486
+18442731889
+18442734501
+18442737588
+18442739727
+18442745705
+18442754501
+18442760353
+18442766779
+18442770893
+18442773923
+18442779826
+18442787982
+18442788485
+18442791644
+18442791645
+18442792535
+18442792537
+18442792743
+18442796222
+18442797422
+18442797423
+18442797424
+18442797425
+18442797426
+18442797429
+18442797430
+18442797431
+18442797562
+18442807660
+18442817678
+18442827667
+18442835487
+18442840931
+18442841086
+18442841104
+18442844334
+18442845550
+18442848607
+18442849966
+18442857474
+18442866507
+18442871856
+18442873438
+18442875008
+18442895016
+18442895017
+18442897549
+18442902291
+18442902914
+18442903806
+18442907031
+18442907067
+18442907590
+18442907999
+18442929779
+18442936535
+18442941749
+18442947816
+18442948858
+18442953973
+18442962738
+18442966777
+18442972317
+18442983381
+18442984707
+18442984709
+18442999339
+18443023338
+18443035144
+18443055030
+18443060130
+18443070993
+18443076769
+18443076772
+18443079453
+18443084802
+18443086815
+18443086816
+18443089818
+18443102227
+18443109793
+18443116909
+18443128787
+18443129285
+18443129297
+18443132579
+18443133675
+18443133753
+18443137979
+18443152948
+18443182292
+18443186217
+18443191130
+18443192072
+18443194970
+18443195015
+18443196705
+18443197999
+18443241299
+18443245273
+18443246264
+18443250371
+18443250807
+18443251255
+18443252016
+18443252778
+18443253887
+18443254482
+18443255773
+18443259320
+18443267737
+18443267745
+18443275711
+18443276987
+18443282208
+18443302020
+18443306988
+18443313275
+18443313289
+18443313337
+18443333911
+18443349105
+18443351073
+18443351132
+18443355695
+18443355696
+18443355701
+18443355702
+18443372672
+18443405070
+18443431591
+18443446750
+18443452798
+18443492215
+18443532623
+18443555570
+18443558787
+18443562810
+18443581565
+18443596999
+18443625478
+18443625479
+18443626662
+18443629238
+18443648088
+18443662190
+18443681636
+18443690787
+18443693859
+18443700311
+18443706818
+18443718195
+18443718777
+18443723519
+18443748851
+18443774136
+18443778313
+18443783444
+18443798620
+18443801606
+18443804510
+18443807468
+18443812562
+18443812564
+18443812870
+18443812871
+18443812872
+18443820679
+18443824227
+18443843479
+18443844172
+18443844437
+18443846447
+18443851053
+18443856929
+18443859047
+18443866948
+18443867548
+18443868577
+18443868578
+18443868584
+18443868588
+18443868853
+18443868965
+18443870741
+18443895715
+18443920888
+18443940579
+18443957947
+18443975799
+18443997994
+18443999881
+18444005452
+18444005654
+18444008777
+18444022726
+18444031343
+18444039951
+18444054868
+18444062201
+18444101631
+18444102227
+18444117811
+18444123400
+18444156966
+18444167136
+18444180093
+18444190399
+18444190664
+18444191376
+18444211299
+18444216867
+18444227849
+18444234448
+18444251983
+18444260583
+18444270553
+18444274358
+18444277526
+18444280853
+18444281400
+18444281804
+18444281835
+18444282073
+18444282688
+18444282894
+18444299638
+18444322275
+18444325911
+18444325958
+18444325959
+18444325962
+18444325963
+18444325964
+18444340109
+18444340122
+18444340126
+18444341141
+18444350017
+18444360211
+18444402807
+18444408188
+18444417400
+18444417716
+18444421222
+18444430440
+18444456618
+18444458570
+18444458787
+18444464490
+18444470341
+18444480584
+18444525035
+18444534040
+18444542914
+18444562715
+18444588968
+18444597559
+18444608554
+18444629294
+18444634019
+18444636837
+18444665519
+18444666177
+18444682990
+18444682992
+18444694647
+18444697428
+18444701089
+18444728791
+18444739192
+18444742375
+18444752103
+18444773492
+18444775561
+18444777500
+18444786243
+18444853204
+18444853206
+18444853666
+18444868729
+18444873324
+18444878478
+18444883732
+18444887414
+18444900728
+18444901712
+18444914763
+18444921933
+18444929645
+18444946060
+18444946902
+18444947248
+18444957186
+18444957189
+18444988888
+18444992002
+18444992053
+18445000907
+18445014817
+18445037655
+18445037858
+18445053328
+18445059361
+18445063962
+18445071006
+18445085610
+18445092929
+18445093311
+18445093321
+18445097636
+18445101807
+18445101813
+18445103834
+18445122627
+18445123052
+18445123080
+18445123997
+18445124100
+18445127930
+18445128796
+18445133139
+18445135310
+18445135675
+18445136278
+18445146247
+18445178655
+18445180394
+18445192103
+18445192104
+18445199681
+18445206222
+18445232020
+18445232765
+18445232811
+18445232845
+18445232877
+18445232974
+18445233124
+18445233125
+18445233131
+18445233135
+18445233137
+18445233138
+18445233139
+18445233141
+18445233145
+18445233146
+18445233153
+18445233172
+18445233228
+18445233298
+18445233301
+18445233412
+18445233415
+18445233418
+18445233441
+18445233445
+18445233446
+18445233449
+18445233451
+18445233453
+18445233454
+18445233458
+18445233460
+18445233469
+18445233494
+18445233495
+18445233520
+18445233521
+18445233522
+18445233525
+18445233526
+18445233527
+18445233530
+18445233538
+18445233874
+18445233980
+18445239067
+18445256434
+18445261476
+18445271104
+18445273418
+18445304930
+18445322958
+18445330618
+18445330777
+18445376476
+18445399192
+18445399193
+18445399196
+18445402343
+18445402346
+18445402377
+18445410500
+18445453434
+18445464260
+18445480110
+18445501941
+18445502555
+18445510556
+18445510557
+18445510558
+18445510559
+18445510560
+18445510568
+18445510569
+18445510574
+18445510578
+18445510579
+18445510592
+18445510593
+18445510602
+18445515559
+18445531067
+18445547263
+18445567254
+18445598328
+18445605739
+18445612499
+18445612653
+18445620342
+18445643666
+18445734400
+18445760494
+18445823321
+18445840766
+18445841564
+18445844373
+18445850488
+18445861074
+18445862549
+18445863948
+18445867726
+18445874369
+18445875587
+18445882384
+18445896219
+18445902230
+18445921992
+18445923171
+18445926144
+18445942451
+18445974111
+18446001699
+18446002765
+18446031119
+18446040006
+18446040007
+18446045265
+18446050271
+18446050274
+18446051165
+18446057452
+18446075103
+18446084474
+18446084774
+18446089496
+18446095767
+18446126477
+18446129931
+18446143441
+18446146446
+18446149382
+18446160785
+18446162641
+18446170561
+18446181170
+18446201714
+18446222243
+18446225114
+18446228179
+18446237334
+18446237367
+18446245582
+18446258520
+18446270633
+18446271117
+18446290782
+18446333546
+18446340487
+18446386907
+18446390718
+18446400874
+18446431623
+18446443025
+18446454737
+18446473872
+18446494630
+18446510739
+18446510748
+18446518694
+18446520261
+18446536232
+18446554471
+18446555382
+18446593918
+18446615443
+18446618191
+18446618919
+18446621666
+18446627732
+18446628940
+18446640869
+18446640891
+18446651021
+18446660661
+18446666076
+18446683974
+18446685125
+18446729120
+18446740389
+18446767745
+18446792933
+18446793338
+18446806653
+18446812007
+18446812008
+18446818992
+18446824502
+18446854485
+18446873255
+18446884955
+18446884958
+18446897746
+18446904957
+18446908191
+18446910028
+18446950258
+18446951381
+18446959395
+18446963628
+18446988333
+18446999707
+18447005873
+18447012033
+18447022125
+18447038257
+18447038349
+18447048332
+18447049299
+18447049305
+18447050292
+18447065692
+18447065693
+18447065694
+18447067489
+18447071925
+18447078481
+18447101698
+18447102488
+18447103049
+18447113511
+18447113611
+18447115509
+18447122130
+18447147387
+18447171177
+18447201765
+18447222209
+18447234459
+18447262832
+18447274598
+18447274644
+18447274745
+18447274814
+18447276001
+18447279203
+18447310546
+18447312396
+18447326810
+18447341625
+18447341803
+18447342092
+18447353755
+18447359449
+18447372700
+18447400921
+18447425808
+18447429295
+18447445349
+18447453371
+18447459460
+18447466464
+18447551922
+18447553258
+18447553550
+18447572614
+18447589245
+18447590103
+18447599838
+18447604347
+18447607200
+18447610812
+18447610813
+18447614107
+18447622875
+18447646867
+18447668509
+18447684671
+18447690909
+18447697025
+18447698933
+18447699878
+18447699880
+18447710230
+18447723181
+18447731404
+18447736496
+18447757706
+18447762720
+18447764713
+18447766275
+18447769829
+18447787451
+18447806728
+18447806738
+18447810747
+18447822737
+18447892129
+18447901700
+18447902700
+18447912577
+18447933456
+18447960648
+18447974605
+18448002227
+18448011792
+18448012597
+18448019992
+18448041295
+18448074222
+18448085890
+18448093003
+18448094105
+18448095828
+18448097717
+18448098786
+18448122411
+18448141800
+18448162345
+18448171424
+18448175177
+18448176593
+18448181159
+18448196199
+18448222856
+18448230319
+18448235767
+18448253778
+18448261198
+18448261199
+18448292391
+18448299084
+18448300555
+18448310132
+18448371861
+18448380403
+18448395060
+18448397770
+18448398816
+18448414180
+18448439159
+18448440091
+18448440178
+18448452144
+18448456551
+18448456552
+18448467465
+18448474338
+18448476236
+18448495687
+18448509552
+18448526230
+18448527636
+18448529440
+18448532138
+18448534854
+18448545518
+18448545527
+18448545865
+18448565699
+18448567769
+18448620643
+18448625032
+18448636813
+18448637350
+18448663867
+18448671555
+18448684193
+18448688442
+18448691172
+18448709806
+18448717942
+18448719487
+18448720867
+18448724681
+18448727648
+18448736057
+18448738179
+18448740222
+18448754610
+18448755153
+18448755157
+18448770123
+18448770407
+18448770492
+18448787617
+18448790568
+18448800622
+18448803396
+18448803403
+18448817488
+18448824641
+18448829452
+18448843758
+18448846694
+18448853831
+18448856604
+18448864265
+18448864604
+18448908376
+18448909215
+18448909217
+18448915781
+18448918234
+18448919731
+18448924679
+18448925742
+18448925874
+18448935577
+18448943962
+18448972902
+18448973388
+18448982918
+18448983916
+18448994849
+18449000244
+18449002227
+18449023883
+18449101196
+18449130111
+18449160448
+18449200107
+18449210533
+18449229930
+18449231953
+18449247733
+18449248710
+18449250796
+18449314299
+18449314326
+18449314328
+18449327356
+18449341370
+18449350430
+18449351745
+18449366008
+18449411975
+18449421180
+18449448447
+18449448449
+18449473784
+18449484910
+18449503933
+18449503953
+18449520909
+18449520999
+18449521010
+18449527320
+18449543210
+18449551483
+18449562101
+18449583771
+18449593714
+18449623878
+18449623880
+18449626776
+18449650017
+18449721983
+18449800955
+18449832099
+18449842331
+18449842451
+18449862166
+18449862168
+18449863881
+18449873493
+18449873498
+18449882046
+18449888888
+18449891018
+18449891078
+18449891702
+18449891708
+18449891711
+18449912005
+18449914210
+18449933063
+18449933900
+18449951963
+18449975678
+18449994057
+18452059221
+18452059465
+18452059466
+18452078919
+18452080271
+18452084167
+18452109586
+18452156980
+18452243132
+18452288345
+18452299454
+18452311077
+18452344343
+18452375664
+18452407100
+18452412303
+18452436560
+18452440184
+18452492462
+18452592033
+18452592152
+18452592160
+18452592161
+18452599035
+18452610922
+18452623296
+18452623745
+18452625428
+18452631038
+18452631115
+18452631230
+18452631270
+18452631278
+18452633917
+18452641590
+18452648976
+18452702657
+18452711333
+18452770281
+18452779703
+18452806149
+18452826280
+18452859863
+18452862933
+18452888898
+18452932344
+18452953672
+18453021656
+18453195111
+18453318473
+18453351907
+18453352142
+18453583844
+18453630189
+18453630494
+18453632471
+18453635383
+18453637555
+18453638453
+18453652500
+18453661352
+18453731048
+18453733239
+18453740077
+18453779576
+18453790363
+18453913635
+18453930330
+18453942020
+18454038009
+18454098684
+18454154252
+18454228061
+18454232214
+18454451843
+18454452397
+18454452410
+18454453713
+18454453816
+18454454324
+18454454426
+18454454548
+18454454575
+18454454763
+18454502153
+18454517101
+18454540535
+18454592756
+18454594954
+18454612033
+18454699827
+18454700285
+18454784898
+18454789735
+18454789802
+18454789925
+18454789927
+18454811180
+18454818159
+18454818643
+18454953006
+18454973006
+18455073193
+18455125023
+18455136215
+18455149275
+18455149690
+18455149869
+18455204795
+18455204800
+18455204805
+18455206136
+18455207419
+18455209200
+18455217975
+18455232501
+18455370694
+18455533245
+18455534728
+18455574500
+18455577053
+18455642186
+18455642541
+18455766641
+18455790004
+18455790351
+18455821810
+18455827027
+18455827032
+18455827039
+18455827048
+18455827391
+18455847398
+18456003439
+18456031125
+18456031205
+18456044408
+18456088164
+18456139056
+18456271487
+18456392000
+18456430719
+18456525949
+18456584567
+18456664057
+18456713559
+18456733293
+18456804647
+18457041515
+18457045648
+18457045707
+18457045804
+18457129375
+18457208498
+18457248182
+18457285266
+18457459595
+18457509127
+18457517158
+18457517189
+18457517220
+18457542325
+18457589996
+18457678041
+18457678089
+18457678098
+18457678120
+18457699069
+18457868730
+18457892266
+18457894414
+18457894421
+18457895021
+18457895553
+18457953235
+18458090004
+18458090005
+18458093152
+18458182020
+18458316882
+18458427115
+18458427145
+18458427151
+18458427310
+18458666681
+18458666708
+18458777279
+18458871286
+18459154632
+18459282408
+18459322124
+18459405001
+18459405230
+18459407880
+18459407971
+18459407972
+18459407976
+18459407979
+18459600230
+18459990692
+18459990724
+18459996057
+18459996058
+18459997487
+18463511183
+18472014109
+18472052020
+18472139582
+18472191853
+18472327339
+18472327604
+18472327886
+18472327963
+18472345678
+18472349229
+18472436131
+18472447712
+18472490339
+18472578335
+18472583794
+18472589287
+18472606319
+18472609589
+18472781727
+18472987890
+18473051043
+18473051979
+18473055635
+18473063712
+18473063837
+18473159265
+18473183159
+18473183239
+18473271916
+18473315228
+18473460048
+18473501523
+18473834870
+18473849454
+18473849954
+18473887199
+18473887435
+18473923840
+18473969189
+18474109783
+18474268085
+18474269138
+18474269203
+18474269209
+18474304590
+18474404816
+18474430354
+18474442398
+18474443627
+18474470981
+18474480576
+18474501594
+18474582118
+18474699509
+18474699765
+18474833523
+18474860912
+18474969253
+18475030579
+18475127366
+18475151379
+18475260261
+18475307036
+18475341754
+18475348701
+18475359868
+18475507300
+18475790204
+18475823035
+18475823089
+18475841088
+18476162545
+18476169384
+18476211360
+18476375432
+18476413580
+18476582586
+18476665542
+18476764067
+18477161006
+18477250399
+18477374494
+18477603890
+18477838910
+18478053392
+18478053464
+18478077330
+18478124785
+18478290396
+18478290397
+18478470400
+18478502000
+18478657969
+18478665100
+18478710921
+18478756844
+18478825050
+18478905601
+18479153763
+18479153777
+18479154836
+18479165363
+18479258437
+18479567599
+18479605860
+18479837900
+18479839230
+18479932018
+18479947750
+18482028737
+18482028738
+18482028740
+18482041997
+18482058093
+18482058201
+18482060162
+18482062411
+18482062441
+18482080019
+18482081076
+18482201060
+18482247164
+18482332052
+18482371439
+18482371545
+18482484676
+18482585369
+18482970150
+18483332206
+18483733890
+18483771740
+18483771772
+18483771774
+18483771776
+18484562154
+18484802226
+18487575952
+18489001601
+18502032602
+18502039367
+18502046418
+18502049069
+18502159283
+18502177618
+18502200223
+18502201803
+18502265366
+18502265428
+18502383677
+18502477762
+18502500854
+18502501164
+18502547292
+18502548600
+18502548624
+18502548625
+18502548638
+18502548964
+18502548965
+18502582607
+18502603265
+18502629491
+18502667482
+18502669545
+18502701144
+18502707806
+18502731315
+18502750451
+18502800055
+18502800056
+18502800060
+18502800061
+18502800063
+18502800064
+18502847292
+18502905177
+18502905335
+18502905411
+18502932729
+18502993040
+18502996037
+18503032867
+18503040669
+18503040774
+18503045911
+18503066742
+18503085303
+18503123150
+18503168212
+18503291873
+18503310660
+18503476537
+18503476555
+18503478139
+18503612002
+18503613452
+18503683426
+18503745827
+18503784476
+18503870392
+18503872322
+18503874087
+18503889960
+18503894517
+18503904653
+18503904662
+18503904668
+18503912113
+18503912701
+18503913322
+18503915331
+18503933034
+18503934204
+18503939872
+18503949408
+18503984341
+18504034854
+18504075544
+18504090812
+18504177856
+18504541728
+18504541744
+18504629704
+18504640366
+18504647287
+18504664104
+18504665105
+18504936017
+18504939125
+18505022662
+18505024021
+18505024025
+18505024030
+18505098054
+18505192436
+18505247510
+18505254036
+18505287788
+18505288264
+18505428779
+18505466444
+18505476332
+18505492979
+18505492981
+18505492985
+18505499300
+18505509974
+18505548703
+18505565621
+18505586684
+18505586686
+18505637850
+18505637851
+18505679657
+18505719196
+18505832034
+18505837873
+18505838498
+18506008272
+18506010011
+18506019022
+18506019023
+18506019377
+18506029597
+18506107399
+18506130847
+18506295184
+18506296358
+18506334463
+18506340869
+18506567677
+18506652144
+18506692459
+18506841646
+18506842360
+18506842375
+18506849430
+18506851229
+18506851257
+18506859451
+18506894768
+18506925539
+18506925540
+18506928796
+18506982753
+18506982789
+18506988563
+18507020164
+18507067827
+18507067830
+18507195455
+18507236165
+18507249379
+18507249732
+18507256681
+18507258360
+18507338118
+18507381655
+18507455373
+18507497454
+18507600058
+18507610966
+18507645319
+18507645323
+18507645326
+18507645327
+18507823053
+18507859004
+18507929493
+18507929494
+18507952670
+18507954009
+18507954037
+18507954038
+18508123318
+18508144750
+18508149505
+18508282791
+18508463818
+18508467422
+18508467425
+18508554146
+18508554243
+18508554250
+18508554259
+18508554320
+18508950071
+18508950077
+18508950180
+18508989347
+18508989348
+18509021033
+18509022662
+18509162997
+18509188206
+18509201737
+18509377321
+18509514974
+18509822025
+18524830891
+18534737575
+18542051036
+18542215138
+18542215204
+18542658974
+18547771126
+18547771736
+18547773355
+18549990150
+18549990157
+18549994407
+18549994487
+18552001527
+18552002444
+18552002777
+18552002962
+18552003117
+18552004796
+18552005380
+18552008533
+18552008820
+18552010228
+18552011512
+18552011521
+18552011827
+18552012065
+18552012193
+18552012602
+18552012656
+18552013057
+18552013848
+18552014562
+18552017028
+18552020296
+18552022224
+18552022799
+18552023742
+18552027258
+18552029531
+18552031910
+18552032921
+18552037191
+18552037594
+18552038863
+18552040246
+18552041751
+18552042652
+18552045105
+18552045403
+18552048496
+18552050329
+18552053403
+18552053468
+18552054491
+18552054564
+18552056522
+18552057539
+18552057556
+18552065026
+18552066970
+18552067179
+18552067732
+18552068347
+18552069529
+18552069609
+18552069679
+18552069693
+18552071736
+18552071892
+18552072393
+18552075439
+18552075754
+18552076593
+18552077377
+18552080895
+18552081893
+18552082710
+18552084877
+18552087899
+18552089606
+18552089682
+18552089771
+18552089812
+18552089817
+18552096858
+18552097857
+18552099978
+18552100730
+18552100935
+18552101729
+18552102114
+18552103300
+18552104633
+18552106415
+18552108087
+18552108627
+18552109035
+18552110641
+18552113300
+18552123031
+18552123262
+18552133226
+18552133249
+18552134139
+18552136019
+18552137320
+18552140954
+18552142264
+18552144807
+18552151830
+18552151831
+18552155588
+18552156313
+18552158131
+18552166927
+18552172761
+18552175324
+18552175874
+18552179805
+18552180642
+18552180772
+18552182357
+18552184747
+18552187772
+18552190853
+18552193844
+18552199472
+18552210879
+18552213523
+18552220102
+18552220722
+18552220857
+18552222316
+18552236852
+18552238053
+18552245480
+18552246407
+18552247229
+18552247280
+18552247758
+18552248433
+18552252083
+18552252420
+18552257470
+18552266408
+18552269990
+18552272557
+18552284781
+18552289927
+18552294378
+18552295561
+18552312626
+18552313966
+18552315343
+18552317521
+18552322381
+18552326594
+18552330333
+18552331833
+18552334635
+18552347326
+18552351120
+18552358705
+18552367500
+18552378330
+18552383467
+18552383478
+18552383999
+18552388187
+18552390573
+18552400556
+18552407658
+18552407857
+18552409576
+18552414236
+18552420511
+18552424210
+18552426899
+18552434323
+18552435263
+18552438892
+18552446744
+18552447206
+18552447758
+18552451519
+18552457098
+18552469035
+18552472816
+18552481559
+18552490032
+18552493857
+18552518219
+18552526102
+18552527709
+18552529170
+18552530266
+18552539511
+18552539544
+18552545111
+18552561623
+18552583650
+18552584076
+18552584619
+18552605767
+18552611207
+18552617347
+18552624267
+18552627563
+18552644711
+18552656795
+18552668009
+18552671150
+18552673532
+18552674552
+18552677451
+18552681426
+18552681609
+18552685667
+18552686397
+18552686550
+18552694661
+18552697582
+18552699628
+18552700379
+18552710776
+18552717383
+18552722886
+18552731341
+18552736162
+18552748446
+18552751274
+18552751275
+18552751333
+18552755237
+18552757181
+18552761947
+18552766044
+18552769372
+18552775965
+18552777117
+18552779742
+18552784974
+18552787082
+18552797379
+18552800022
+18552801673
+18552805518
+18552826353
+18552826593
+18552833287
+18552834371
+18552834372
+18552838183
+18552838184
+18552838187
+18552838188
+18552838191
+18552839093
+18552843980
+18552844823
+18552844824
+18552845301
+18552848007
+18552852841
+18552854869
+18552856010
+18552862864
+18552865007
+18552878238
+18552880080
+18552882727
+18552884034
+18552888235
+18552927416
+18552933726
+18552948002
+18552948801
+18552948831
+18552949980
+18552954217
+18552954661
+18552955555
+18552966378
+18552971316
+18552975595
+18552975597
+18552982544
+18552983955
+18552991513
+18553001577
+18553006177
+18553007877
+18553023898
+18553029744
+18553035660
+18553035749
+18553039286
+18553056083
+18553066938
+18553066939
+18553066998
+18553079027
+18553081886
+18553081887
+18553090298
+18553103104
+18553115111
+18553157588
+18553161312
+18553194457
+18553194808
+18553224650
+18553237752
+18553238822
+18553251321
+18553278260
+18553286700
+18553288602
+18553298222
+18553298507
+18553308653
+18553308753
+18553311685
+18553326098
+18553344198
+18553346744
+18553347353
+18553351773
+18553353482
+18553353502
+18553357469
+18553360212
+18553368798
+18553384138
+18553387208
+18553390606
+18553418184
+18553424856
+18553437890
+18553440244
+18553447838
+18553466721
+18553482437
+18553516620
+18553520622
+18553523282
+18553541010
+18553541050
+18553550989
+18553558227
+18553563194
+18553564064
+18553571459
+18553580555
+18553615426
+18553631407
+18553642287
+18553662605
+18553711220
+18553734636
+18553736926
+18553762659
+18553786697
+18553786702
+18553786703
+18553805925
+18553816975
+18553825166
+18553827113
+18553828333
+18553838035
+18553844555
+18553846748
+18553884426
+18553904769
+18553907150
+18553929910
+18553935775
+18553936735
+18553946050
+18553961681
+18553962263
+18553962837
+18553968939
+18553991542
+18553993107
+18554001844
+18554010044
+18554020737
+18554027684
+18554030967
+18554034333
+18554040160
+18554040162
+18554040163
+18554059218
+18554073795
+18554074767
+18554074768
+18554074774
+18554075039
+18554075679
+18554089137
+18554091010
+18554092667
+18554104430
+18554109143
+18554112411
+18554116571
+18554152113
+18554189359
+18554191365
+18554197365
+18554208250
+18554213168
+18554216111
+18554223048
+18554223233
+18554224827
+18554234893
+18554237454
+18554244755
+18554256743
+18554263666
+18554274682
+18554283169
+18554304807
+18554330666
+18554348077
+18554361088
+18554375619
+18554389752
+18554400062
+18554402404
+18554404449
+18554407154
+18554407707
+18554411572
+18554428444
+18554433795
+18554433799
+18554435231
+18554440170
+18554466688
+18554495025
+18554496440
+18554519718
+18554523722
+18554528564
+18554538603
+18554541082
+18554561235
+18554561279
+18554561299
+18554583107
+18554586060
+18554591112
+18554591127
+18554608386
+18554619292
+18554635492
+18554648866
+18554656788
+18554663908
+18554664128
+18554664129
+18554669215
+18554679145
+18554679567
+18554686792
+18554688398
+18554711615
+18554730348
+18554730351
+18554744804
+18554765261
+18554776313
+18554785680
+18554786786
+18554796992
+18554810079
+18554815399
+18554817120
+18554823638
+18554832590
+18554832668
+18554832680
+18554834400
+18554841727
+18554841729
+18554841808
+18554849878
+18554850800
+18554860114
+18554869064
+18554870401
+18554871162
+18554881524
+18554884122
+18554892083
+18554892700
+18554894787
+18554902074
+18554905100
+18554905300
+18554912793
+18554923259
+18554940433
+18554956999
+18554961842
+18554964285
+18554976729
+18554979963
+18554980039
+18554983999
+18554997468
+18555006456
+18555007117
+18555009003
+18555009005
+18555009007
+18555009008
+18555010009
+18555015519
+18555016333
+18555029352
+18555029354
+18555032995
+18555056809
+18555070606
+18555088065
+18555089159
+18555092378
+18555095512
+18555110282
+18555150362
+18555155489
+18555182111
+18555191940
+18555194476
+18555195562
+18555223444
+18555227663
+18555236111
+18555242170
+18555253230
+18555255226
+18555278272
+18555282496
+18555288454
+18555295111
+18555305792
+18555305793
+18555313493
+18555337550
+18555337775
+18555337779
+18555344333
+18555344642
+18555345440
+18555350344
+18555350390
+18555372131
+18555388612
+18555390446
+18555390447
+18555394914
+18555394917
+18555394920
+18555397118
+18555457319
+18555458248
+18555469041
+18555469043
+18555476382
+18555478863
+18555480022
+18555481588
+18555491057
+18555500155
+18555508987
+18555514999
+18555517545
+18555521349
+18555522508
+18555522531
+18555522534
+18555522540
+18555527944
+18555538114
+18555538765
+18555544950
+18555567827
+18555576300
+18555578055
+18555591355
+18555596567
+18555597509
+18555613603
+18555620011
+18555634431
+18555634500
+18555635635
+18555644710
+18555651700
+18555670095
+18555690509
+18555690705
+18555706117
+18555706616
+18555706648
+18555706697
+18555707078
+18555708857
+18555708985
+18555716757
+18555737354
+18555738777
+18555751977
+18555764042
+18555774042
+18555799002
+18555811994
+18555820220
+18555848315
+18555851406
+18555857043
+18555870432
+18555872844
+18555874325
+18555883443
+18555884281
+18555890614
+18555893432
+18555897741
+18555906820
+18555932476
+18555933163
+18555946189
+18555961999
+18555976777
+18555982069
+18555992025
+18555995575
+18556002227
+18556010002
+18556010003
+18556010009
+18556019111
+18556024744
+18556025273
+18556027759
+18556036626
+18556043900
+18556054356
+18556055775
+18556073204
+18556073213
+18556075865
+18556078515
+18556106129
+18556140402
+18556142729
+18556182435
+18556182718
+18556202825
+18556203666
+18556203756
+18556216921
+18556220418
+18556222658
+18556233226
+18556235290
+18556235293
+18556249665
+18556249851
+18556251848
+18556257637
+18556257705
+18556277884
+18556286552
+18556290830
+18556299781
+18556314490
+18556315827
+18556317116
+18556317120
+18556320839
+18556321673
+18556334740
+18556335133
+18556343554
+18556354693
+18556359142
+18556367166
+18556367302
+18556384169
+18556387579
+18556428572
+18556468762
+18556479494
+18556482424
+18556484250
+18556491264
+18556491272
+18556492323
+18556492429
+18556492503
+18556493195
+18556493309
+18556493598
+18556493739
+18556494285
+18556494288
+18556494491
+18556494547
+18556495255
+18556495256
+18556495257
+18556495258
+18556495264
+18556495266
+18556495268
+18556495729
+18556497982
+18556500311
+18556501359
+18556502709
+18556502739
+18556502802
+18556503249
+18556510029
+18556510043
+18556520557
+18556520568
+18556520603
+18556532322
+18556534481
+18556545259
+18556546362
+18556549090
+18556578580
+18556585932
+18556602727
+18556604106
+18556624434
+18556631616
+18556634060
+18556661780
+18556664086
+18556669199
+18556669200
+18556669209
+18556669323
+18556669385
+18556692559
+18556698935
+18556734516
+18556741190
+18556750088
+18556750097
+18556756397
+18556766687
+18556775556
+18556779357
+18556786248
+18556786337
+18556811394
+18556845251
+18556871333
+18556905900
+18556910192
+18556934912
+18556934999
+18556935999
+18556947999
+18556948999
+18556954284
+18556962074
+18557004151
+18557004178
+18557008339
+18557012747
+18557026088
+18557032291
+18557037562
+18557050345
+18557053578
+18557053581
+18557077328
+18557104385
+18557120909
+18557128777
+18557142801
+18557171502
+18557177778
+18557188150
+18557196733
+18557241457
+18557243822
+18557262359
+18557278311
+18557282295
+18557290782
+18557291328
+18557295744
+18557301564
+18557304211
+18557306683
+18557307325
+18557310456
+18557312369
+18557314618
+18557315359
+18557318195
+18557319888
+18557322332
+18557322800
+18557331900
+18557343206
+18557343599
+18557348302
+18557353531
+18557374045
+18557403456
+18557424089
+18557430457
+18557442844
+18557445688
+18557460225
+18557486719
+18557491556
+18557503098
+18557505825
+18557507030
+18557511412
+18557521074
+18557521848
+18557529257
+18557541042
+18557541253
+18557546543
+18557551915
+18557557035
+18557564681
+18557567520
+18557576923
+18557577328
+18557585288
+18557596191
+18557597142
+18557600686
+18557621011
+18557622200
+18557646867
+18557648834
+18557648926
+18557648934
+18557648944
+18557663861
+18557665473
+18557673547
+18557684424
+18557688331
+18557700634
+18557705247
+18557709511
+18557710041
+18557715100
+18557732354
+18557758690
+18557758814
+18557761188
+18557770317
+18557815679
+18557819542
+18557819899
+18557834424
+18557843236
+18557860153
+18557864660
+18557876725
+18557882299
+18557890154
+18557890209
+18557890210
+18557890230
+18557890260
+18557890322
+18557897723
+18557898625
+18557904371
+18557905383
+18557920088
+18557930314
+18557933214
+18557956337
+18557967524
+18557972238
+18557972599
+18557991299
+18558011232
+18558013254
+18558014918
+18558014956
+18558015053
+18558016739
+18558023239
+18558023240
+18558025009
+18558045727
+18558055486
+18558056988
+18558079530
+18558079606
+18558080414
+18558085982
+18558086053
+18558099091
+18558117639
+18558124094
+18558124430
+18558131135
+18558142939
+18558152726
+18558172320
+18558198077
+18558201241
+18558205219
+18558208101
+18558256859
+18558308111
+18558322111
+18558327227
+18558348350
+18558363562
+18558365802
+18558368914
+18558384388
+18558406041
+18558411293
+18558411294
+18558425861
+18558437198
+18558437199
+18558440114
+18558447419
+18558450607
+18558491161
+18558491201
+18558502525
+18558518354
+18558528050
+18558534392
+18558535061
+18558537047
+18558548515
+18558550097
+18558551606
+18558554575
+18558554578
+18558554898
+18558557688
+18558558805
+18558559511
+18558559611
+18558559691
+18558559699
+18558559833
+18558564583
+18558571909
+18558576420
+18558596946
+18558605800
+18558609525
+18558611589
+18558614804
+18558614975
+18558633562
+18558648047
+18558654437
+18558660699
+18558665300
+18558670328
+18558674014
+18558690592
+18558707128
+18558712839
+18558717003
+18558737988
+18558744378
+18558754065
+18558765347
+18558765350
+18558765380
+18558766657
+18558774328
+18558782444
+18558784518
+18558785114
+18558785115
+18558785120
+18558785121
+18558804795
+18558806067
+18558811386
+18558815359
+18558817220
+18558819252
+18558819367
+18558850835
+18558855834
+18558866454
+18558880133
+18558885145
+18558885924
+18558898965
+18558902111
+18558902144
+18558902180
+18558902181
+18558902911
+18558904775
+18558905147
+18558909253
+18558918118
+18558918849
+18558934157
+18558939433
+18558939445
+18558940111
+18558941090
+18558941188
+18558953393
+18558959666
+18558973696
+18558974355
+18558974809
+18558974823
+18558977004
+18558977008
+18558977009
+18559001117
+18559011307
+18559012443
+18559013842
+18559030106
+18559032108
+18559042362
+18559047781
+18559047782
+18559054925
+18559090802
+18559090815
+18559090816
+18559090847
+18559090848
+18559090936
+18559090937
+18559094310
+18559108342
+18559108677
+18559120466
+18559121670
+18559121829
+18559170310
+18559170588
+18559170643
+18559185523
+18559191225
+18559220773
+18559220774
+18559221776
+18559222821
+18559225523
+18559227628
+18559232678
+18559244104
+18559262257
+18559268959
+18559268965
+18559276128
+18559290176
+18559320599
+18559333526
+18559339512
+18559340112
+18559340163
+18559345333
+18559360422
+18559384193
+18559390746
+18559390753
+18559394163
+18559394293
+18559394398
+18559404389
+18559414567
+18559422526
+18559423060
+18559434219
+18559462643
+18559469612
+18559480306
+18559484460
+18559526623
+18559546368
+18559546583
+18559553999
+18559554666
+18559555686
+18559559699
+18559559799
+18559573119
+18559585088
+18559589866
+18559601514
+18559633097
+18559644103
+18559677399
+18559680636
+18559680650
+18559694636
+18559731040
+18559741401
+18559741460
+18559746085
+18559746086
+18559746088
+18559746089
+18559746109
+18559746115
+18559754042
+18559760831
+18559760846
+18559761370
+18559762262
+18559773640
+18559791070
+18559796496
+18559796550
+18559796581
+18559796599
+18559806917
+18559831429
+18559840674
+18559859458
+18559877025
+18559932342
+18559953360
+18559960143
+18559970349
+18559991135
+18559991159
+18559998042
+18562036826
+18562040652
+18562086196
+18562091573
+18562091575
+18562121225
+18562128469
+18562140428
+18562290988
+18562299159
+18562299193
+18562345632
+18562354441
+18562495108
+18562580049
+18562587450
+18562632720
+18562706300
+18562825053
+18562825094
+18562914234
+18562914235
+18562955565
+18562959713
+18562997200
+18563000602
+18563150277
+18563160254
+18563167652
+18563221410
+18563228150
+18563256485
+18563343112
+18563351765
+18563476471
+18563492507
+18563504561
+18563521340
+18563537648
+18563554940
+18563623732
+18563673444
+18563690970
+18563734207
+18563745956
+18563809002
+18563879374
+18564095037
+18564095876
+18564156665
+18564203845
+18564278161
+18564322002
+18564324024
+18564416888
+18564416891
+18564416894
+18564416897
+18564416901
+18564416902
+18564446064
+18564488422
+18564694467
+18564731345
+18564774784
+18564851038
+18564941679
+18564970289
+18564994566
+18565132094
+18565190053
+18565190054
+18565190061
+18565199017
+18565199071
+18565295001
+18565373121
+18565790200
+18566003145
+18566314536
+18566314846
+18566445992
+18566725376
+18566778008
+18566953688
+18567188908
+18567545446
+18567686663
+18567767463
+18567778145
+18567807445
+18567929480
+18567945909
+18568123966
+18568124081
+18568124937
+18568126000
+18568317344
+18568317414
+18568405381
+18568483449
+18568613250
+18568613580
+18568749001
+18569251010
+18569421891
+18569425725
+18569550186
+18569742862
+18572018013
+18572018118
+18572094269
+18572141559
+18572144537
+18572145515
+18572166630
+18572287056
+18572287881
+18572320157
+18572325976
+18572339043
+18572339224
+18572455929
+18572549036
+18572563770
+18572568065
+18572628040
+18572693509
+18572707938
+18572730132
+18572890208
+18572970772
+18573017563
+18573026160
+18573026759
+18573056580
+18573178382
+18573178397
+18573178441
+18573178924
+18573192055
+18573275119
+18573278740
+18573278940
+18573433841
+18573458442
+18573664777
+18573827461
+18574002357
+18574440815
+18574440816
+18574440827
+18574440837
+18574440866
+18574445592
+18574445679
+18574448126
+18574968608
+18575296360
+18575742497
+18575754712
+18576886065
+18577702412
+18577763089
+18578106092
+18578107829
+18579716351
+18579729275
+18579909349
+18579909673
+18582007794
+18582012558
+18582015528
+18582017946
+18582018560
+18582051217
+18582051714
+18582051737
+18582051749
+18582051750
+18582051834
+18582051923
+18582084414
+18582130192
+18582147058
+18582147404
+18582151850
+18582164608
+18582210187
+18582214771
+18582217107
+18582220654
+18582221035
+18582221045
+18582221938
+18582224619
+18582239941
+18582241843
+18582245572
+18582257700
+18582257702
+18582263758
+18582404079
+18582408099
+18582470498
+18582470743
+18582498982
+18582510052
+18582510060
+18582510062
+18582510850
+18582511496
+18582511863
+18582528897
+18582567282
+18582572731
+18582630554
+18582669031
+18582669032
+18582669034
+18582669036
+18582709426
+18582752160
+18582752546
+18582752550
+18582752555
+18582768165
+18582795585
+18582835031
+18582843769
+18582851501
+18582851588
+18582939185
+18583093000
+18583143946
+18583214328
+18583243645
+18583243657
+18583263089
+18583273165
+18583368524
+18583410809
+18583456348
+18583456349
+18583456350
+18583456351
+18583456358
+18583568322
+18583576318
+18583583055
+18583583440
+18583602135
+18583638163
+18583677323
+18583713923
+18583739784
+18583764901
+18583914100
+18584017167
+18584017285
+18584055878
+18584120172
+18584229215
+18584286045
+18584286050
+18584541122
+18584617955
+18584617956
+18584725055
+18584805363
+18584835954
+18584960021
+18584962107
+18584962108
+18585031220
+18585051237
+18585119000
+18585244551
+18585244881
+18585345250
+18585371550
+18585442669
+18585652113
+18585656429
+18585682836
+18585687619
+18585913254
+18585980373
+18586223005
+18586235577
+18586300400
+18586359007
+18586921897
+18587036227
+18587036421
+18587046215
+18587077324
+18587166364
+18587275610
+18587467958
+18587532726
+18587683060
+18587696022
+18587804470
+18587804596
+18587908433
+18587956870
+18588106702
+18588106704
+18588534119
+18589003090
+18589258508
+18589260617
+18589262105
+18589390254
+18589390273
+18589742002
+18592030059
+18592030741
+18592038219
+18592080373
+18592080382
+18592096838
+18592126867
+18592126882
+18592129363
+18592150043
+18592162003
+18592163355
+18592185242
+18592191366
+18592273160
+18592277826
+18592331551
+18592377015
+18592575218
+18592744174
+18592784966
+18592790065
+18592794876
+18592838071
+18592870475
+18592870834
+18592923796
+18592950049
+18592950795
+18592976485
+18593053865
+18593095126
+18593095128
+18593235520
+18593239753
+18593239782
+18593273719
+18593370368
+18593387309
+18593401606
+18593413898
+18593420622
+18593472527
+18593534549
+18593535663
+18593542424
+18593544537
+18593555010
+18593555184
+18593555211
+18593555313
+18593560043
+18593560076
+18593560144
+18593560856
+18593561786
+18593742974
+18593746259
+18593794961
+18593822180
+18594020778
+18594028553
+18594050237
+18594103958
+18594133002
+18594324906
+18594497034
+18594748233
+18594755834
+18594755861
+18594790004
+18594791010
+18594793263
+18594841836
+18594887527
+18594887691
+18594897078
+18594902141
+18594951022
+18594951178
+18595090604
+18595097598
+18595252230
+18595451288
+18595454012
+18595542456
+18595622077
+18595688008
+18595688049
+18595688158
+18595764088
+18595771810
+18595822437
+18595835397
+18595869557
+18595946807
+18595946808
+18595946809
+18595946820
+18595959232
+18596218434
+18596354142
+18596483385
+18596483866
+18596547648
+18596810011
+18596878080
+18596938495
+18596948602
+18596955018
+18596970842
+18597054573
+18597128303
+18597212122
+18597400864
+18597564455
+18597590537
+18597852606
+18597952714
+18597953413
+18597954347
+18598065588
+18598102682
+18598170287
+18598170567
+18598170921
+18598171277
+18598171744
+18598180057
+18598180058
+18598230826
+18598244831
+18598245367
+18598246366
+18598383100
+18598387601
+18598387604
+18598423191
+18598426644
+18598464528
+18598465070
+18598465238
+18598469189
+18598469486
+18598545100
+18598589561
+18598683019
+18598683146
+18598889001
+18598889008
+18598889978
+18598889987
+18598889992
+18599030934
+18599081114
+18599102363
+18599193195
+18599359523
+18599517463
+18599551024
+18599687899
+18599715400
+18599720418
+18599868423
+18599936801
+18602000282
+18602054485
+18602056365
+18602078487
+18602078603
+18602078604
+18602106857
+18602154745
+18602158001
+18602189204
+18602199321
+18602210800
+18602227238
+18602247676
+18602298889
+18602311481
+18602372976
+18602373612
+18602373907
+18602375624
+18602383335
+18602430895
+18602430960
+18602484275
+18602484915
+18602536523
+18602562764
+18602566854
+18602645055
+18602693408
+18602711490
+18602730123
+18602731452
+18602881683
+18602953488
+18603190230
+18603190232
+18603195320
+18603226621
+18603336411
+18603339154
+18603371193
+18603372267
+18603378360
+18603378785
+18603456910
+18603517544
+18603517545
+18603517550
+18603517553
+18603523537
+18603590168
+18603594082
+18603623691
+18603625876
+18603704562
+18603747358
+18603775697
+18603854549
+18603907587
+18604003730
+18604057964
+18604073472
+18604073505
+18604082974
+18604101128
+18604131025
+18604131027
+18604154941
+18604308139
+18604549534
+18604554379
+18604678877
+18604678988
+18604692217
+18604704381
+18604748560
+18604772167
+18604816850
+18604847559
+18604896223
+18604928963
+18605060193
+18605063112
+18605067658
+18605096980
+18605122070
+18605127890
+18605160048
+18605160154
+18605160499
+18605166285
+18605166286
+18605166330
+18605166331
+18605168659
+18605174631
+18605188386
+18605198720
+18605321952
+18605400410
+18605406999
+18605473565
+18605523699
+18605540066
+18605549558
+18605735737
+18605838515
+18605904840
+18605918511
+18605928060
+18605928085
+18605928086
+18605928087
+18605967171
+18606176835
+18606209584
+18606229062
+18606231150
+18606283987
+18606289383
+18606391567
+18606465825
+18606561131
+18606662448
+18606803033
+18606859047
+18607018646
+18607123114
+18607267936
+18607267968
+18607267969
+18607281148
+18607306987
+18607354485
+18607404007
+18607442730
+18607472664
+18607511115
+18607543430
+18607546139
+18607596037
+18607702480
+18607719054
+18607760086
+18607760118
+18607760125
+18607760126
+18607760127
+18607868610
+18607916711
+18607992315
+18607997153
+18608138997
+18608222600
+18608399613
+18608434260
+18608450214
+18608493008
+18608555933
+18608651829
+18608665303
+18608855399
+18608862577
+18608877176
+18608956500
+18609000542
+18609009415
+18609044251
+18609106763
+18609182640
+18609243959
+18609262667
+18609292572
+18609309148
+18609385511
+18609434901
+18609474360
+18609517532
+18609554215
+18609559148
+18609559149
+18609559192
+18609700976
+18609713746
+18609731641
+18609739150
+18609741922
+18609785967
+18612574980
+18622045272
+18622045504
+18622048024
+18622048034
+18622053166
+18622060313
+18622086066
+18622130360
+18622135908
+18622171841
+18622287367
+18622291936
+18622291999
+18622312552
+18622312554
+18622315174
+18622338195
+18622361252
+18622432104
+18622508059
+18622530497
+18622538184
+18622596987
+18622691819
+18622763671
+18622983532
+18623033498
+18623241456
+18623258232
+18623330772
+18623482531
+18623548459
+18623669305
+18623670160
+18623681040
+18625312452
+18626223870
+18626587616
+18627025118
+18627636668
+18628000234
+18628245225
+18629020872
+18629263217
+18629580000
+18629992906
+18632014238
+18632099728
+18632131268
+18632131410
+18632161870
+18632257718
+18632281082
+18632282231
+18632284098
+18632288760
+18632291072
+18632310421
+18632324337
+18632369031
+18632385926
+18632401013
+18632401111
+18632401862
+18632537981
+18632540934
+18632633131
+18632635925
+18632680380
+18632711011
+18633187078
+18633370097
+18633930273
+18633930274
+18634173013
+18634176935
+18634274070
+18634318181
+18634414117
+18634573749
+18634579971
+18635285126
+18635291537
+18635351453
+18635351759
+18635351765
+18635595991
+18635767181
+18635783047
+18635786951
+18635811922
+18635821474
+18635852139
+18635883419
+18635992645
+18635994915
+18635998730
+18636141720
+18636176364
+18636241356
+18636342257
+18636344148
+18636735334
+18636740067
+18637335102
+18637335683
+18637584696
+18637609833
+18637662005
+18637772311
+18637772319
+18637843159
+18637843199
+18638165325
+18638401375
+18638403026
+18638403362
+18638403852
+18638557369
+18638609722
+18638621015
+18638664987
+18638771583
+18639046146
+18639448311
+18642001510
+18642077211
+18642109052
+18642109903
+18642146391
+18642323807
+18642516242
+18642529188
+18642659146
+18642717040
+18643021961
+18643021980
+18643053334
+18643204022
+18643344347
+18643346702
+18643364926
+18643548216
+18643628458
+18643689468
+18643730228
+18643730962
+18643737419
+18643844149
+18643928041
+18643928439
+18644024822
+18644088206
+18644123534
+18644141563
+18644231433
+18644236895
+18644280478
+18644308738
+18644322061
+18644382065
+18644907817
+18645258601
+18645571890
+18645581293
+18645680530
+18646079414
+18646191888
+18646260442
+18646269934
+18646404154
+18646410262
+18646423170
+18646423178
+18646424659
+18646511002
+18646590708
+18646623771
+18646629282
+18647125015
+18647218006
+18647218007
+18647218008
+18647526512
+18647547834
+18647571608
+18647807404
+18647878311
+18648108020
+18649161057
+18649200231
+18649201583
+18649365720
+18649571122
+18649624303
+18649877580
+18649901879
+18652051422
+18652051755
+18652108590
+18652152444
+18652171122
+18652193361
+18652236907
+18652248005
+18652251855
+18652256121
+18652299005
+18652349585
+18652400881
+18652431324
+18652454227
+18652455066
+18652490180
+18652490185
+18652490187
+18652592160
+18652592251
+18652642590
+18652692452
+18652700457
+18652705095
+18652750186
+18652851313
+18653007440
+18653026062
+18653391685
+18653445972
+18653602272
+18653753135
+18653753256
+18653760311
+18653831383
+18653838715
+18653883014
+18654440620
+18654572643
+18654747094
+18654843523
+18654941007
+18655403781
+18656225561
+18656304128
+18656438982
+18656578161
+18656578169
+18656579472
+18656604666
+18656628568
+18656811417
+18656841990
+18656866010
+18657556700
+18657618869
+18657664446
+18658242507
+18658820300
+18659354002
+18659634897
+18659992085
+18659992094
+18662003213
+18662003504
+18662003775
+18662004462
+18662006879
+18662009759
+18662010856
+18662010892
+18662011282
+18662011419
+18662011841
+18662012718
+18662013132
+18662013259
+18662013695
+18662013833
+18662016188
+18662016906
+18662017119
+18662017154
+18662017442
+18662017520
+18662017892
+18662017894
+18662017988
+18662021171
+18662022044
+18662023044
+18662024955
+18662029279
+18662032472
+18662036958
+18662039560
+18662040543
+18662044885
+18662059513
+18662061053
+18662066249
+18662066601
+18662072324
+18662073452
+18662074142
+18662077370
+18662088288
+18662091533
+18662094777
+18662102398
+18662104253
+18662107270
+18662111876
+18662112238
+18662120614
+18662122236
+18662127408
+18662137755
+18662150066
+18662150522
+18662161832
+18662161886
+18662161905
+18662163478
+18662164257
+18662168911
+18662179197
+18662183402
+18662187158
+18662187224
+18662187657
+18662191786
+18662192430
+18662196880
+18662205421
+18662207864
+18662210629
+18662213217
+18662230178
+18662237159
+18662237673
+18662239498
+18662240038
+18662241626
+18662244999
+18662248707
+18662249824
+18662249825
+18662255948
+18662265028
+18662265035
+18662265040
+18662285970
+18662289944
+18662307761
+18662308916
+18662328991
+18662332148
+18662334721
+18662340065
+18662352925
+18662354736
+18662355660
+18662370024
+18662374224
+18662390179
+18662399155
+18662402331
+18662416567
+18662416568
+18662417340
+18662422275
+18662423315
+18662434357
+18662444238
+18662453103
+18662454320
+18662458747
+18662460758
+18662467342
+18662472405
+18662483121
+18662507212
+18662507753
+18662512396
+18662521165
+18662528727
+18662530374
+18662538333
+18662538572
+18662540092
+18662540497
+18662550654
+18662552772
+18662555553
+18662556106
+18662579158
+18662580008
+18662580165
+18662581104
+18662593883
+18662610897
+18662643217
+18662648837
+18662655133
+18662659031
+18662661445
+18662667194
+18662669398
+18662670046
+18662689810
+18662691726
+18662699419
+18662700195
+18662716117
+18662721485
+18662725608
+18662727083
+18662737002
+18662751411
+18662753725
+18662753866
+18662754123
+18662758502
+18662766177
+18662767957
+18662797681
+18662801853
+18662810777
+18662815341
+18662816831
+18662817666
+18662821169
+18662825198
+18662836635
+18662847625
+18662858026
+18662862430
+18662865068
+18662867643
+18662870217
+18662872095
+18662877747
+18662887643
+18662900008
+18662904236
+18662913926
+18662918712
+18662920724
+18662921995
+18662927207
+18662927683
+18662928590
+18662929978
+18662944039
+18662945263
+18662949333
+18662951576
+18662958602
+18662960740
+18662963003
+18662966502
+18662971884
+18662984139
+18662988025
+18663006001
+18663009698
+18663010343
+18663013142
+18663015226
+18663019123
+18663039408
+18663040621
+18663050545
+18663057110
+18663077661
+18663102654
+18663125580
+18663125989
+18663134618
+18663141865
+18663144207
+18663150521
+18663157559
+18663159726
+18663161619
+18663162432
+18663163653
+18663172347
+18663185139
+18663186742
+18663193976
+18663199838
+18663200076
+18663200311
+18663212195
+18663212197
+18663218196
+18663218608
+18663220005
+18663220329
+18663222824
+18663223838
+18663224983
+18663225258
+18663225360
+18663226970
+18663231229
+18663231317
+18663231374
+18663232114
+18663235359
+18663235426
+18663240388
+18663243120
+18663251738
+18663253329
+18663259677
+18663280076
+18663285790
+18663293468
+18663295343
+18663302703
+18663304307
+18663304484
+18663309916
+18663312194
+18663312317
+18663325312
+18663352240
+18663354043
+18663361759
+18663361770
+18663375033
+18663385656
+18663387390
+18663390280
+18663390282
+18663390578
+18663391481
+18663397142
+18663408891
+18663410031
+18663412672
+18663416530
+18663436666
+18663445632
+18663465725
+18663470839
+18663470918
+18663486231
+18663488354
+18663488989
+18663490824
+18663498543
+18663510115
+18663512044
+18663516483
+18663520207
+18663520478
+18663535902
+18663540567
+18663596167
+18663601084
+18663603101
+18663605558
+18663609678
+18663623744
+18663646301
+18663651347
+18663662616
+18663664357
+18663666275
+18663669549
+18663671081
+18663674414
+18663681563
+18663681565
+18663697991
+18663703749
+18663722635
+18663722666
+18663723141
+18663743282
+18663743284
+18663743285
+18663743302
+18663743977
+18663753036
+18663755309
+18663755360
+18663759723
+18663773956
+18663786157
+18663788758
+18663792003
+18663793643
+18663794124
+18663804020
+18663806585
+18663811188
+18663823672
+18663835102
+18663843084
+18663843346
+18663856065
+18663870770
+18663874362
+18663896685
+18663906010
+18663906375
+18663913975
+18663915627
+18663930910
+18663932109
+18663936873
+18663956657
+18663960388
+18663963970
+18663983898
+18663984633
+18663984634
+18663984635
+18663994910
+18663995380
+18664001237
+18664012040
+18664015023
+18664029792
+18664035512
+18664038010
+18664043497
+18664046245
+18664069666
+18664081518
+18664084070
+18664084618
+18664089541
+18664093453
+18664094196
+18664095447
+18664100056
+18664100458
+18664100459
+18664100461
+18664100572
+18664106008
+18664106551
+18664106651
+18664108479
+18664121693
+18664132918
+18664136900
+18664142020
+18664145413
+18664166582
+18664175776
+18664175778
+18664192780
+18664195000
+18664197475
+18664199370
+18664208101
+18664210843
+18664211223
+18664215316
+18664229089
+18664245100
+18664252872
+18664263257
+18664264401
+18664277476
+18664279582
+18664281344
+18664282424
+18664289877
+18664299972
+18664300311
+18664300493
+18664301463
+18664309708
+18664364911
+18664372914
+18664378425
+18664379214
+18664380232
+18664380247
+18664394400
+18664402257
+18664433138
+18664438007
+18664441323
+18664441877
+18664462173
+18664470503
+18664474163
+18664477460
+18664484744
+18664497405
+18664500037
+18664500804
+18664502324
+18664503185
+18664503339
+18664504447
+18664505552
+18664506882
+18664511216
+18664520418
+18664523951
+18664526442
+18664537398
+18664548855
+18664563744
+18664570045
+18664570181
+18664570229
+18664575154
+18664578367
+18664587688
+18664588627
+18664590171
+18664593148
+18664599358
+18664599392
+18664606727
+18664610239
+18664641520
+18664649480
+18664649481
+18664652505
+18664653710
+18664660950
+18664663142
+18664664502
+18664665066
+18664666743
+18664674713
+18664679700
+18664683444
+18664685255
+18664721935
+18664722404
+18664723850
+18664724748
+18664751720
+18664752171
+18664753456
+18664759674
+18664768693
+18664778004
+18664779156
+18664783004
+18664784372
+18664784469
+18664792822
+18664823084
+18664842614
+18664869758
+18664874515
+18664876580
+18664876613
+18664876614
+18664876615
+18664876739
+18664877512
+18664878320
+18664883824
+18664889115
+18664889450
+18664890919
+18664901860
+18664905501
+18664914217
+18664917864
+18664949902
+18664950631
+18664950966
+18664951768
+18664968261
+18664969669
+18664970163
+18664987690
+18664989473
+18664998008
+18665001844
+18665014750
+18665018387
+18665020604
+18665021938
+18665041384
+18665044754
+18665057332
+18665127145
+18665132866
+18665139461
+18665140745
+18665149653
+18665160115
+18665162816
+18665163885
+18665171417
+18665177458
+18665180213
+18665191299
+18665197641
+18665198684
+18665222926
+18665236346
+18665241166
+18665243147
+18665249866
+18665281218
+18665281219
+18665301085
+18665306013
+18665309506
+18665319659
+18665320423
+18665320424
+18665329508
+18665330581
+18665330597
+18665331050
+18665347424
+18665359492
+18665359964
+18665363009
+18665367612
+18665398803
+18665418189
+18665434877
+18665435202
+18665443430
+18665446059
+18665448416
+18665460098
+18665461551
+18665514824
+18665569172
+18665580191
+18665596648
+18665623829
+18665639310
+18665639573
+18665642262
+18665666573
+18665685988
+18665705277
+18665749034
+18665754108
+18665755826
+18665757474
+18665770507
+18665774219
+18665783759
+18665798434
+18665800532
+18665801227
+18665804780
+18665804788
+18665805802
+18665827479
+18665839826
+18665841199
+18665856280
+18665863397
+18665866202
+18665868097
+18665890960
+18665932699
+18665933926
+18665960137
+18665970456
+18665970668
+18665981630
+18665982292
+18665999733
+18666000360
+18666010303
+18666014218
+18666016422
+18666018863
+18666059373
+18666060000
+18666062331
+18666063302
+18666068198
+18666069942
+18666070172
+18666090908
+18666097194
+18666098026
+18666098298
+18666100641
+18666102720
+18666102726
+18666111148
+18666117737
+18666136855
+18666136856
+18666136857
+18666153453
+18666156319
+18666162111
+18666165069
+18666169291
+18666183018
+18666185710
+18666188686
+18666192971
+18666192972
+18666195010
+18666197616
+18666216797
+18666223911
+18666248819
+18666257291
+18666260001
+18666265049
+18666274711
+18666280178
+18666288179
+18666291310
+18666311179
+18666314680
+18666319885
+18666350789
+18666360534
+18666361088
+18666390498
+18666405206
+18666431412
+18666433169
+18666440028
+18666453844
+18666453874
+18666468153
+18666470881
+18666470886
+18666484519
+18666485190
+18666509414
+18666523145
+18666532116
+18666540020
+18666540348
+18666545605
+18666548373
+18666554384
+18666590711
+18666590805
+18666596972
+18666625275
+18666642512
+18666642513
+18666645018
+18666645342
+18666647128
+18666654386
+18666658344
+18666679132
+18666680744
+18666682454
+18666683133
+18666688047
+18666692584
+18666701467
+18666764676
+18666772706
+18666776111
+18666798097
+18666801230
+18666801972
+18666805326
+18666808628
+18666814473
+18666832218
+18666843262
+18666844648
+18666850903
+18666850908
+18666858977
+18666862504
+18666894426
+18666926562
+18666932963
+18666948573
+18666949925
+18666950733
+18666970602
+18666971462
+18666974096
+18666993085
+18666993104
+18666993144
+18667011700
+18667011802
+18667037961
+18667061619
+18667061679
+18667074595
+18667083080
+18667083255
+18667107382
+18667110224
+18667113373
+18667119878
+18667134887
+18667184777
+18667191838
+18667192924
+18667194101
+18667195303
+18667196698
+18667198021
+18667201471
+18667217035
+18667219868
+18667238375
+18667248600
+18667252769
+18667265651
+18667270473
+18667276488
+18667281079
+18667292722
+18667300150
+18667307569
+18667321813
+18667339184
+18667404298
+18667420886
+18667433124
+18667446383
+18667453449
+18667467622
+18667471868
+18667509185
+18667512476
+18667526385
+18667527753
+18667564365
+18667565434
+18667571687
+18667571689
+18667571690
+18667571691
+18667572045
+18667574259
+18667579894
+18667580636
+18667580639
+18667581262
+18667584590
+18667606205
+18667610567
+18667610568
+18667610585
+18667625799
+18667637575
+18667637576
+18667639254
+18667646727
+18667704704
+18667711104
+18667716288
+18667722069
+18667732555
+18667739210
+18667771990
+18667776495
+18667813989
+18667818626
+18667835567
+18667836085
+18667841160
+18667841193
+18667863347
+18667870107
+18667871217
+18667873937
+18667876341
+18667897966
+18667905371
+18667911484
+18667913375
+18667915694
+18667922921
+18667923151
+18667955107
+18667960858
+18667961588
+18667969357
+18667982490
+18667994515
+18668000255
+18668002202
+18668008277
+18668014378
+18668034839
+18668054902
+18668059214
+18668060591
+18668068441
+18668070010
+18668073010
+18668073734
+18668080413
+18668088446
+18668088488
+18668091062
+18668106891
+18668121867
+18668135527
+18668141480
+18668161095
+18668175100
+18668190031
+18668206177
+18668207065
+18668235340
+18668246744
+18668249437
+18668260823
+18668262124
+18668281166
+18668286931
+18668287331
+18668289088
+18668290545
+18668309454
+18668314847
+18668333734
+18668368987
+18668379690
+18668380261
+18668386092
+18668386102
+18668398902
+18668404148
+18668404246
+18668410143
+18668413268
+18668413272
+18668418679
+18668430374
+18668436835
+18668441508
+18668442358
+18668459662
+18668471251
+18668483385
+18668484804
+18668493243
+18668504419
+18668529327
+18668530205
+18668535938
+18668539268
+18668553970
+18668569607
+18668573225
+18668586729
+18668605757
+18668628289
+18668649062
+18668664315
+18668667500
+18668675568
+18668685092
+18668691920
+18668693623
+18668716266
+18668740110
+18668741505
+18668748380
+18668757743
+18668758613
+18668760525
+18668762156
+18668769896
+18668770074
+18668770563
+18668773868
+18668779385
+18668780828
+18668795777
+18668801666
+18668814473
+18668826222
+18668826944
+18668827082
+18668827131
+18668827270
+18668827666
+18668829979
+18668834452
+18668853850
+18668870052
+18668871017
+18668878252
+18668878317
+18668878997
+18668879741
+18668882115
+18668890264
+18668894174
+18668894707
+18668903387
+18668954766
+18668961735
+18668971821
+18668975349
+18668985285
+18669000424
+18669013623
+18669018629
+18669064539
+18669087846
+18669094123
+18669094458
+18669102605
+18669102606
+18669102607
+18669103178
+18669107624
+18669107673
+18669107925
+18669124741
+18669124744
+18669142409
+18669143021
+18669145806
+18669149578
+18669181460
+18669190291
+18669220040
+18669236434
+18669259892
+18669280183
+18669280361
+18669288598
+18669303305
+18669308034
+18669313773
+18669317075
+18669319948
+18669320808
+18669320955
+18669323880
+18669325104
+18669335490
+18669338135
+18669338387
+18669352205
+18669368897
+18669370114
+18669373225
+18669380028
+18669410521
+18669420157
+18669442900
+18669456584
+18669480585
+18669481086
+18669481985
+18669482715
+18669482757
+18669482758
+18669495633
+18669507780
+18669512168
+18669512768
+18669513700
+18669537906
+18669555455
+18669561066
+18669566121
+18669566279
+18669590957
+18669590962
+18669591033
+18669591080
+18669591247
+18669591526
+18669591584
+18669606330
+18669612090
+18669619021
+18669619399
+18669637383
+18669646229
+18669659011
+18669705813
+18669711505
+18669717358
+18669724374
+18669765606
+18669778987
+18669780319
+18669780622
+18669781046
+18669784496
+18669784927
+18669785253
+18669785961
+18669786123
+18669786159
+18669786295
+18669786568
+18669787102
+18669787311
+18669787419
+18669787722
+18669787784
+18669787966
+18669788036
+18669788128
+18669788167
+18669788322
+18669788483
+18669788560
+18669788595
+18669790961
+18669791146
+18669800314
+18669800797
+18669823987
+18669824029
+18669824051
+18669835067
+18669843047
+18669845869
+18669869873
+18669871717
+18669872870
+18669873195
+18669873917
+18669880335
+18669892507
+18669910391
+18669912880
+18669919062
+18669922199
+18669924799
+18669926847
+18669941699
+18669961025
+18669965997
+18669994932
+18669996445
+18678790157
+18696110110
+18702182243
+18702346784
+18703418702
+18703454574
+18703572933
+18703900841
+18703982103
+18704075262
+18704094531
+18704279621
+18704279763
+18704638587
+18704638589
+18704643846
+18704668587
+18705180093
+18705284379
+18705439592
+18705681952
+18705685585
+18705815025
+18705928412
+18705945389
+18706192519
+18706200797
+18706396110
+18706630131
+18706676603
+18706691904
+18707055124
+18707264749
+18707418052
+18707593634
+18707611850
+18707856958
+18708252467
+18708620010
+18708751486
+18708762872
+18709493099
+18722042215
+18722042288
+18722042294
+18722042385
+18722042550
+18722042561
+18722042695
+18722042731
+18722042736
+18722042741
+18722050698
+18722105006
+18722105041
+18722105068
+18722105077
+18722105091
+18722105092
+18722105139
+18722105255
+18722105291
+18722105301
+18722105305
+18722105306
+18722105341
+18722130022
+18722130739
+18722137080
+18722137191
+18722137208
+18722137341
+18722151936
+18722159085
+18722159241
+18722159242
+18722159353
+18722159474
+18722159516
+18722159646
+18722159653
+18722159654
+18722159655
+18722159681
+18722159687
+18722159688
+18722159698
+18722159703
+18722159706
+18722216005
+18722251110
+18722311156
+18722314187
+18722314263
+18722314931
+18722315497
+18722315620
+18722408540
+18722485003
+18722491403
+18722491678
+18722493510
+18722530730
+18722530788
+18722550266
+18722679329
+18722761001
+18723028130
+18723028381
+18723456789
+18723560071
+18723657125
+18724847264
+18725293881
+18725884851
+18726273498
+18726661386
+18727139032
+18727572608
+18727620574
+18728103866
+18728132382
+18728173264
+18728881157
+18734844606
+18742456789
+18743527537
+18746000345
+18762101608
+18762541483
+18762598004
+18762761053
+18762862460
+18762877580
+18762896273
+18762927590
+18762947186
+18762976524
+18763063334
+18763431179
+18763487378
+18763654886
+18763683769
+18763742141
+18763762183
+18763764676
+18763966642
+18764013154
+18764030900
+18764050673
+18764077111
+18764095886
+18764139744
+18764215309
+18764303329
+18764319618
+18764387756
+18764416981
+18764465235
+18764472590
+18764511302
+18764578526
+18764616656
+18764635049
+18764675014
+18764712110
+18764966642
+18764970251
+18765038263
+18765056173
+18765059189
+18765076335
+18765078671
+18765122560
+18765246823
+18765275479
+18765347149
+18765413953
+18765434785
+18765669316
+18765671417
+18765788529
+18765838819
+18765905551
+18766480414
+18767742154
+18767748051
+18767916779
+18767996966
+18768066240
+18768093403
+18768100729
+18768131175
+18768171741
+18768207283
+18768211704
+18768498729
+18768548720
+18768598499
+18768643945
+18768669215
+18768678311
+18768691966
+18768772820
+18768919347
+18768957787
+18772000760
+18772001765
+18772002515
+18772004023
+18772013564
+18772019713
+18772023809
+18772025429
+18772028853
+18772029483
+18772029630
+18772029821
+18772033390
+18772033850
+18772033895
+18772034162
+18772039318
+18772043930
+18772049795
+18772050488
+18772051650
+18772054603
+18772056961
+18772061846
+18772071068
+18772072330
+18772077101
+18772084170
+18772084172
+18772085228
+18772094493
+18772095148
+18772096631
+18772103463
+18772103490
+18772110329
+18772111997
+18772118733
+18772121226
+18772121505
+18772128283
+18772128752
+18772130037
+18772130232
+18772130674
+18772131397
+18772132767
+18772133096
+18772136163
+18772145406
+18772152109
+18772163940
+18772164046
+18772164776
+18772165006
+18772166735
+18772181087
+18772181404
+18772186023
+18772186190
+18772188360
+18772188361
+18772188371
+18772188883
+18772189153
+18772203493
+18772204461
+18772204805
+18772207127
+18772210984
+18772216515
+18772221530
+18772236607
+18772237634
+18772239347
+18772246529
+18772254202
+18772256229
+18772270063
+18772275511
+18772280244
+18772283160
+18772287157
+18772288108
+18772291193
+18772293945
+18772298493
+18772306732
+18772306733
+18772308830
+18772329768
+18772338993
+18772348334
+18772351091
+18772357697
+18772360792
+18772360793
+18772361115
+18772364471
+18772365791
+18772367498
+18772382666
+18772382727
+18772409389
+18772409722
+18772413082
+18772413458
+18772418302
+18772418308
+18772418360
+18772418759
+18772419002
+18772427372
+18772427524
+18772432678
+18772433099
+18772435029
+18772454505
+18772454705
+18772456865
+18772472144
+18772472559
+18772481887
+18772494200
+18772497294
+18772503455
+18772507892
+18772514131
+18772521062
+18772522701
+18772524534
+18772527503
+18772528108
+18772530093
+18772538964
+18772540943
+18772546602
+18772549529
+18772551681
+18772555923
+18772562295
+18772574150
+18772581590
+18772584825
+18772584828
+18772588343
+18772590304
+18772599214
+18772623013
+18772631008
+18772639695
+18772639914
+18772643112
+18772643911
+18772654135
+18772666060
+18772668951
+18772671902
+18772691071
+18772713082
+18772719969
+18772721138
+18772729923
+18772733528
+18772737626
+18772741933
+18772743096
+18772750883
+18772779198
+18772780017
+18772783122
+18772786868
+18772791691
+18772800032
+18772800934
+18772807373
+18772841966
+18772860392
+18772864623
+18772871090
+18772880504
+18772899925
+18772901033
+18772901333
+18772902764
+18772906323
+18772911624
+18772920628
+18772940888
+18772941208
+18772941437
+18772941470
+18772941479
+18772942183
+18772944477
+18772958833
+18772973156
+18772980595
+18773012586
+18773016805
+18773020354
+18773027788
+18773032243
+18773037965
+18773046426
+18773051145
+18773058463
+18773065888
+18773067586
+18773080128
+18773091370
+18773094886
+18773099718
+18773101270
+18773104257
+18773108276
+18773112348
+18773131087
+18773133723
+18773133730
+18773134009
+18773145231
+18773159716
+18773168906
+18773170806
+18773170948
+18773173204
+18773173908
+18773175659
+18773202629
+18773210008
+18773220045
+18773222981
+18773229724
+18773235046
+18773237668
+18773237671
+18773265674
+18773272101
+18773289692
+18773298142
+18773310374
+18773314052
+18773314157
+18773315009
+18773315012
+18773315164
+18773315198
+18773316204
+18773318388
+18773339336
+18773343941
+18773345556
+18773356619
+18773356951
+18773357770
+18773360715
+18773361489
+18773368828
+18773369776
+18773371141
+18773394612
+18773408777
+18773417635
+18773422275
+18773465574
+18773505907
+18773506032
+18773506150
+18773513003
+18773519240
+18773531611
+18773531707
+18773532170
+18773551278
+18773568543
+18773575474
+18773582001
+18773597099
+18773617550
+18773620002
+18773622247
+18773640444
+18773640990
+18773659712
+18773659864
+18773660169
+18773660622
+18773670225
+18773690853
+18773693667
+18773732737
+18773737652
+18773739176
+18773742582
+18773761544
+18773774387
+18773784727
+18773789207
+18773792313
+18773794933
+18773819605
+18773824357
+18773834802
+18773849039
+18773849041
+18773850398
+18773854482
+18773865224
+18773872294
+18773896582
+18773919145
+18773919919
+18773930827
+18773931635
+18773932594
+18773939483
+18773945975
+18773953125
+18773953296
+18773953540
+18773953623
+18773957836
+18773966777
+18773988614
+18773992570
+18774046550
+18774046764
+18774055003
+18774064698
+18774065590
+18774069499
+18774073049
+18774094104
+18774097578
+18774104634
+18774104635
+18774112447
+18774115551
+18774116269
+18774116748
+18774122005
+18774127753
+18774128533
+18774137077
+18774149540
+18774196664
+18774218692
+18774248265
+18774257858
+18774265514
+18774287039
+18774301431
+18774302355
+18774317784
+18774334576
+18774343695
+18774343755
+18774343767
+18774343794
+18774343831
+18774354009
+18774356817
+18774359849
+18774367136
+18774371981
+18774371987
+18774401450
+18774407586
+18774411204
+18774428840
+18774430144
+18774447750
+18774457469
+18774470376
+18774471720
+18774477439
+18774493112
+18774498842
+18774506496
+18774506498
+18774511731
+18774514611
+18774546916
+18774558569
+18774567267
+18774597304
+18774635346
+18774637593
+18774637786
+18774649948
+18774653626
+18774655419
+18774670622
+18774689238
+18774696547
+18774696720
+18774701057
+18774702155
+18774713363
+18774757408
+18774767538
+18774787645
+18774798624
+18774821148
+18774824860
+18774825477
+18774825503
+18774831462
+18774857201
+18774862048
+18774871473
+18774881792
+18774883538
+18774883557
+18774883558
+18774883619
+18774883647
+18774886438
+18774887732
+18774895688
+18774911849
+18774920028
+18774922607
+18774937438
+18774950400
+18774950477
+18774951600
+18774979054
+18774984746
+18774988563
+18775019923
+18775023000
+18775027015
+18775035802
+18775036145
+18775036374
+18775041892
+18775050787
+18775067494
+18775073810
+18775098033
+18775122511
+18775131469
+18775134298
+18775148426
+18775156792
+18775161076
+18775212139
+18775216773
+18775231278
+18775232228
+18775250879
+18775268934
+18775278382
+18775281449
+18775291693
+18775308951
+18775314699
+18775338522
+18775356350
+18775377505
+18775390469
+18775410829
+18775418420
+18775429288
+18775431115
+18775452280
+18775474070
+18775477275
+18775501981
+18775516762
+18775517722
+18775569255
+18775571270
+18775574048
+18775581999
+18775591755
+18775600758
+18775600870
+18775608638
+18775612272
+18775635739
+18775645339
+18775658456
+18775689247
+18775722989
+18775737790
+18775748592
+18775758182
+18775774095
+18775776647
+18775776864
+18775790656
+18775803933
+18775807750
+18775809267
+18775815373
+18775851085
+18775855974
+18775875726
+18775875727
+18775885711
+18775892462
+18775897822
+18775898702
+18775910606
+18775932995
+18775941885
+18775951342
+18775953098
+18775954011
+18775960172
+18775971385
+18776023002
+18776023099
+18776023101
+18776023103
+18776023106
+18776037536
+18776043450
+18776048834
+18776061311
+18776066700
+18776066900
+18776089648
+18776092570
+18776095704
+18776095710
+18776110614
+18776111213
+18776137414
+18776141160
+18776175804
+18776321757
+18776349494
+18776352563
+18776357467
+18776363716
+18776372638
+18776380175
+18776410469
+18776413013
+18776421554
+18776425134
+18776431254
+18776434371
+18776478551
+18776478552
+18776482964
+18776493497
+18776495723
+18776504249
+18776521652
+18776523853
+18776531810
+18776551418
+18776554371
+18776577444
+18776581243
+18776581246
+18776588518
+18776641539
+18776690383
+18776695107
+18776695108
+18776706706
+18776717416
+18776740470
+18776740516
+18776740711
+18776765006
+18776768055
+18776768463
+18776772588
+18776777371
+18776779622
+18776789376
+18776813976
+18776822671
+18776831527
+18776849344
+18776875322
+18776886367
+18776887114
+18776887664
+18776888587
+18776889376
+18776898723
+18776898870
+18776901940
+18776918086
+18776931999
+18776933922
+18776935600
+18776946086
+18776947382
+18776966775
+18776967786
+18776974785
+18776983261
+18776989400
+18777019690
+18777081505
+18777093832
+18777101116
+18777103334
+18777112455
+18777121084
+18777141509
+18777160728
+18777161502
+18777194201
+18777197991
+18777227299
+18777261833
+18777266210
+18777281971
+18777291610
+18777292478
+18777294278
+18777341991
+18777372662
+18777376131
+18777377074
+18777402883
+18777406147
+18777414113
+18777418516
+18777437115
+18777458562
+18777462559
+18777505666
+18777522711
+18777539167
+18777541112
+18777542079
+18777558372
+18777609745
+18777612980
+18777627820
+18777634949
+18777637357
+18777640833
+18777645405
+18777651152
+18777662161
+18777668523
+18777682265
+18777697310
+18777702682
+18777708065
+18777708125
+18777710161
+18777730364
+18777734735
+18777741223
+18777753080
+18777753091
+18777770147
+18777811759
+18777822094
+18777828870
+18777837491
+18777860014
+18777872594
+18777879239
+18777892072
+18777897424
+18777902327
+18777902369
+18777903355
+18777903487
+18777932265
+18777950568
+18777951967
+18777959819
+18777968162
+18777991999
+18778002890
+18778019505
+18778036318
+18778057000
+18778057744
+18778059411
+18778078895
+18778098533
+18778098534
+18778109315
+18778110730
+18778137604
+18778140870
+18778152066
+18778152074
+18778167215
+18778175619
+18778180060
+18778188108
+18778196042
+18778201885
+18778211658
+18778222014
+18778222015
+18778222928
+18778227770
+18778229054
+18778229209
+18778235318
+18778235321
+18778235328
+18778235334
+18778235399
+18778253242
+18778269760
+18778274376
+18778278781
+18778284037
+18778285528
+18778307667
+18778312873
+18778312874
+18778317217
+18778343359
+18778343660
+18778365629
+18778365643
+18778380012
+18778383026
+18778384347
+18778398173
+18778401810
+18778407884
+18778413509
+18778414301
+18778430554
+18778437934
+18778444999
+18778472911
+18778487317
+18778503107
+18778533002
+18778534715
+18778537655
+18778537659
+18778543538
+18778548567
+18778561682
+18778561733
+18778561737
+18778587463
+18778590509
+18778591396
+18778599109
+18778611416
+18778612470
+18778632161
+18778640197
+18778644566
+18778647127
+18778659816
+18778669298
+18778675139
+18778681638
+18778738710
+18778743172
+18778743176
+18778762501
+18778764999
+18778800777
+18778804742
+18778809610
+18778841023
+18778869298
+18778887409
+18778905084
+18778917853
+18778922610
+18778922654
+18778930165
+18778950043
+18778955496
+18778957028
+18778957872
+18778960989
+18778979645
+18778984234
+18778987265
+18778988468
+18778995133
+18778997807
+18779016496
+18779042096
+18779069121
+18779084787
+18779100501
+18779145137
+18779157964
+18779191702
+18779197636
+18779217180
+18779217194
+18779228831
+18779243604
+18779278802
+18779301715
+18779308384
+18779316333
+18779317446
+18779320299
+18779364336
+18779410656
+18779411030
+18779411106
+18779473639
+18779481769
+18779538555
+18779591417
+18779592102
+18779593303
+18779599701
+18779599712
+18779624157
+18779625653
+18779634322
+18779683413
+18779691130
+18779694676
+18779741474
+18779746244
+18779764537
+18779812153
+18779822110
+18779863742
+18779903599
+18779903926
+18779907666
+18779917855
+18779984494
+18779985872
+18779996057
+18779997887
+18782010297
+18782010298
+18782012288
+18782051021
+18782051022
+18782059303
+18782067050
+18782125986
+18782289048
+18782289049
+18782314673
+18782850508
+18783029366
+18783132751
+18784440767
+18785594877
+18787827496
+18788470146
+18788771402
+18792870962
+18799493099
+18806900145
+18822103502
+18827245443
+18828721565
+18837142769
+18845771246
+18852192278
+18854301463
+18856493309
+18858478965
+18862250333
+18865225550
+18866543206
+18872009231
+18878533002
+18882001237
+18882003402
+18882008889
+18882009125
+18882010473
+18882011173
+18882012817
+18882018858
+18882021333
+18882022385
+18882030818
+18882031204
+18882033412
+18882033740
+18882034134
+18882044535
+18882045839
+18882052354
+18882059334
+18882062080
+18882063274
+18882064556
+18882065037
+18882065330
+18882065584
+18882066385
+18882066648
+18882071231
+18882074648
+18882079211
+18882095655
+18882109910
+18882114202
+18882114502
+18882114727
+18882117690
+18882121747
+18882122676
+18882139688
+18882143992
+18882152217
+18882154058
+18882165826
+18882180804
+18882184298
+18882198757
+18882210744
+18882212347
+18882219717
+18882220332
+18882224227
+18882231150
+18882232444
+18882234093
+18882238982
+18882240966
+18882243038
+18882245557
+18882250199
+18882251293
+18882255322
+18882255502
+18882255773
+18882257524
+18882266120
+18882296008
+18882302210
+18882302215
+18882302219
+18882310406
+18882311249
+18882311968
+18882315356
+18882315462
+18882315805
+18882317089
+18882317304
+18882317396
+18882317782
+18882333383
+18882339545
+18882341190
+18882346786
+18882347187
+18882356323
+18882357122
+18882358072
+18882359033
+18882359513
+18882366923
+18882367147
+18882373555
+18882377396
+18882378289
+18882378308
+18882385223
+18882385966
+18882391407
+18882391946
+18882395734
+18882405008
+18882407949
+18882412971
+18882416243
+18882428006
+18882428784
+18882429948
+18882440151
+18882440490
+18882442299
+18882450194
+18882454151
+18882457118
+18882467822
+18882469292
+18882474080
+18882478385
+18882483182
+18882487114
+18882498790
+18882503780
+18882503786
+18882507027
+18882516414
+18882518169
+18882520901
+18882522999
+18882524013
+18882525761
+18882527318
+18882531295
+18882533108
+18882533440
+18882535089
+18882536126
+18882536880
+18882538525
+18882551635
+18882555521
+18882557712
+18882558074
+18882565786
+18882585108
+18882587615
+18882593777
+18882602807
+18882621999
+18882623446
+18882629051
+18882631537
+18882632465
+18882632487
+18882636384
+18882646961
+18882651068
+18882653362
+18882653965
+18882662278
+18882665305
+18882667848
+18882669019
+18882671162
+18882694978
+18882697157
+18882697397
+18882701109
+18882707487
+18882710897
+18882711355
+18882713853
+18882714270
+18882717564
+18882721085
+18882725543
+18882739804
+18882739953
+18882745433
+18882745478
+18882752186
+18882759430
+18882772271
+18882789609
+18882792426
+18882798121
+18882799103
+18882804331
+18882823917
+18882837948
+18882851306
+18882860963
+18882863792
+18882865462
+18882874637
+18882885462
+18882894009
+18882905129
+18882916199
+18882916997
+18882922455
+18882925232
+18882927086
+18882946804
+18882955540
+18882964901
+18882965443
+18882968513
+18882973038
+18882974190
+18882986870
+18882992416
+18882993507
+18882999647
+18883001463
+18883015221
+18883031182
+18883032813
+18883041822
+18883043311
+18883044264
+18883046081
+18883048539
+18883050985
+18883050991
+18883064315
+18883070680
+18883072037
+18883072075
+18883073196
+18883080747
+18883087216
+18883088067
+18883090142
+18883095018
+18883100345
+18883101384
+18883109738
+18883111572
+18883111694
+18883112118
+18883113811
+18883113841
+18883114202
+18883116390
+18883124978
+18883135604
+18883141023
+18883148369
+18883150230
+18883151485
+18883151873
+18883157525
+18883168595
+18883179490
+18883198486
+18883203301
+18883212017
+18883215880
+18883219438
+18883228209
+18883234620
+18883249444
+18883256050
+18883266143
+18883278454
+18883278975
+18883279089
+18883280131
+18883290054
+18883297783
+18883300126
+18883301467
+18883302459
+18883317279
+18883333474
+18883338452
+18883346220
+18883352417
+18883362700
+18883372867
+18883375107
+18883375131
+18883383804
+18883402911
+18883404142
+18883405111
+18883415449
+18883419027
+18883425766
+18883432156
+18883433547
+18883439735
+18883442694
+18883453709
+18883455509
+18883455510
+18883457079
+18883459842
+18883473295
+18883476357
+18883483642
+18883493341
+18883507549
+18883511097
+18883513138
+18883534202
+18883538736
+18883541741
+18883554400
+18883557209
+18883561983
+18883575222
+18883584124
+18883599466
+18883619611
+18883623253
+18883636020
+18883653726
+18883669010
+18883683518
+18883686649
+18883688411
+18883692447
+18883694652
+18883698801
+18883711056
+18883712180
+18883723182
+18883730962
+18883731969
+18883731970
+18883760714
+18883764805
+18883795642
+18883809622
+18883812228
+18883821222
+18883827472
+18883831222
+18883831833
+18883839204
+18883844957
+18883847876
+18883860798
+18883863676
+18883866241
+18883871976
+18883873041
+18883874951
+18883882032
+18883890430
+18883891695
+18883901153
+18883905538
+18883918137
+18883920532
+18883920533
+18883920818
+18883921997
+18883929503
+18883937036
+18883937158
+18883937162
+18883937163
+18883940555
+18883952774
+18883965070
+18883972894
+18883973742
+18883981552
+18883982653
+18883998934
+18884000902
+18884003614
+18884004102
+18884007625
+18884007804
+18884017322
+18884019025
+18884020742
+18884022065
+18884024005
+18884026028
+18884026918
+18884029182
+18884036503
+18884052096
+18884057554
+18884059229
+18884059988
+18884061949
+18884063021
+18884065879
+18884066020
+18884067351
+18884068031
+18884068921
+18884072741
+18884074934
+18884084664
+18884085677
+18884088943
+18884095595
+18884101459
+18884101633
+18884111135
+18884116961
+18884121475
+18884126415
+18884131549
+18884132693
+18884137043
+18884141786
+18884142430
+18884149821
+18884154409
+18884155735
+18884164228
+18884167301
+18884170822
+18884171821
+18884173659
+18884192387
+18884199409
+18884212110
+18884212298
+18884225350
+18884225654
+18884228211
+18884230900
+18884232420
+18884235149
+18884235155
+18884235940
+18884236064
+18884247828
+18884252291
+18884257026
+18884258970
+18884260777
+18884263440
+18884265698
+18884284037
+18884287946
+18884311352
+18884312489
+18884315114
+18884326813
+18884340198
+18884342586
+18884346548
+18884348008
+18884382427
+18884388870
+18884408325
+18884410869
+18884410875
+18884410898
+18884419603
+18884454631
+18884457041
+18884457387
+18884458787
+18884489655
+18884493609
+18884496744
+18884509009
+18884511603
+18884519670
+18884523804
+18884534330
+18884551933
+18884555589
+18884567048
+18884570186
+18884601434
+18884611115
+18884640727
+18884651614
+18884680021
+18884680332
+18884680736
+18884693957
+18884694520
+18884700614
+18884700655
+18884703011
+18884703117
+18884706836
+18884711788
+18884711814
+18884713920
+18884734860
+18884750084
+18884753122
+18884754204
+18884755228
+18884757762
+18884760869
+18884766125
+18884781882
+18884794384
+18884795333
+18884800678
+18884801576
+18884802432
+18884806946
+18884807784
+18884811812
+18884813834
+18884814348
+18884825378
+18884828436
+18884831407
+18884837200
+18884837201
+18884837202
+18884840568
+18884849218
+18884864722
+18884870143
+18884872027
+18884873376
+18884887808
+18884903644
+18884905427
+18884913374
+18884915983
+18884916108
+18884917446
+18884920698
+18884930202
+18884932582
+18884935423
+18884942568
+18884944482
+18884944881
+18884961141
+18884965170
+18884965250
+18884969407
+18884971141
+18884973374
+18884978986
+18884995501
+18885011533
+18885020385
+18885020584
+18885020728
+18885028883
+18885030711
+18885030999
+18885032595
+18885032917
+18885047200
+18885061121
+18885066728
+18885072101
+18885077939
+18885101901
+18885104454
+18885104826
+18885105221
+18885110181
+18885110275
+18885113437
+18885120495
+18885140268
+18885141650
+18885142665
+18885147679
+18885154191
+18885202665
+18885204388
+18885208274
+18885211936
+18885214388
+18885223848
+18885225994
+18885231902
+18885233317
+18885240686
+18885240690
+18885240691
+18885240692
+18885251136
+18885260244
+18885270199
+18885276369
+18885295289
+18885295496
+18885302219
+18885303626
+18885303707
+18885306830
+18885315403
+18885316664
+18885317002
+18885317284
+18885317285
+18885335147
+18885346214
+18885383518
+18885385612
+18885393879
+18885407092
+18885409844
+18885416677
+18885419895
+18885421146
+18885434075
+18885442715
+18885444877
+18885454189
+18885491099
+18885493776
+18885502127
+18885511919
+18885520219
+18885522089
+18885528805
+18885536215
+18885545156
+18885571980
+18885576766
+18885589552
+18885595502
+18885618714
+18885618861
+18885618862
+18885618997
+18885623231
+18885623256
+18885630237
+18885641148
+18885651357
+18885654329
+18885655005
+18885657126
+18885669799
+18885680296
+18885686514
+18885692564
+18885702858
+18885705970
+18885720297
+18885720612
+18885720636
+18885725637
+18885730931
+18885730985
+18885731014
+18885731018
+18885731102
+18885741237
+18885750555
+18885751448
+18885770109
+18885774003
+18885782146
+18885799559
+18885822282
+18885823359
+18885826870
+18885847921
+18885852112
+18885855282
+18885862188
+18885871362
+18885871368
+18885879467
+18885887534
+18885894031
+18885896603
+18885898779
+18885905682
+18885905962
+18885918919
+18885919006
+18885919008
+18885921721
+18885930910
+18885933979
+18885942764
+18885946814
+18885948782
+18885950999
+18885960290
+18885964550
+18885971338
+18885975891
+18885983524
+18885990137
+18886014636
+18886053184
+18886059995
+18886099452
+18886102031
+18886110712
+18886115702
+18886116904
+18886123884
+18886124873
+18886139410
+18886144163
+18886162688
+18886205879
+18886210007
+18886216988
+18886220937
+18886224099
+18886229617
+18886229709
+18886230286
+18886263196
+18886270341
+18886270949
+18886274711
+18886279399
+18886284480
+18886291633
+18886296542
+18886326548
+18886334850
+18886340012
+18886363834
+18886367596
+18886384956
+18886394506
+18886409901
+18886421153
+18886433888
+18886492780
+18886496062
+18886511860
+18886513068
+18886513162
+18886513385
+18886516277
+18886525404
+18886530401
+18886536219
+18886539262
+18886540019
+18886543342
+18886559548
+18886560003
+18886604156
+18886605975
+18886607427
+18886620495
+18886624665
+18886624722
+18886630020
+18886664546
+18886678499
+18886731624
+18886731628
+18886733364
+18886735291
+18886736719
+18886738490
+18886748564
+18886756247
+18886765333
+18886780690
+18886780697
+18886780767
+18886794051
+18886802138
+18886802791
+18886804412
+18886811436
+18886813272
+18886815252
+18886817995
+18886819680
+18886821043
+18886822259
+18886824412
+18886830479
+18886831135
+18886851407
+18886872277
+18886911112
+18886913053
+18886922718
+18886934952
+18886944742
+18886946674
+18886949380
+18886950555
+18886954366
+18886985245
+18887003706
+18887007369
+18887011043
+18887011794
+18887033043
+18887044223
+18887061772
+18887079054
+18887099874
+18887100201
+18887103055
+18887103071
+18887106817
+18887106818
+18887108756
+18887111334
+18887117711
+18887120594
+18887122823
+18887126698
+18887130083
+18887130576
+18887145337
+18887150372
+18887175489
+18887180162
+18887180165
+18887197195
+18887212695
+18887212698
+18887212701
+18887214668
+18887216387
+18887266443
+18887271127
+18887278057
+18887303260
+18887307746
+18887310581
+18887311501
+18887312096
+18887320174
+18887320479
+18887321480
+18887325818
+18887328562
+18887329704
+18887329725
+18887329785
+18887340589
+18887347409
+18887354983
+18887361758
+18887370590
+18887399201
+18887400122
+18887405326
+18887411115
+18887420615
+18887424129
+18887425725
+18887428365
+18887428594
+18887438631
+18887452315
+18887485089
+18887495611
+18887513937
+18887519000
+18887533223
+18887556492
+18887579894
+18887604202
+18887622265
+18887652489
+18887677214
+18887677548
+18887688323
+18887692278
+18887692348
+18887693267
+18887698605
+18887700132
+18887703950
+18887707360
+18887724403
+18887742601
+18887744930
+18887753067
+18887753748
+18887772454
+18887785736
+18887807951
+18887808013
+18887810856
+18887834442
+18887840115
+18887842818
+18887852471
+18887860171
+18887874608
+18887881276
+18887897059
+18887899730
+18887910208
+18887943848
+18887951144
+18887951475
+18887956262
+18887964320
+18887966879
+18887969104
+18887982967
+18887988881
+18888002527
+18888005234
+18888008689
+18888019078
+18888021696
+18888024042
+18888025343
+18888033174
+18888050480
+18888050943
+18888051467
+18888069073
+18888069074
+18888069170
+18888070864
+18888088488
+18888096014
+18888100041
+18888100042
+18888102014
+18888107501
+18888115279
+18888115693
+18888120092
+18888120093
+18888123400
+18888129518
+18888130050
+18888143555
+18888150932
+18888156806
+18888167856
+18888171750
+18888172153
+18888178681
+18888180772
+18888181428
+18888189147
+18888191717
+18888192135
+18888200968
+18888204414
+18888205771
+18888210229
+18888211695
+18888214575
+18888218982
+18888225151
+18888225894
+18888259639
+18888267171
+18888276595
+18888288754
+18888296330
+18888297228
+18888297563
+18888299431
+18888299436
+18888310434
+18888316111
+18888321903
+18888355322
+18888365375
+18888369683
+18888384474
+18888404370
+18888409880
+18888418164
+18888418182
+18888425884
+18888426328
+18888430014
+18888443894
+18888447979
+18888464933
+18888488875
+18888513049
+18888520429
+18888548353
+18888552338
+18888562175
+18888570796
+18888571114
+18888576572
+18888584014
+18888592730
+18888604610
+18888638768
+18888651799
+18888653323
+18888653402
+18888662082
+18888664261
+18888681623
+18888681675
+18888682017
+18888692147
+18888714774
+18888721566
+18888752172
+18888752941
+18888806020
+18888812622
+18888814241
+18888827919
+18888839824
+18888846910
+18888849105
+18888857029
+18888859123
+18888860722
+18888875430
+18888888888
+18888890001
+18888894182
+18888920982
+18888922253
+18888930363
+18888930731
+18888931317
+18888932989
+18888937937
+18888939341
+18888950254
+18888952429
+18888953108
+18888955629
+18888955641
+18888955672
+18888955705
+18888966485
+18888975488
+18888982739
+18888996650
+18889005449
+18889010293
+18889023628
+18889023813
+18889041868
+18889051783
+18889051813
+18889052870
+18889053573
+18889071286
+18889077190
+18889079757
+18889087930
+18889100788
+18889101409
+18889103833
+18889106727
+18889106896
+18889126154
+18889127925
+18889128190
+18889137654
+18889145547
+18889165433
+18889182759
+18889187313
+18889187331
+18889191802
+18889196136
+18889196138
+18889196143
+18889198418
+18889200780
+18889202250
+18889211050
+18889225606
+18889252559
+18889254181
+18889262258
+18889283129
+18889283186
+18889283199
+18889283957
+18889326361
+18889346489
+18889364968
+18889366283
+18889385487
+18889393900
+18889416515
+18889439173
+18889460912
+18889461245
+18889593117
+18889593448
+18889595441
+18889597104
+18889638847
+18889641338
+18889645327
+18889648070
+18889649276
+18889649627
+18889650335
+18889652310
+18889653395
+18889668472
+18889710580
+18889732946
+18889736044
+18889752499
+18889759548
+18889760259
+18889761766
+18889765950
+18889785003
+18889792362
+18889795509
+18889801532
+18889817761
+18889820154
+18889822929
+18889826719
+18889827069
+18889828363
+18889833240
+18889854323
+18889867750
+18889871481
+18889883070
+18889906271
+18889907092
+18889907786
+18889943219
+18889969336
+18889971637
+18889973651
+18889983342
+18889983930
+18889988499
+18889991234
+18889994513
+18945024680
+18958478965
+18965656256
+18975428921
+18978254282
+19009999999
+19012014547
+19012036375
+19012037527
+19012052213
+19012142999
+19012178707
+19012312040
+19012312833
+19012371519
+19012395996
+19012491378
+19012491379
+19012551836
+19012629149
+19012670189
+19012670224
+19012670979
+19012868524
+19012900503
+19012900688
+19012900853
+19012901214
+19012907209
+19012956338
+19013007417
+19013007420
+19013007443
+19013024400
+19013101637
+19013173452
+19013173552
+19013195050
+19013294097
+19013345004
+19013500575
+19013500576
+19013738885
+19013781445
+19013817555
+19014010979
+19014021974
+19014072023
+19014099171
+19014109594
+19014109796
+19014116787
+19014251481
+19014261311
+19014308055
+19014308967
+19014415521
+19014415552
+19014432926
+19014440882
+19014534337
+19014534857
+19014582010
+19014660689
+19014664777
+19014667722
+19014757757
+19014847762
+19014890565
+19014900837
+19014952286
+19015043144
+19015043430
+19015094870
+19015279199
+19015446549
+19015531554
+19015548215
+19015620218
+19015621334
+19015650130
+19015940427
+19016024071
+19016066866
+19016171368
+19016174470
+19016177991
+19016190810
+19016228688
+19016463554
+19016640967
+19016640985
+19016767051
+19016998142
+19017083693
+19017262829
+19017516980
+19017678940
+19018088028
+19018108867
+19018420985
+19018487571
+19018665961
+19018774253
+19019225823
+19019225833
+19019460003
+19022006550
+19032000175
+19032000181
+19032001540
+19032001696
+19032002011
+19032002012
+19032002022
+19032002051
+19032002052
+19032002795
+19032004553
+19032010131
+19032016350
+19032018059
+19032019251
+19032062440
+19032075233
+19032131020
+19032131030
+19032131054
+19032131056
+19032131058
+19032131065
+19032131068
+19032131073
+19032131080
+19032131086
+19032131094
+19032131095
+19032131098
+19032134099
+19032182528
+19032187458
+19032243835
+19032281832
+19032283682
+19032462000
+19032464854
+19032514610
+19032699477
+19032701429
+19032721360
+19032842537
+19033001456
+19033071772
+19033071856
+19033091247
+19033249656
+19033269521
+19033302166
+19033405457
+19033456853
+19033483051
+19033500290
+19033554194
+19033612728
+19033747093
+19033785413
+19033927498
+19033999761
+19034018251
+19034052077
+19034070942
+19034072267
+19034173042
+19034264000
+19034367919
+19034642092
+19034642093
+19034673586
+19034760060
+19034832619
+19034837397
+19034936095
+19034960497
+19034969008
+19035024216
+19035219344
+19035463429
+19035616349
+19035938790
+19036000906
+19036000933
+19036002071
+19036005948
+19036023268
+19036035347
+19036039538
+19036509485
+19036640154
+19036830546
+19036857998
+19036869303
+19036890323
+19036899480
+19036910543
+19037025540
+19037057116
+19037069022
+19037135129
+19037331469
+19037400725
+19037401852
+19037403507
+19037404699
+19037471826
+19037473346
+19037515193
+19037650155
+19037655047
+19037656544
+19037698066
+19037698678
+19037714506
+19037802431
+19037811492
+19037811588
+19037811641
+19037811903
+19038032671
+19038154800
+19038293042
+19038334384
+19038470002
+19038470429
+19038831076
+19038837842
+19039072296
+19039072356
+19039072811
+19039140057
+19039651023
+19039806097
+19039960064
+19042019954
+19042031007
+19042031470
+19042031568
+19042031570
+19042031605
+19042043771
+19042043948
+19042077145
+19042192005
+19042198192
+19042201183
+19042203639
+19042264690
+19042265849
+19042364141
+19042395603
+19042451611
+19042525975
+19042569233
+19042571933
+19042571969
+19042596912
+19042634902
+19042648644
+19042746488
+19042822519
+19042893133
+19042899982
+19042936198
+19042936292
+19042970618
+19042978366
+19042992093
+19043002567
+19043010239
+19043104139
+19043128699
+19043230488
+19043261619
+19043344891
+19043349424
+19043375290
+19043619853
+19043658059
+19043713838
+19043721768
+19043728671
+19043739279
+19043745869
+19043803080
+19043853506
+19043853519
+19043870224
+19043980080
+19044029452
+19044048830
+19044107932
+19044108394
+19044193930
+19044258244
+19044320067
+19044323009
+19044350166
+19044350807
+19044361503
+19044361505
+19044361506
+19044383732
+19044394375
+19044527281
+19044529171
+19044675794
+19044740004
+19044740062
+19044740063
+19044741694
+19044744097
+19044796061
+19044930000
+19044952559
+19044957789
+19044970056
+19045068300
+19045120591
+19045122257
+19045122537
+19045123153
+19045126167
+19045138102
+19045160858
+19045169626
+19045171376
+19045202781
+19045249865
+19045258040
+19045258137
+19045302966
+19045341134
+19045368841
+19045418072
+19045418108
+19045433205
+19045433233
+19045433651
+19045451174
+19045496298
+19045497533
+19045522395
+19045523615
+19045531177
+19045533742
+19045607711
+19045608144
+19045675762
+19045680286
+19045697253
+19045703646
+19045703663
+19045720449
+19045724882
+19045804245
+19046000523
+19046011937
+19046075329
+19046385276
+19046385676
+19046386576
+19046387209
+19046389127
+19046389170
+19046471297
+19046472357
+19046656000
+19046693325
+19046717139
+19046773500
+19046773564
+19046773574
+19046773583
+19046773647
+19046902647
+19046945963
+19046999831
+19047012285
+19047124216
+19047125622
+19047125683
+19047125685
+19047173859
+19047177554
+19047177557
+19047202454
+19047202569
+19047275000
+19047294535
+19047347494
+19047436694
+19047464015
+19047482564
+19047582556
+19047591705
+19047825515
+19047897658
+19048008365
+19048012392
+19048263469
+19048279293
+19048310307
+19048344983
+19048344986
+19048494281
+19048495688
+19048507944
+19048537559
+19048655418
+19048721834
+19048758585
+19048865291
+19048865293
+19049007017
+19049021088
+19049034312
+19049034650
+19049050000
+19049145421
+19049304115
+19049304799
+19049712345
+19049900607
+19049937414
+19053903707
+19055955309
+19056909090
+19057247524
+19058463658
+19059183045
+19062003094
+19062078263
+19062078316
+19062078327
+19062089838
+19062089943
+19062098746
+19062392451
+19062846521
+19062856032
+19063234199
+19063790202
+19063960746
+19064489421
+19064489506
+19064489509
+19066987542
+19068632589
+19069346846
+19072571900
+19072751262
+19073085884
+19073121036
+19073133341
+19073136987
+19073150589
+19073314937
+19073338780
+19073363333
+19073752930
+19073954563
+19075197369
+19075197373
+19075521913
+19075815689
+19075816589
+19075816689
+19076003885
+19077868900
+19077895606
+19078024570
+19078024571
+19078024572
+19078024573
+19079281357
+19082242817
+19082353013
+19082646248
+19082646276
+19082712098
+19082740243
+19082755358
+19082791984
+19082800698
+19082800743
+19082936462
+19082971338
+19082979086
+19082996052
+19083009626
+19083069348
+19083089946
+19083168652
+19083168676
+19083215684
+19083276597
+19083326052
+19083372997
+19083445147
+19083445733
+19083559969
+19083599089
+19083738416
+19083738663
+19084095703
+19084095986
+19084199660
+19084228396
+19084287185
+19084288190
+19084328055
+19084328822
+19084401015
+19084416302
+19084417269
+19084550055
+19084608253
+19084752354
+19084880061
+19084880923
+19085050451
+19085108660
+19085204038
+19085274787
+19085331054
+19085433378
+19085433388
+19085473800
+19085478936
+19085744647
+19085831796
+19086529176
+19086818135
+19086893711
+19086913800
+19086980551
+19086980909
+19086984509
+19087315681
+19087315891
+19087366743
+19087746305
+19088049288
+19088092005
+19088181464
+19088296746
+19088458032
+19088458041
+19088458048
+19088458049
+19088582565
+19088585268
+19088585821
+19088585825
+19088585851
+19088585855
+19088733057
+19088733964
+19088880277
+19088934142
+19089210061
+19089280331
+19089406043
+19089412728
+19089478362
+19089560479
+19089862015
+19089872574
+19089916490
+19092002768
+19092031128
+19092031971
+19092194407
+19092194804
+19092196260
+19092283163
+19092334684
+19092343812
+19092367130
+19092398333
+19092450598
+19092458103
+19092487630
+19092510391
+19092517589
+19092527134
+19092584007
+19092595845
+19092595852
+19092599357
+19092599869
+19092710429
+19092711511
+19092711536
+19092711537
+19092711556
+19092718384
+19092718517
+19092773020
+19092808016
+19092848608
+19092859027
+19092873081
+19092873317
+19092931573
+19092942016
+19092967176
+19092967295
+19092967297
+19093008398
+19093036733
+19093041065
+19093109865
+19093122122
+19093122220
+19093134445
+19093134449
+19093141790
+19093161905
+19093167395
+19093180345
+19093215320
+19093244954
+19093426719
+19093431561
+19093431761
+19093453512
+19093453513
+19093477217
+19093478434
+19093487748
+19093534564
+19093557784
+19093584069
+19093662798
+19093664126
+19093664702
+19093665184
+19093746852
+19093851537
+19093872418
+19093995531
+19094134746
+19094159464
+19094361442
+19094409574
+19094432402
+19094612945
+19094724600
+19094724605
+19094787115
+19094946605
+19095009588
+19095132176
+19095161594
+19095285485
+19095301247
+19095301891
+19095431312
+19095450333
+19095479868
+19095514193
+19095526471
+19095593323
+19095668980
+19095669998
+19095751004
+19095751567
+19095814967
+19095814983
+19095818461
+19095822616
+19095822623
+19095845374
+19095874501
+19095982319
+19096021532
+19096206597
+19096249087
+19096324266
+19096324278
+19096373867
+19096392076
+19096488772
+19096664605
+19096665071
+19096665744
+19096665745
+19096678239
+19096696003
+19096710691
+19096832630
+19096945852
+19097079735
+19097137135
+19097137147
+19097290596
+19097363536
+19097377705
+19097403169
+19097436456
+19097454542
+19097468036
+19097481712
+19097521476
+19097841926
+19097959745
+19097983238
+19098035220
+19098080420
+19098357741
+19098371018
+19098576232
+19098597303
+19098745632
+19098860429
+19098891362
+19098904592
+19098919227
+19098945456
+19099127400
+19099134552
+19099160427
+19099413419
+19099568788
+19099631073
+19099658788
+19099670430
+19099994354
+19099996159
+19099996642
+19099997408
+19099998088
+19102107283
+19102122160
+19102169242
+19102257502
+19102424512
+19102539280
+19102695729
+19102894369
+19102924312
+19102946068
+19102952696
+19103028028
+19103113315
+19103201051
+19103261603
+19103383323
+19103396438
+19103484050
+19103597643
+19103607710
+19103643332
+19103701483
+19103755135
+19103755943
+19103779513
+19103784471
+19103860014
+19103860193
+19103867504
+19103870865
+19104058806
+19104074851
+19104085596
+19104274328
+19104429233
+19104441349
+19104447203
+19104547469
+19104551697
+19104691197
+19104736969
+19104757767
+19105016838
+19105026838
+19105028838
+19105072449
+19105183323
+19105189697
+19105425683
+19105457469
+19105931970
+19106205355
+19106365996
+19106762456
+19107134180
+19107256877
+19107283313
+19107548354
+19107582110
+19107950311
+19108070565
+19108121426
+19108300147
+19108303038
+19108303173
+19108395092
+19108551465
+19108631021
+19108758934
+19108898103
+19109000011
+19109462995
+19109540746
+19122027643
+19122028616
+19122029485
+19122083946
+19122086332
+19122156422
+19122164715
+19122169266
+19122175981
+19122443676
+19122447283
+19122814019
+19122817722
+19122857485
+19122930896
+19123012180
+19123015812
+19123017182
+19123021174
+19123035455
+19123070391
+19123070762
+19123070770
+19123074468
+19123244330
+19123355780
+19123374750
+19123377962
+19123398177
+19123420899
+19123424410
+19123613848
+19123722801
+19124024466
+19124025177
+19124178452
+19124301138
+19124376174
+19124520013
+19124521241
+19124528204
+19124543683
+19124548346
+19124942949
+19125131115
+19125311534
+19125590165
+19125710448
+19125722465
+19125806716
+19125997324
+19125997523
+19126651700
+19126780328
+19127120072
+19127120287
+19127120298
+19127120400
+19127120435
+19127342591
+19127674830
+19127711807
+19128163131
+19128163353
+19128164015
+19128321087
+19129495103
+19129888219
+19129994272
+19132010217
+19132034236
+19132079824
+19132144409
+19132144453
+19132159790
+19132159863
+19132159874
+19132159998
+19132172068
+19132190027
+19132242829
+19132258175
+19132259679
+19132259680
+19132259731
+19132259858
+19132299113
+19132299988
+19132349800
+19132464009
+19132531002
+19132568680
+19132576552
+19132626850
+19132677302
+19132706942
+19132707167
+19132708889
+19132709106
+19132781917
+19132790462
+19132790837
+19132816163
+19132840159
+19132861212
+19132861853
+19132861996
+19132989274
+19133120548
+19133120989
+19133121013
+19133123215
+19133123216
+19133123280
+19133123304
+19133123381
+19133125179
+19133125183
+19133125191
+19133125192
+19133129497
+19133130231
+19133202775
+19133265915
+19133275915
+19133466994
+19133495413
+19133539185
+19133539186
+19133539207
+19133571099
+19133641156
+19133641157
+19133694173
+19133704581
+19133828182
+19133842471
+19133905331
+19134041665
+19134165237
+19134269229
+19134818459
+19134900995
+19135354320
+19135435525
+19135628746
+19135635511
+19135635513
+19135635567
+19136088674
+19136088894
+19136424700
+19136433142
+19136433146
+19136740092
+19136748423
+19136748956
+19136778323
+19136778324
+19136778379
+19137065994
+19137083500
+19137175029
+19137218147
+19137283220
+19137286035
+19137286036
+19137305775
+19137386879
+19137529609
+19137559334
+19137821771
+19137886580
+19138003936
+19138040155
+19138040208
+19138040257
+19138083816
+19138396319
+19138397310
+19138397574
+19138715827
+19138882211
+19139242758
+19139333415
+19139379235
+19139401043
+19139537774
+19139633428
+19139636548
+19139714000
+19142009400
+19142023610
+19142026925
+19142052479
+19142054493
+19142056076
+19142058475
+19142059060
+19142059262
+19142059811
+19142100211
+19142109804
+19142149864
+19142153196
+19142190136
+19142190158
+19142190311
+19142194236
+19142196255
+19142211647
+19142211678
+19142263240
+19142289133
+19142289143
+19142315055
+19142318613
+19142335001
+19142335290
+19142335780
+19142356781
+19142401783
+19142415136
+19142415138
+19142415412
+19142463010
+19142463014
+19142463405
+19142463412
+19142581903
+19142651199
+19142652260
+19142655926
+19142656305
+19142656511
+19142666538
+19142668208
+19142668559
+19142669094
+19142671982
+19142682369
+19142682572
+19142686346
+19142698643
+19142719628
+19142727393
+19142776064
+19142885612
+19142921352
+19142925367
+19142926927
+19142942340
+19142942364
+19142942453
+19142943457
+19142943470
+19142945313
+19142945465
+19142960522
+19142972477
+19142976412
+19142977788
+19142978075
+19142987122
+19142987217
+19143030257
+19143039292
+19143258132
+19143267023
+19143267025
+19143267050
+19143267056
+19143278891
+19143285198
+19143311095
+19143311325
+19143311381
+19143311884
+19143317157
+19143317187
+19143317292
+19143346251
+19143364037
+19143364229
+19143364567
+19143399537
+19143408010
+19143431947
+19143431953
+19143481425
+19143486461
+19143502391
+19143520852
+19143521466
+19143521578
+19143531092
+19143533944
+19143568638
+19143574775
+19143574915
+19143574973
+19143615291
+19143615581
+19143634409
+19143634413
+19143634427
+19143634439
+19143635051
+19143635543
+19143635580
+19143635602
+19143645004
+19143645766
+19143645793
+19143649793
+19143657896
+19143682554
+19143687351
+19143689835
+19143716020
+19143735969
+19143735977
+19143735978
+19143735982
+19143737037
+19143737079
+19143737080
+19143803909
+19144011635
+19144043974
+19144067030
+19144108111
+19144108112
+19144108159
+19144108183
+19144122452
+19144122481
+19144211794
+19144213168
+19144235335
+19144250213
+19144257375
+19144259896
+19144360514
+19144551847
+19144612358
+19144650874
+19144650935
+19144886064
+19144993013
+19144993205
+19144993310
+19144993314
+19144993483
+19144993484
+19144993486
+19144993487
+19144993488
+19144993489
+19144998211
+19144998213
+19144998215
+19144998216
+19144998217
+19144998218
+19144998220
+19144998226
+19144998233
+19145023595
+19145302299
+19145302368
+19145308799
+19145308917
+19145308959
+19145321580
+19145394530
+19145561297
+19145563659
+19145565212
+19145565492
+19145565499
+19145569012
+19145671278
+19145672935
+19145672978
+19145673678
+19145675927
+19145706519
+19145734249
+19145955441
+19145956462
+19145957031
+19146000202
+19146005421
+19146104185
+19146104592
+19146133789
+19146200965
+19146457882
+19146487651
+19146551398
+19146621083
+19146629247
+19146629349
+19146671852
+19146673652
+19146856554
+19146888340
+19147092788
+19147252391
+19147284432
+19147504100
+19147524880
+19147683713
+19147683829
+19147708607
+19147750882
+19147757620
+19147757621
+19147757629
+19147781290
+19147796541
+19147933709
+19148275118
+19148296322
+19148405691
+19148436394
+19148585445
+19148628203
+19148628712
+19148936070
+19149199325
+19149202284
+19149206024
+19149206028
+19149207841
+19149251692
+19149306275
+19149341352
+19149342812
+19149353532
+19149357212
+19149359954
+19149401445
+19149433333
+19149612280
+19149675300
+19149842931
+19149843809
+19149845157
+19149848148
+19149880088
+19152010827
+19152131076
+19152132495
+19152154277
+19152176716
+19152454952
+19152463944
+19152554584
+19152573979
+19152610622
+19152611482
+19152660066
+19152660165
+19152803009
+19152828645
+19152849741
+19152888519
+19152895459
+19152922291
+19152922783
+19152950470
+19153082593
+19153140508
+19153147015
+19153208082
+19153214510
+19154404076
+19154404892
+19154612178
+19155168499
+19155330469
+19155937593
+19156006040
+19156035829
+19156131384
+19156131392
+19156134597
+19156154134
+19156541235
+19157108581
+19157270766
+19157276039
+19157303876
+19157461783
+19157690986
+19157748020
+19158727411
+19159104431
+19162075735
+19162094004
+19162145698
+19162184320
+19162222635
+19162330160
+19162332426
+19162341011
+19162354269
+19162358794
+19162361132
+19162364009
+19162379002
+19162391012
+19162410429
+19162414026
+19162414515
+19162414784
+19162414794
+19162427414
+19162437732
+19162453023
+19162460379
+19162460440
+19162460712
+19162460769
+19162460968
+19162462075
+19162485243
+19162491162
+19162498225
+19162501960
+19162521808
+19162526635
+19162563446
+19162597007
+19162600670
+19162600702
+19162632300
+19162632382
+19162632389
+19162632528
+19162658537
+19162702251
+19162706726
+19162738397
+19162739499
+19162800062
+19162823809
+19162829257
+19162829278
+19162829313
+19162829362
+19162829639
+19162829758
+19162829891
+19162874916
+19162889673
+19162909294
+19162937431
+19162990504
+19163023048
+19163097875
+19163134201
+19163143292
+19163143646
+19163164393
+19163186720
+19163223350
+19163354438
+19163470717
+19163470851
+19163473029
+19163473560
+19163474202
+19163494530
+19163523625
+19163668638
+19163782208
+19163788499
+19163788694
+19163788715
+19163788836
+19163795230
+19163822591
+19163827853
+19163936499
+19164033480
+19164234861
+19164398199
+19164405870
+19164472300
+19164584057
+19164681034
+19164681075
+19164681093
+19164681095
+19164690123
+19164690126
+19164697008
+19164698902
+19164714917
+19164762107
+19164762883
+19165146135
+19165183100
+19165260876
+19165261454
+19165262109
+19165273022
+19165348973
+19165355411
+19165384127
+19165412147
+19165452650
+19165468245
+19165508075
+19165548553
+19165618200
+19165728827
+19165747900
+19165757170
+19165792940
+19165796647
+19165800018
+19165857338
+19165878486
+19165884499
+19165889120
+19165889162
+19165889292
+19165898603
+19165969755
+19166032026
+19166049497
+19166090772
+19166234835
+19166341907
+19166341912
+19166341913
+19166368100
+19166379659
+19166610809
+19166616200
+19166651833
+19166654096
+19166689312
+19166806117
+19166806134
+19166806144
+19166927500
+19166941636
+19167131207
+19167401723
+19167410535
+19167410974
+19167426807
+19167430927
+19167442582
+19167442587
+19167442594
+19167442647
+19167442649
+19167442652
+19167515449
+19167563179
+19167563608
+19167588515
+19167588611
+19167588621
+19167588625
+19167588628
+19167588630
+19167588633
+19167588641
+19167588644
+19167588656
+19167588658
+19167588659
+19167588661
+19167588674
+19167588675
+19167588687
+19167651337
+19167780209
+19167785458
+19167785573
+19167941455
+19168215883
+19168238292
+19168271386
+19168278776
+19168298601
+19168305610
+19168317619
+19168407797
+19168486188
+19168649829
+19168661431
+19168722506
+19168731700
+19168783261
+19168801325
+19168888241
+19169054365
+19169077166
+19169258211
+19169295849
+19169637574
+19169645607
+19169707110
+19169750315
+19169841698
+19169851122
+19169882233
+19169991844
+19172009244
+19172009943
+19172017054
+19172017579
+19172047274
+19172085421
+19172096013
+19172252486
+19172258910
+19172312405
+19172346610
+19172372088
+19172392582
+19172421474
+19172560470
+19172590024
+19172593557
+19172675566
+19172677760
+19172677945
+19172678679
+19172689545
+19172826920
+19172828336
+19172829497
+19172849010
+19172849578
+19172849892
+19172849943
+19172975953
+19173100896
+19173101037
+19173101313
+19173103403
+19173103437
+19173174006
+19173192389
+19173269030
+19173289259
+19173360240
+19173361333
+19173365760
+19173366889
+19173368692
+19173412213
+19173412310
+19173412881
+19173416265
+19173417563
+19173418095
+19173468196
+19173470717
+19173656285
+19173701387
+19173744256
+19173766751
+19173824178
+19173827654
+19173829118
+19173873018
+19173873710
+19173873962
+19173874638
+19173910712
+19173910769
+19173910926
+19173915195
+19173915846
+19173915920
+19173920654
+19173980755
+19173985583
+19173989352
+19174071055
+19174079673
+19174104425
+19174233933
+19174234528
+19174389273
+19174445613
+19174477740
+19174478940
+19174600034
+19174600035
+19174600052
+19174601310
+19174601468
+19174602329
+19174602335
+19174609362
+19174733870
+19174733942
+19174742678
+19174750165
+19174750246
+19174750394
+19174752275
+19174773868
+19174777860
+19174778002
+19174778584
+19174803862
+19174928140
+19175036057
+19175048668
+19175077777
+19175149784
+19175208481
+19175228863
+19175228864
+19175234448
+19175241309
+19175251338
+19175347490
+19175401748
+19175438089
+19175450043
+19175451327
+19175625599
+19175634072
+19175636477
+19175769158
+19175804204
+19176277572
+19176282319
+19176337551
+19176364319
+19176520089
+19176753126
+19176753332
+19176755196
+19176755325
+19176799146
+19176884123
+19176884186
+19176919273
+19176942940
+19177017103
+19177027865
+19177027927
+19177027929
+19177043572
+19177047514
+19177085590
+19177148393
+19177170247
+19177175141
+19177203235
+19177227685
+19177227689
+19177249827
+19177252143
+19177252193
+19177254331
+19177321559
+19177321616
+19177324196
+19177324325
+19177444136
+19177468242
+19177557348
+19177647152
+19177647997
+19177651396
+19177657304
+19177657618
+19177692030
+19177733503
+19177750017
+19177750019
+19177750021
+19177750024
+19177750026
+19177750035
+19177750036
+19177804986
+19177810455
+19177810869
+19177896133
+19177898066
+19178023115
+19178092518
+19178094180
+19178137017
+19178141079
+19178141081
+19178228336
+19178256993
+19178267435
+19178304468
+19178478980
+19178479636
+19178537096
+19178542216
+19178628069
+19178628248
+19178642730
+19178648424
+19178649899
+19178733654
+19178777028
+19178932655
+19178933870
+19179001080
+19179001089
+19179089950
+19179129518
+19179214327
+19179303460
+19179320014
+19179320015
+19179320018
+19179320027
+19179320028
+19179320029
+19179320030
+19179320163
+19179338644
+19179343907
+19179620115
+19179663174
+19179709422
+19179728052
+19179772572
+19179795601
+19179796277
+19179796857
+19179836080
+19179936969
+19179946267
+19179970631
+19179976474
+19182008894
+19182010788
+19182030327
+19182035481
+19182093918
+19182284512
+19182329081
+19182449976
+19182489190
+19182497800
+19182582693
+19182604128
+19182663399
+19182741659
+19182758654
+19182828529
+19182880616
+19182911287
+19182911299
+19183197046
+19183234445
+19183587755
+19184124076
+19184160296
+19184162208
+19184163798
+19184201617
+19184261189
+19184422793
+19185054030
+19185084979
+19185181447
+19185265982
+19185326554
+19185423604
+19185424514
+19185425735
+19185425865
+19185426904
+19185427597
+19185427820
+19185428707
+19185429066
+19185429348
+19185464675
+19185500035
+19185525870
+19185528778
+19185705402
+19186001962
+19186090019
+19186159026
+19186211400
+19186261850
+19186406651
+19186407967
+19186755603
+19186918770
+19186954911
+19187246343
+19187351265
+19187919094
+19188109882
+19188127582
+19188197072
+19188197213
+19188198324
+19188203089
+19188203194
+19188432393
+19188565300
+19188606027
+19188770252
+19188790296
+19189019974
+19189231342
+19189309160
+19189317095
+19189350364
+19189350374
+19189618318
+19189732929
+19192053190
+19192179699
+19192230025
+19192294576
+19192307966
+19192319443
+19192380379
+19192489306
+19192490335
+19192490380
+19192496951
+19192582005
+19192582012
+19192582122
+19192582521
+19192582522
+19192607490
+19192616007
+19192620427
+19192660131
+19192673467
+19192751986
+19192755253
+19192787753
+19192898529
+19192959012
+19192965117
+19192968701
+19192972556
+19192991390
+19193005324
+19193077073
+19193085387
+19193149850
+19193220741
+19193240143
+19193240189
+19193240198
+19193240199
+19193283165
+19193343400
+19193354315
+19193356205
+19193358899
+19193360009
+19193360021
+19193399620
+19193463887
+19193553636
+19193643163
+19193644806
+19193648587
+19193684275
+19193712512
+19193751252
+19193787809
+19193917448
+19193917452
+19194047660
+19194087478
+19194149647
+19194218274
+19194241121
+19194244557
+19194247969
+19194361927
+19194394860
+19194396772
+19194399999
+19194476522
+19194592671
+19194670660
+19194746940
+19194917438
+19195141004
+19195293150
+19195379861
+19195392536
+19195395996
+19195420822
+19195513877
+19195515375
+19195618793
+19195825980
+19195856568
+19196044961
+19196089696
+19196093493
+19196278931
+19196293309
+19196298532
+19196298602
+19196298929
+19196358076
+19196422158
+19196469092
+19196482959
+19196498065
+19196590286
+19196650913
+19196663654
+19196663676
+19196700955
+19196795425
+19196799108
+19196926062
+19196926063
+19196926065
+19196944054
+19196946960
+19197010634
+19197013118
+19197015308
+19197027559
+19197061286
+19197257907
+19197415143
+19197432452
+19197508151
+19197691827
+19197812283
+19197815510
+19197849007
+19197859786
+19197872608
+19197889548
+19197908786
+19197948422
+19197972299
+19197995795
+19197995801
+19198108732
+19198132497
+19198136046
+19198232353
+19198542541
+19198554460
+19198564630
+19198572947
+19198793099
+19198872490
+19198916797
+19198926248
+19198999443
+19199014140
+19199044140
+19199254331
+19199266511
+19199297759
+19199584728
+19199875737
+19199957851
+19199992498
+19199998498
+19202041722
+19202123599
+19202217991
+19202217993
+19202345814
+19202387565
+19202455043
+19202497807
+19202524082
+19202571000
+19202573266
+19202657094
+19202664056
+19202823525
+19202824207
+19202934577
+19203127008
+19203184068
+19203192919
+19203201992
+19203228676
+19203295465
+19203385513
+19203474487
+19203484252
+19203653579
+19203657167
+19203884616
+19203923058
+19203979877
+19204786525
+19204858031
+19204869994
+19205329787
+19205354087
+19205354131
+19205354222
+19205417528
+19205597910
+19205693349
+19206456786
+19206585020
+19206711899
+19206913079
+19206941667
+19206965939
+19207222848
+19207484889
+19207508539
+19207646147
+19207840146
+19207840188
+19207850148
+19207856444
+19208211371
+19208434071
+19208887946
+19208918793
+19208934121
+19209127365
+19209310096
+19209448791
+19209496007
+19209856852
+19209891338
+19232004649
+19243725797
+19252009939
+19252022237
+19252040191
+19252042023
+19252063419
+19252080245
+19252092715
+19252092732
+19252177046
+19252212318
+19252212399
+19252234937
+19252302803
+19252313291
+19252318429
+19252373637
+19252397512
+19252398124
+19252414461
+19252458233
+19252548625
+19252557003
+19252557834
+19252712244
+19252717471
+19252720641
+19252785220
+19252814602
+19252933869
+19252982691
+19253026437
+19253092347
+19253164980
+19253185614
+19253194877
+19253225851
+19253261905
+19253266026
+19253267566
+19253316520
+19253380203
+19253505998
+19253592443
+19253599624
+19253682611
+19253781454
+19253782330
+19253782888
+19253783014
+19253842416
+19253926382
+19253981962
+19254031412
+19254031431
+19254031433
+19254031434
+19254031435
+19254031440
+19254031441
+19254031443
+19254031444
+19254031446
+19254031447
+19254031448
+19254031449
+19254056122
+19254118855
+19254211485
+19254316824
+19254320207
+19254398620
+19254398640
+19254398661
+19254398689
+19254398695
+19254398710
+19254398741
+19254398787
+19254398802
+19254448423
+19254463780
+19254513527
+19254550149
+19254605000
+19254927861
+19254947036
+19255030036
+19255030438
+19255230315
+19255230316
+19255230317
+19255296640
+19255298372
+19255298444
+19255360782
+19255424576
+19255665757
+19255741975
+19256054696
+19256278132
+19256550195
+19256591369
+19256645410
+19256720646
+19256829725
+19256928730
+19257058817
+19257114537
+19257324328
+19257329427
+19257369853
+19257509681
+19257573272
+19257845126
+19258087506
+19258151077
+19258441099
+19258441101
+19258441294
+19258464308
+19258499498
+19258901845
+19258917842
+19259062000
+19259326471
+19259495463
+19264238482
+19282023124
+19282123012
+19282123137
+19282123411
+19282123626
+19282124109
+19282124301
+19282188697
+19282203263
+19282204498
+19282206043
+19282208586
+19282225386
+19282234676
+19282235065
+19282239751
+19282243313
+19282270173
+19282292699
+19282336122
+19282337595
+19282337596
+19282337598
+19282337604
+19282337855
+19282337984
+19282337991
+19282338138
+19282338176
+19282369006
+19282374826
+19282392966
+19282394817
+19282405089
+19282543829
+19282571598
+19282638653
+19282641043
+19282641053
+19282641159
+19282670001
+19282681015
+19282728167
+19282970111
+19282973205
+19283022494
+19283069504
+19283231186
+19283250186
+19283250412
+19283406076
+19283430436
+19283624098
+19283639031
+19283640030
+19283662184
+19283734221
+19283755899
+19283795899
+19283886014
+19283993442
+19283993541
+19284149488
+19284210971
+19284394185
+19284402259
+19284448336
+19284448981
+19284668038
+19284715152
+19284820077
+19284820078
+19284820086
+19284825525
+19284828917
+19284829560
+19284920350
+19284930104
+19285260944
+19285271796
+19285385456
+19285581181
+19285826382
+19285834863
+19285839363
+19285893019
+19285971546
+19286125382
+19286133628
+19286273663
+19286355989
+19286384527
+19286937190
+19287060096
+19287077822
+19287354023
+19287567021
+19287568133
+19287653366
+19287727562
+19287772984
+19287859085
+19288300734
+19288460119
+19288461742
+19288513973
+19288556452
+19288567050
+19288589764
+19288632033
+19288633364
+19289236195
+19289639478
+19289788549
+19289797963
+19292001150
+19292028762
+19292028984
+19292039086
+19292089396
+19292133299
+19292133465
+19292141252
+19292141608
+19292141981
+19292165364
+19292230025
+19292235437
+19292235917
+19292240705
+19292241404
+19292241827
+19292245323
+19292258445
+19292261841
+19292266946
+19292276749
+19292276788
+19292321051
+19292322806
+19292322808
+19292327078
+19292381013
+19292381087
+19292389265
+19292394197
+19292394198
+19292394244
+19292394955
+19292421866
+19292421966
+19292435229
+19292443566
+19292444854
+19292516155
+19292518306
+19292518603
+19292540125
+19292551415
+19292595007
+19292595460
+19292596699
+19292598822
+19292598823
+19292655238
+19292655276
+19292656464
+19292664093
+19292680327
+19292680796
+19292680864
+19292681035
+19292681055
+19292681059
+19292681064
+19292681074
+19292681078
+19292681080
+19292681082
+19292681183
+19292681969
+19292746266
+19292762117
+19292817604
+19292840283
+19292840583
+19292850274
+19292863235
+19292900344
+19292900349
+19292921184
+19292949078
+19292970493
+19292987090
+19292991708
+19292997084
+19293101796
+19293109701
+19293123999
+19293183105
+19293221490
+19293322254
+19293322390
+19293322395
+19293322402
+19293334499
+19293357046
+19293357048
+19293357055
+19293381167
+19293391532
+19293523580
+19293537258
+19293537263
+19293730543
+19293784669
+19293831278
+19293835005
+19293891941
+19293961203
+19293972740
+19294020348
+19294153511
+19294180045
+19294181884
+19294211708
+19294325174
+19294447736
+19294593883
+19294749375
+19294775818
+19295061023
+19295068155
+19295248065
+19295526838
+19295526976
+19295535066
+19295535371
+19295623255
+19295754926
+19295796182
+19295889275
+19295931905
+19296050033
+19296082591
+19296097531
+19296097615
+19296141361
+19296150223
+19296150388
+19296421650
+19297232585
+19297232949
+19297359979
+19298002131
+19298002413
+19298002771
+19298002849
+19298004150
+19298004194
+19298004230
+19298004304
+19298004547
+19298415835
+19299001714
+19299770058
+19299991012
+19299991215
+19299994379
+19302011875
+19302012045
+19302012061
+19302012392
+19302012412
+19302012460
+19302012857
+19302140544
+19308548367
+19312028463
+19312086471
+19312100862
+19312182658
+19312230002
+19312230054
+19312365572
+19312404178
+19312480383
+19312480486
+19312482108
+19312531002
+19312637264
+19312641293
+19312796716
+19313224430
+19313307065
+19313379644
+19313429305
+19313891968
+19314992269
+19315384366
+19315725128
+19315726732
+19316031669
+19316031737
+19316393880
+19316399443
+19316928789
+19317284896
+19317298158
+19317830725
+19318076255
+19318078021
+19318232172
+19318425174
+19318425233
+19319648325
+19319674547
+19319945850
+19332007777
+19342028074
+19342261926
+19344002024
+19346672097
+19349499294
+19362069777
+19362069856
+19362133561
+19362204830
+19362266128
+19362401915
+19362422472
+19362513946
+19362536089
+19362548547
+19362568778
+19362625014
+19362625016
+19362625022
+19362770044
+19362770045
+19362780862
+19363334382
+19363334432
+19363674087
+19363674090
+19363674092
+19363674093
+19363674096
+19363678413
+19363986000
+19364196632
+19364652599
+19364838530
+19364958708
+19365081683
+19365081697
+19365081711
+19365562792
+19365688935
+19366154726
+19366472924
+19366668723
+19366797059
+19366898090
+19367554085
+19368737604
+19368972823
+19372003825
+19372092597
+19372092829
+19372400537
+19372470349
+19372474864
+19372496606
+19372499069
+19372501981
+19372847927
+19372966358
+19373019247
+19373107255
+19373148152
+19373154048
+19373174661
+19373495895
+19373531531
+19373652877
+19373674391
+19373781742
+19374124287
+19374242562
+19374314200
+19374539050
+19374585036
+19374669843
+19375109436
+19375187003
+19375187033
+19375187063
+19375342092
+19375342103
+19375342140
+19375395482
+19375415548
+19375435568
+19375544872
+19375581887
+19375587329
+19375654247
+19375734284
+19375828022
+19376221505
+19376304763
+19376374484
+19376374544
+19376393006
+19376429000
+19376604186
+19376679438
+19376848267
+19377048855
+19377098628
+19377194151
+19377338008
+19377396765
+19377464316
+19377798075
+19377965563
+19378003696
+19378151090
+19378259455
+19378486170
+19378541964
+19378764029
+19378883868
+19378891738
+19379567166
+19379720045
+19379725970
+19379746075
+19379980882
+19379983082
+19382000075
+19382385254
+19382385995
+19382385996
+19387863031
+19388996146
+19388996823
+19398456005
+19402022102
+19402022203
+19402024758
+19402054371
+19402054499
+19402054531
+19402054535
+19402054551
+19402090983
+19402090985
+19402172015
+19402176505
+19402189100
+19402338977
+19402360471
+19402414112
+19402419071
+19402419076
+19402424514
+19402511919
+19402781910
+19402879528
+19402923583
+19402947158
+19403010692
+19403013548
+19403040003
+19403046290
+19403158047
+19403158048
+19403158050
+19403158074
+19403240576
+19403244025
+19403294580
+19403456885
+19403996795
+19404001260
+19404002800
+19404271017
+19404271020
+19404412264
+19404416080
+19404488262
+19404617965
+19404687241
+19404889138
+19404891274
+19404891384
+19405034380
+19405321040
+19405394250
+19405949906
+19405979348
+19406547859
+19407047601
+19407302929
+19407336779
+19407454872
+19407845141
+19408592003
+19409024529
+19412001999
+19412022185
+19412035908
+19412050804
+19412088673
+19412095430
+19412127364
+19412133237
+19412182345
+19412194062
+19412201139
+19412231157
+19412258971
+19412298476
+19412322346
+19412349283
+19412349284
+19412370914
+19412409062
+19412482489
+19412493407
+19412510824
+19412518053
+19412518161
+19412518162
+19412518163
+19412518194
+19412518199
+19412634818
+19412758157
+19412863917
+19412893404
+19413128878
+19413159365
+19413435836
+19413435837
+19413435842
+19413435846
+19413584600
+19413660755
+19413715692
+19413791954
+19414041087
+19414489674
+19414515619
+19414624844
+19414624858
+19415319024
+19415386065
+19415482420
+19415489752
+19416139057
+19416212438
+19416841652
+19417020570
+19417376351
+19417377207
+19417591133
+19417709972
+19417767917
+19418037072
+19418098744
+19418405230
+19418459112
+19418459115
+19418459119
+19418459542
+19418556277
+19418775770
+19418933771
+19419000803
+19419154257
+19419164623
+19419235822
+19419556300
+19419625495
+19432000875
+19446470998
+19446959337
+19452185392
+19452527556
+19453484266
+19472045310
+19472077225
+19472528684
+19472825850
+19472827985
+19473339083
+19473339321
+19475170326
+19476667318
+19476668604
+19478880908
+19478885080
+19482430064
+19492003125
+19492008277
+19492011229
+19492011319
+19492012273
+19492012330
+19492012415
+19492012489
+19492012491
+19492021495
+19492032374
+19492032494
+19492032791
+19492033104
+19492033106
+19492033352
+19492033628
+19492043110
+19492043113
+19492043122
+19492045102
+19492057336
+19492071054
+19492077085
+19492094110
+19492094359
+19492095009
+19492095036
+19492095222
+19492095259
+19492109863
+19492166219
+19492167771
+19492266973
+19492294221
+19492294222
+19492294223
+19492294441
+19492294468
+19492294522
+19492294597
+19492294652
+19492294654
+19492345678
+19492347805
+19492377359
+19492387112
+19492391367
+19492397422
+19492437666
+19492450000
+19492450383
+19492450443
+19492451609
+19492456449
+19492472254
+19492472338
+19492472522
+19492478684
+19492551500
+19492565285
+19492566278
+19492596088
+19492660152
+19492661760
+19492666282
+19492697005
+19492697235
+19492698192
+19492724188
+19492729292
+19492729350
+19492730169
+19492736858
+19492747801
+19492811798
+19492812408
+19492812558
+19492814912
+19492817233
+19492840018
+19492841965
+19492844864
+19492848076
+19492863973
+19492874311
+19492874579
+19492880745
+19492885752
+19492885753
+19492983998
+19492986554
+19492987066
+19492987523
+19492990988
+19492994033
+19493037086
+19493078221
+19493124716
+19493125813
+19493134441
+19493157132
+19493163530
+19493237710
+19493256426
+19493259077
+19493262428
+19493262429
+19493267161
+19493287902
+19493295624
+19493298853
+19493321026
+19493321106
+19493321108
+19493343198
+19493357148
+19493357385
+19493357682
+19493383842
+19493414637
+19493427017
+19493451269
+19493461223
+19493469797
+19493544929
+19493560492
+19493592305
+19493596855
+19493596861
+19493597369
+19493598838
+19493654020
+19493654600
+19493718034
+19493741635
+19493835072
+19493840255
+19493850753
+19493911568
+19493919536
+19493926228
+19493960910
+19493962001
+19494012842
+19494016268
+19494016620
+19494017762
+19494078496
+19494080890
+19494083037
+19494090220
+19494103467
+19494165197
+19494165201
+19494267099
+19494279030
+19494300088
+19494387816
+19494388710
+19494401374
+19494410895
+19494442107
+19494459145
+19494475191
+19494475366
+19494475395
+19494475846
+19494475868
+19494475906
+19494568315
+19494630807
+19494639763
+19494644636
+19494645479
+19494680018
+19494683980
+19494741032
+19494783944
+19494786817
+19494821724
+19494847549
+19494884713
+19494915903
+19494933936
+19495030018
+19495065783
+19495065913
+19495148164
+19495160145
+19495166958
+19495180333
+19495181696
+19495192967
+19495194990
+19495208064
+19495211111
+19495228392
+19495276010
+19495276623
+19495316650
+19495316812
+19495346803
+19495354256
+19495354334
+19495354484
+19495354989
+19495368498
+19495426394
+19495451144
+19495650493
+19495678650
+19495696626
+19495763403
+19495858878
+19495909689
+19495909740
+19495918607
+19495918920
+19495933066
+19495967486
+19495967920
+19495971000
+19496030290
+19496033504
+19496033560
+19496033580
+19496033846
+19496033852
+19496142188
+19496171489
+19496206815
+19496299717
+19496396641
+19496496369
+19496528759
+19496562863
+19496563545
+19496623210
+19496667208
+19496678783
+19496680070
+19496681644
+19496698987
+19496761832
+19496816782
+19496818171
+19496819785
+19496862967
+19496863008
+19496887414
+19496887772
+19496944282
+19496984854
+19496986008
+19497054695
+19497072070
+19497266039
+19497321554
+19497326161
+19497326162
+19497347046
+19497365811
+19497511089
+19497514598
+19497654600
+19497772290
+19497776616
+19497834700
+19497840337
+19497875311
+19498502058
+19498526352
+19498601208
+19498601246
+19498677810
+19498689594
+19498739352
+19498800156
+19498891323
+19498893289
+19498916371
+19498983245
+19499000700
+19499168214
+19499332122
+19499421019
+19499452138
+19499459311
+19499895905
+19499941001
+19508523124
+19512005924
+19512051684
+19512086877
+19512087997
+19512213916
+19512242119
+19512264785
+19512287984
+19512339691
+19512408313
+19512463370
+19512493043
+19512520377
+19512564146
+19512565386
+19512602205
+19512628117
+19512629026
+19512629060
+19512660144
+19512660156
+19512665956
+19512676947
+19512689674
+19512726648
+19512770042
+19512776970
+19512802159
+19512866761
+19512890599
+19512897353
+19512918754
+19512927724
+19512989975
+19513038572
+19513078973
+19513193289
+19513193626
+19513193628
+19513197690
+19513197722
+19513245077
+19513262400
+19513317217
+19513393590
+19513399854
+19513447203
+19513456591
+19513456789
+19513464568
+19513464875
+19513484205
+19513501739
+19513549740
+19513550101
+19513630163
+19513630356
+19513630449
+19513635278
+19513661251
+19513664463
+19513669834
+19513795056
+19513795072
+19513795083
+19513795115
+19513812785
+19513813107
+19513813251
+19513813531
+19513820679
+19513836690
+19513866022
+19513876298
+19513907500
+19513941157
+19513941160
+19513941161
+19513941163
+19513941164
+19513941165
+19513942097
+19513963991
+19513967185
+19513983048
+19514028404
+19514206242
+19514223894
+19514255563
+19514291306
+19514293602
+19514338448
+19514395229
+19514397002
+19514435575
+19514500892
+19514732795
+19514745852
+19514888703
+19514891071
+19514906935
+19514918810
+19515148862
+19515375926
+19515434557
+19515527701
+19515527703
+19515527705
+19515931116
+19516090198
+19516098741
+19516438812
+19516438813
+19516438817
+19516441254
+19516512381
+19516953372
+19516967227
+19517074216
+19517074506
+19517198700
+19517294347
+19517329430
+19517381479
+19517652322
+19517806342
+19517903552
+19517971287
+19517971498
+19518002158
+19518086091
+19518090085
+19518160827
+19518175231
+19518241272
+19518241321
+19518246504
+19518247073
+19518423086
+19518467204
+19518484349
+19519004300
+19519340536
+19519442481
+19519684641
+19522049047
+19522067578
+19522131406
+19522131455
+19522227533
+19522291460
+19522325970
+19522364900
+19522366184
+19522601599
+19522602748
+19522603060
+19522606451
+19522907860
+19522954887
+19523147485
+19523171848
+19523334126
+19523615702
+19523738361
+19523738989
+19523953746
+19524676092
+19524676390
+19524864861
+19524914438
+19525294664
+19525527703
+19525637130
+19525836780
+19526560140
+19526798647
+19526983186
+19527771664
+19527777186
+19528001101
+19528007825
+19528552900
+19528810163
+19528814020
+19529006403
+19529385426
+19529559146
+19529559747
+19529918750
+19537860786
+19542040610
+19542040916
+19542040950
+19542054152
+19542104109
+19542104773
+19542106078
+19542109531
+19542109536
+19542130246
+19542136033
+19542136734
+19542281518
+19542282285
+19542286008
+19542287543
+19542287673
+19542342448
+19542342726
+19542342805
+19542342904
+19542342922
+19542350967
+19542366083
+19542378081
+19542392176
+19542450322
+19542481219
+19542481253
+19542481277
+19542481431
+19542481664
+19542482529
+19542483329
+19542527556
+19542561392
+19542568389
+19542645071
+19542716726
+19542718700
+19542728023
+19542783116
+19542783311
+19542783860
+19542788410
+19542788492
+19542789115
+19542791024
+19542813323
+19542832636
+19542894596
+19542898681
+19542909062
+19542926376
+19542990049
+19543023069
+19543027738
+19543027814
+19543040009
+19543042719
+19543069602
+19543069641
+19543140405
+19543148332
+19543148967
+19543171738
+19543171847
+19543185584
+19543192869
+19543232291
+19543232327
+19543232539
+19543232890
+19543234699
+19543248800
+19543259529
+19543291879
+19543314501
+19543367954
+19543431230
+19543436558
+19543533944
+19543562908
+19543584848
+19543584855
+19543584856
+19543584862
+19543585566
+19543613005
+19543617742
+19543618098
+19543619262
+19543629695
+19543641830
+19543690540
+19543690769
+19543694797
+19543723324
+19543752536
+19543767850
+19543786463
+19543817717
+19543882250
+19543883060
+19543981850
+19543981855
+19544005654
+19544056877
+19544056914
+19544057002
+19544057006
+19544057007
+19544057009
+19544057178
+19544057185
+19544057187
+19544160243
+19544178715
+19544234128
+19544256157
+19544295750
+19544330298
+19544395786
+19544407820
+19544420226
+19544428538
+19544496358
+19544511010
+19544556060
+19544578282
+19544648675
+19544653650
+19544700024
+19544711239
+19544740462
+19544882342
+19544893944
+19544931918
+19544950297
+19544955976
+19544958398
+19545052978
+19545073531
+19545074115
+19545075081
+19545075096
+19545075951
+19545075956
+19545075965
+19545098456
+19545125000
+19545144373
+19545160454
+19545166813
+19545184335
+19545192519
+19545207231
+19545224835
+19545261159
+19545328369
+19545349066
+19545413306
+19545435732
+19545530206
+19545561700
+19545638884
+19545642488
+19545753700
+19545835580
+19545876813
+19546012600
+19546032986
+19546037299
+19546065302
+19546065303
+19546069402
+19546106552
+19546106565
+19546130299
+19546213812
+19546235600
+19546236595
+19546248593
+19546363242
+19546378190
+19546427575
+19546444806
+19546457460
+19546475258
+19546506604
+19546531428
+19546578545
+19546602049
+19546691991
+19546735244
+19546761502
+19546781072
+19546806872
+19546821153
+19546861834
+19546863833
+19546920421
+19547034578
+19547036309
+19547074735
+19547139387
+19547152722
+19547157517
+19547168727
+19547195381
+19547303407
+19547340546
+19547348506
+19547364713
+19547364939
+19547412566
+19547450251
+19547514718
+19547514940
+19547530492
+19547554328
+19547691970
+19547701565
+19547739553
+19547749009
+19547796489
+19547894542
+19547896047
+19547897993
+19547947068
+19547947069
+19547947072
+19547947073
+19547947079
+19547947086
+19548004327
+19548004632
+19548006022
+19548055013
+19548079971
+19548091150
+19548122439
+19548122460
+19548123638
+19548153439
+19548159929
+19548183149
+19548185637
+19548262030
+19548262894
+19548268599
+19548268856
+19548372600
+19548378785
+19548403891
+19548405459
+19548585224
+19548585353
+19548585445
+19548585994
+19548588259
+19548591511
+19548628870
+19548662850
+19548664682
+19548668395
+19548704200
+19548705606
+19548748121
+19548760364
+19548926644
+19548926646
+19549008007
+19549031977
+19549039967
+19549061445
+19549061661
+19549083858
+19549191945
+19549212444
+19549314769
+19549334511
+19549380303
+19549471556
+19549496833
+19549510131
+19549513909
+19549514264
+19549514705
+19549563358
+19549603001
+19549665140
+19549826599
+19549900626
+19549900749
+19562002572
+19562229036
+19562270422
+19562474972
+19562486198
+19562492173
+19562531278
+19562797836
+19562891827
+19562908491
+19563047264
+19563074388
+19563325864
+19563379272
+19563410210
+19563410583
+19563772805
+19563796498
+19563941024
+19564040310
+19564100641
+19564101943
+19564138067
+19564332713
+19564343380
+19564412897
+19564605604
+19564681045
+19564772168
+19564791699
+19565163884
+19565920672
+19566087780
+19566087783
+19566825540
+19567179936
+19567423920
+19567937501
+19568219212
+19569489085
+19569756260
+19592067175
+19592075529
+19592103792
+19592278221
+19592517558
+19592556983
+19593241876
+19595185584
+19615361442
+19623797072
+19632556446
+19674909898
+19702080460
+19702211364
+19702235745
+19702243002
+19702255938
+19702303554
+19702305350
+19702330131
+19702330138
+19702339231
+19702339437
+19702355552
+19702355557
+19702355558
+19702355562
+19702361007
+19702362177
+19702362178
+19702362179
+19702362181
+19702362207
+19702362285
+19702368415
+19702369186
+19702369187
+19702375286
+19702389928
+19702432799
+19702510444
+19702511023
+19702517128
+19702519709
+19702591302
+19702648968
+19702797005
+19702797747
+19702798585
+19702818750
+19702818791
+19702818793
+19702828585
+19702871509
+19702871984
+19702891513
+19702891554
+19702892733
+19702894043
+19702894980
+19702894982
+19702894985
+19702894986
+19702896250
+19702930680
+19702933146
+19702933238
+19702934592
+19702934763
+19702937875
+19703001047
+19703001506
+19703134235
+19703151172
+19703151190
+19703151311
+19703151316
+19703151322
+19703151324
+19703151326
+19703151327
+19703152213
+19703154650
+19703237652
+19703237653
+19703256264
+19703258005
+19703293074
+19703297958
+19703403143
+19703418488
+19703432440
+19703435822
+19703440400
+19703453351
+19703453780
+19703458261
+19703603474
+19703603517
+19703632110
+19703633153
+19703635785
+19703648403
+19703664100
+19703685208
+19703796285
+19703826935
+19703983088
+19703991382
+19703991618
+19704011880
+19704044496
+19704093330
+19704102613
+19704158221
+19704233054
+19704233088
+19704239075
+19704239585
+19704260927
+19704279470
+19704321255
+19704337875
+19704381225
+19704392462
+19704415206
+19704417755
+19704417976
+19704425764
+19704442315
+19704444090
+19704455724
+19704490949
+19704510302
+19704578506
+19704592201
+19704606890
+19704633072
+19704641852
+19704693972
+19704993686
+19705000343
+19705092808
+19705141007
+19705141104
+19705143011
+19705143036
+19705143306
+19705147050
+19705147149
+19705169021
+19705169023
+19705198948
+19705360304
+19705362187
+19705417405
+19705525165
+19705579607
+19705651722
+19705791207
+19705982221
+19705982346
+19706142069
+19706154112
+19706171941
+19706248875
+19706383254
+19706394404
+19706448295
+19706501483
+19706605323
+19706663159
+19706704140
+19706706187
+19706706322
+19706723576
+19706804203
+19706853903
+19706855067
+19706876647
+19706951000
+19706988733
+19707038080
+19707075751
+19707106402
+19707106977
+19707106995
+19707180166
+19707252123
+19707435528
+19707606588
+19707606626
+19707717037
+19707786542
+19707953021
+19708086099
+19708122664
+19708153717
+19708153719
+19708153988
+19708153998
+19708294057
+19708402129
+19708403037
+19708409037
+19708638093
+19708677554
+19709238450
+19709303093
+19709308411
+19709440423
+19709442315
+19709631825
+19712024260
+19712048754
+19712063192
+19712063292
+19712179927
+19712201894
+19712201946
+19712201962
+19712212164
+19712298753
+19712298754
+19712298755
+19712298761
+19712300795
+19712313509
+19712328483
+19712387434
+19712387461
+19712391892
+19712404162
+19712477036
+19712542438
+19712560732
+19712565565
+19712569086
+19712569575
+19712578517
+19712578735
+19712590024
+19712751300
+19712876559
+19712891966
+19713077437
+19713174003
+19713174040
+19713208025
+19713510124
+19713519047
+19713565998
+19713571017
+19713718480
+19713775571
+19713860293
+19714056365
+19714152438
+19714153245
+19714153249
+19715337958
+19716014985
+19717031220
+19717040694
+19717173458
+19717270549
+19717722968
+19717779204
+19718034475
+19718035764
+19718379157
+19718647013
+19718647043
+19718647062
+19718647186
+19718647898
+19719401260
+19719988183
+19722003516
+19722009977
+19722029682
+19722036024
+19722129393
+19722129400
+19722130148
+19722174426
+19722174427
+19722174428
+19722174429
+19722178987
+19722208949
+19722209249
+19722220000
+19722327109
+19722329749
+19722329880
+19722329978
+19722331131
+19722363152
+19722363491
+19722385037
+19722455777
+19722456794
+19722523078
+19722532105
+19722533401
+19722555653
+19722731010
+19722795700
+19722807286
+19722840600
+19722943208
+19722959382
+19722959432
+19722964031
+19723012381
+19723013798
+19723077381
+19723187850
+19723325705
+19723423832
+19723478018
+19723478047
+19723478065
+19723478228
+19723573068
+19723628764
+19723667586
+19723670173
+19723691806
+19723705020
+19723705238
+19723721723
+19723724723
+19723785657
+19723827551
+19723829090
+19723829940
+19723842582
+19723917144
+19723947200
+19723962547
+19724177946
+19724243546
+19724267198
+19724267308
+19724274049
+19724285200
+19724287048
+19724301398
+19724327860
+19724339712
+19724410548
+19724410549
+19724415749
+19724490594
+19724531301
+19724539831
+19724641936
+19724642000
+19724671886
+19724733558
+19724738742
+19724743259
+19724764524
+19724768208
+19724781721
+19724795221
+19724825200
+19724832318
+19724869672
+19724923122
+19724971400
+19724972629
+19724981996
+19725029626
+19725032746
+19725122458
+19725123472
+19725123473
+19725125500
+19725216789
+19725257049
+19725285172
+19725287706
+19725325714
+19725373109
+19725467558
+19725475572
+19725590142
+19725595000
+19725628899
+19725810212
+19725877110
+19725877429
+19725918170
+19725918196
+19725918809
+19725972755
+19725972774
+19725972794
+19725989012
+19726079437
+19726346313
+19726354397
+19726378783
+19726385847
+19726403617
+19726466063
+19726555605
+19726560522
+19726656227
+19726663291
+19726668332
+19726668436
+19726845188
+19726944940
+19726980681
+19727098038
+19727241081
+19727341111
+19727370995
+19727376773
+19727378059
+19727378145
+19727378708
+19727428956
+19727462786
+19727527046
+19727528036
+19727579062
+19727639923
+19727745570
+19727745606
+19727775954
+19727790451
+19727938661
+19728012521
+19728101721
+19728101958
+19728105997
+19728107021
+19728131100
+19728192043
+19728258963
+19728258969
+19728258970
+19728258976
+19728276268
+19728336916
+19728416793
+19728454300
+19728455378
+19728481110
+19728482894
+19728486702
+19728524794
+19728536655
+19728610398
+19728658852
+19728770818
+19728774671
+19728829540
+19728829541
+19728829547
+19728829548
+19728846182
+19729085910
+19729209003
+19729209004
+19729245551
+19729246787
+19729447166
+19729542223
+19729542269
+19729610881
+19729614040
+19729635408
+19729688597
+19729706560
+19729727949
+19729946717
+19729960615
+19729962083
+19732003724
+19732004649
+19732004689
+19732006495
+19732211011
+19732211123
+19732211131
+19732226103
+19732306030
+19732336195
+19732411211
+19732411397
+19732411660
+19732413084
+19732414133
+19732502512
+19732561200
+19732732148
+19732874023
+19732889243
+19732889249
+19732889250
+19732889251
+19732911001
+19732991388
+19733079198
+19733158783
+19733213887
+19733270123
+19733334331
+19733392800
+19733582007
+19733595988
+19733595990
+19733617808
+19733810382
+19733849220
+19733851539
+19733851541
+19733851546
+19733851550
+19733851554
+19734047974
+19734047975
+19734057654
+19734152711
+19734307000
+19734350472
+19734351950
+19734352650
+19734749409
+19734755305
+19734781479
+19734781732
+19734798765
+19734881685
+19735002393
+19735127347
+19735288225
+19735288252
+19735326279
+19735371598
+19735522485
+19735645813
+19735828018
+19735946821
+19736453730
+19736575158
+19736587425
+19736587438
+19736589521
+19736589571
+19736612272
+19736612922
+19736624154
+19736718374
+19736797143
+19736928953
+19737059171
+19737184774
+19737213504
+19737219318
+19737324098
+19737324101
+19737481997
+19737509291
+19737552737
+19737555185
+19737555199
+19737556892
+19737557452
+19737694315
+19737715612
+19737759305
+19737853000
+19737854710
+19737861521
+19737863838
+19737962065
+19737962481
+19738034495
+19738137212
+19738159917
+19738210128
+19738288472
+19738342002
+19738412991
+19738412993
+19738412995
+19738422610
+19738424444
+19738470141
+19738524473
+19738700787
+19738775765
+19738815755
+19738913470
+19738983722
+19739098394
+19739151455
+19739151545
+19739153190
+19739154155
+19739287436
+19739293290
+19739336205
+19739353003
+19739369865
+19752205272
+19752245898
+19759642811
+19759642877
+19772901033
+19782035745
+19782094219
+19782125493
+19782164191
+19782187045
+19782188544
+19782196301
+19782261376
+19782283814
+19782308645
+19782333004
+19782333024
+19782344061
+19782346855
+19782379508
+19782419566
+19782520016
+19782521177
+19782521724
+19782534077
+19782584057
+19782586768
+19782589488
+19782610118
+19782610274
+19782610592
+19782610986
+19782610991
+19782632236
+19782632545
+19782632890
+19782635288
+19782635383
+19782635720
+19782635732
+19782636360
+19782637350
+19782637890
+19782638890
+19782639507
+19782654231
+19782676274
+19782723738
+19782727173
+19782737974
+19782759950
+19782841495
+19782841906
+19783005897
+19783217003
+19783475314
+19783479620
+19783520980
+19783672725
+19783673637
+19783780066
+19783938954
+19784014360
+19784159013
+19784162399
+19784445700
+19784510478
+19784556825
+19784716020
+19784900901
+19785042598
+19785150013
+19785224220
+19785224228
+19785224269
+19785224321
+19785258148
+19785258241
+19785258274
+19785258318
+19785283875
+19785333037
+19785333318
+19785333439
+19785333451
+19785333471
+19785484066
+19785526118
+19785526188
+19785526198
+19785526250
+19785686027
+19785702336
+19785747082
+19785756067
+19785758584
+19785781823
+19785983209
+19786001292
+19786001296
+19786220589
+19786264028
+19786267033
+19786275758
+19786301073
+19786313158
+19786314774
+19786343053
+19786448083
+19786452893
+19786638245
+19786723873
+19787039095
+19787220402
+19787377213
+19787441182
+19787691153
+19787691293
+19787693011
+19787706999
+19787731395
+19787752301
+19787756226
+19787756227
+19787756258
+19787756393
+19787757525
+19787830205
+19787830250
+19787830644
+19787830696
+19787830739
+19788003002
+19788010018
+19788023052
+19788027465
+19788027473
+19788071536
+19788485001
+19788568289
+19788595233
+19788675492
+19788677856
+19788723223
+19788723406
+19788810962
+19788810963
+19788810965
+19788810968
+19788810972
+19788810974
+19788810976
+19788935017
+19789039450
+19789132061
+19789336200
+19789336643
+19789573893
+19789574464
+19789654699
+19789694176
+19789698779
+19789700077
+19789712164
+19789716801
+19789718689
+19789921074
+19789994753
+19789995702
+19792014496
+19792024746
+19792032988
+19792123070
+19792128281
+19792171008
+19792171057
+19792297890
+19792322270
+19792452079
+19792706577
+19792859913
+19792896574
+19792910638
+19793079490
+19793082319
+19793166020
+19793166027
+19793166059
+19793186665
+19793206007
+19793206371
+19793206945
+19793209017
+19793301061
+19793307789
+19793334234
+19793359021
+19793395229
+19793502349
+19793566803
+19793568521
+19793640153
+19793783094
+19794134009
+19794153009
+19794227119
+19794292503
+19794815139
+19795327747
+19795438613
+19795593076
+19795894070
+19795960530
+19796395777
+19796587071
+19796610541
+19796617724
+19796853530
+19796853533
+19796968159
+19797030779
+19797163252
+19797300040
+19797300097
+19797741265
+19797793091
+19798234079
+19798367890
+19798594195
+19798716518
+19798885011
+19798889088
+19799210968
+19799874098
+19799874540
+19799976978
+19799991094
+19802060497
+19802061094
+19802061240
+19802066424
+19802154476
+19802171539
+19802177782
+19802200617
+19802209909
+19802209915
+19802229277
+19802246204
+19802246378
+19802246468
+19802270506
+19802273574
+19802329942
+19802423206
+19802423698
+19802425514
+19802471492
+19802563066
+19802563622
+19802563825
+19802650395
+19802655660
+19802658868
+19802658869
+19802659987
+19802659988
+19802659989
+19802680606
+19802723792
+19802779270
+19802886927
+19802949400
+19803100659
+19803238656
+19803350176
+19803372412
+19803372453
+19803372462
+19803372480
+19803372488
+19804670357
+19805537017
+19806134480
+19806774642
+19806774652
+19806896363
+19807058745
+19807343721
+19807371910
+19807661699
+19808189514
+19808580102
+19808599524
+19809390955
+19809391571
+19809398005
+19809496535
+19809814850
+19809876567
+19819460781
+19833733633
+19836301716
+19842061503
+19842083856
+19842219946
+19842298531
+19842414505
+19842416165
+19842419046
+19842445428
+19842502996
+19842533655
+19842540414
+19842550056
+19842550883
+19842551911
+19842684292
+19842970665
+19842970875
+19842991745
+19843055062
+19843298085
+19843550875
+19843550991
+19843778525
+19844651008
+19845288099
+19845842005
+19846643933
+19846644923
+19847105480
+19847112200
+19847460579
+19847774248
+19848751452
+19849999240
+19852003858
+19852014467
+19852028402
+19852029744
+19852140714
+19852144567
+19852171563
+19852222287
+19852311009
+19852359243
+19852413042
+19852470320
+19852690156
+19852736175
+19852843239
+19852948811
+19853143154
+19853143264
+19853143899
+19853175614
+19853175625
+19853650404
+19853659852
+19853659854
+19853659862
+19853659870
+19853861488
+19854003262
+19854124474
+19854190091
+19854577399
+19854640080
+19854696916
+19855003394
+19855379687
+19856060307
+19856254348
+19856254516
+19856354267
+19856623361
+19857358004
+19857742991
+19857780650
+19857962169
+19858039309
+19862000790
+19862000958
+19862270916
+19863758759
+19864971746
+19865412300
+19866712479
+19873214560
+19875643231
+19876123450
+19876543210
+19876543211
+19878675654
+19878675678
+19892004227
+19892021063
+19892147368
+19892176693
+19892203339
+19892203723
+19892203853
+19892206868
+19892440623
+19892449050
+19892563868
+19892568058
+19892568070
+19892591243
+19892595041
+19892596127
+19892600983
+19892601051
+19892669220
+19892669221
+19892782669
+19892827022
+19892897438
+19893125085
+19893172388
+19893212016
+19893212857
+19893298022
+19893432000
+19893436725
+19893660199
+19893729176
+19893941064
+19893943098
+19893975056
+19894267384
+19894352363
+19894636938
+19894884484
+19894962385
+19895102677
+19895205366
+19895290872
+19895648569
+19895750101
+19895750102
+19895750109
+19895750110
+19895786530
+19896075889
+19896201023
+19896236250
+19896332880
+19896416022
+19896416051
+19896416052
+19896416089
+19896582221
+19896832639
+19897177804
+19897178147
+19897178615
+19897178839
+19897274412
+19897280130
+19897385589
+19897521772
+19897538575
+19897542307
+19897542370
+19897771568
+19897772429
+19897773880
+19897920535
+19897929494
+19897964646
+19898328978
+19898727227
+19898734437
+19898929649
+19898934949
+19899347003
+19899715933
+19899990003
+19955944088
+19969032154
+19999100238
+19999999999
+525511638689
+573180492646
+917003869903
